-- Supabase Migration: Testovací data (Seed data - 20 domácností)
-- Cesta: moje_doprovazeni_com/supabase/migrations/20260617000100_seed_data.sql

TRUNCATE public.person_physiological_metrics, public.person_documents, public.person_education, public.person_addresses, public.events, public.persons, public.households, public.profiles, public.branches, public.organizations CASCADE;

-- ==========================================
-- 1. ZALOŽENÍ TESTOVACÍ ORGANIZACE A POBOČKY
-- ==========================================

INSERT INTO public.organizations (id, name, slug, primary_color, secondary_color, subscription_tier) VALUES ('a0e0a0e0-a0e0-a0e0-a0e0-a0e0a0e0a0e0', 'Doprovázení s.r.o.', 'doprovazeni', '#6366f1', '#0f172a', 'pro');
INSERT INTO public.branches (id, organization_id, name, address) VALUES ('b0b0b0b0-b0b0-b0b0-b0b0-b0b0b0b0b0b0', 'a0e0a0e0-a0e0-a0e0-a0e0-a0e0a0e0a0e0', 'Pobočka Brno-město', 'Údolní 250/5, 602 00 Brno');

-- ==========================================
-- 2. ZALOŽENÍ UŽIVATELSKÝCH PROFILŮ
-- ==========================================

INSERT INTO public.profiles (id, organization_id, branch_id, email, first_name, last_name, role, is_active) VALUES ('f1520cd2-38d3-49fc-a40b-e6c4524983c8', 'a0e0a0e0-a0e0-a0e0-a0e0-a0e0a0e0a0e0', 'b0b0b0b0-b0b0-b0b0-b0b0-b0b0b0b0b0b0', 'petr.homolka@gmail.com', 'Petr', 'Homolka', 'superadmin', true);
INSERT INTO public.profiles (id, organization_id, branch_id, email, first_name, last_name, role, is_active) VALUES ('aecbcd51-1ae6-48b3-b641-a5c639b46fe6', 'a0e0a0e0-a0e0-a0e0-a0e0-a0e0a0e0a0e0', 'b0b0b0b0-b0b0-b0b0-b0b0-b0b0b0b0b0b0', 'test@doprovazeni.com', 'Test', 'Pracovník', 'worker', true);

-- ==========================================
-- 3. ZALOŽENÍ DOMÁCNOSTÍ A OSOB (40 rodin)
-- ==========================================

-- Domácnost 1: Jan Novák (FF-604-PPG)
INSERT INTO public.households (id, organization_id, branch_id, assigned_ko_id, foster_id, status, notes) VALUES ('11111111-1111-1111-1111-000000000000', 'a0e0a0e0-a0e0-a0e0-a0e0-a0e0a0e0a0e0', 'b0b0b0b0-b0b0-b0b0-b0b0-b0b0b0b0b0b0', 'aecbcd51-1ae6-48b3-b641-a5c639b46fe6', 'FF-604-PPG', 'active', 'Pěstounská rodina: Jan Novák. Doprovází Anna Málková.');
INSERT INTO public.persons (id, organization_id, household_id, role, first_name, last_name, birth_date, custom_fields, is_active) VALUES ('22222222-2222-2222-2222-000000000000', 'a0e0a0e0-a0e0-a0e0-a0e0-a0e0a0e0a0e0', '11111111-1111-1111-1111-000000000000', 'foster_parent', 'Jan', 'Novák', '1972-11-13', '{"profession":"Účetní","foster_care_type":"A","avatar_url":"https://images.unsplash.com/photo-1506794778202-cad84cf45f1d?w=150"}'::jsonb, true);
INSERT INTO public.person_addresses (id, person_id, type, street, city, zip, from_date) VALUES ('33333333-3333-3333-3333-000000000000', '22222222-2222-2222-2222-000000000000', 'actual', 'Konečného náměstí 4', 'Brno', '302 80', '2020-01-01');
INSERT INTO public.persons (id, organization_id, household_id, role, first_name, last_name, birth_date, custom_fields, gdpr_consent_signed, safety_rating, is_active) VALUES ('44444444-4444-4444-0000-000000000000', 'a0e0a0e0-a0e0-a0e0-a0e0-a0e0a0e0a0e0', '11111111-1111-1111-1111-000000000000', 'child', 'David', 'Horák', '2019-07-23', '{"foster_care_type":"A","avatar_url":"https://images.unsplash.com/photo-1519085360753-af0119f7cbe7?w=150","hobby":"Plavání","school":"ZŠ Merhautova Brno"}'::jsonb, true, 'A', true);
INSERT INTO public.persons (id, organization_id, household_id, role, first_name, last_name, birth_date, custom_fields, gdpr_consent_signed, safety_rating, is_active) VALUES ('44444444-4444-4444-0000-000000000001', 'a0e0a0e0-a0e0-a0e0-a0e0-a0e0a0e0a0e0', '11111111-1111-1111-1111-000000000000', 'child', 'Tereza', 'Němcová', '2017-04-24', '{"foster_care_type":"A","avatar_url":"https://images.unsplash.com/photo-1544005313-94ddf0286df2?w=150","hobby":"Keramika","school":"ZŠ Merhautova Brno"}'::jsonb, true, 'A', true);
INSERT INTO public.persons (id, organization_id, household_id, role, first_name, last_name, birth_date, custom_fields, gdpr_consent_signed, safety_rating, is_active) VALUES ('55555555-5555-5555-0000-000000000000', 'a0e0a0e0-a0e0-a0e0-a0e0-a0e0a0e0a0e0', '11111111-1111-1111-1111-000000000000', 'social_contact', 'Aleš', 'Novák', '2014-05-27', '{"avatar_url":"https://images.unsplash.com/photo-1507003211169-0a1dd7228f2d?w=150","relationship_to_child":"Biologický syn"}'::jsonb, true, 'N', true);
INSERT INTO public.persons (id, organization_id, household_id, role, first_name, last_name, birth_date, custom_fields, gdpr_consent_signed, safety_rating, is_active) VALUES ('55555555-5555-5555-0000-000000000001', 'a0e0a0e0-a0e0-a0e0-a0e0-a0e0a0e0a0e0', '11111111-1111-1111-1111-000000000000', 'social_contact', 'Jan', 'Novák', '2020-11-11', '{"avatar_url":"https://images.unsplash.com/photo-1506794778202-cad84cf45f1d?w=150","relationship_to_child":"Biologický syn"}'::jsonb, true, 'N', true);
INSERT INTO public.persons (id, organization_id, household_id, role, first_name, last_name, birth_date, custom_fields, gdpr_consent_signed, safety_rating, is_active) VALUES ('55555555-5555-5555-0000-000000000002', 'a0e0a0e0-a0e0-a0e0-a0e0-a0e0a0e0a0e0', '11111111-1111-1111-1111-000000000000', 'social_contact', 'Martin', 'Novák', '2013-09-16', '{"avatar_url":"https://images.unsplash.com/photo-1500648767791-00dcc994a43e?w=150","relationship_to_child":"Biologický syn"}'::jsonb, true, 'N', true);
INSERT INTO public.persons (id, organization_id, household_id, role, first_name, last_name, birth_number, phone, gdpr_consent_signed, safety_rating, is_active) VALUES ('66666666-6666-6666-6666-000000000000', 'a0e0a0e0-a0e0-a0e0-a0e0-a0e0a0e0a0e0', '11111111-1111-1111-1111-000000000000', 'bio_parent', 'Monika', 'Kučerová', '860912/9663', '+420703424132', true, 'Z', true);
INSERT INTO public.events (id, organization_id, household_id, author_id, type, title, payload, occurred_at) VALUES ('77777777-7777-7777-0000-000000000000', 'a0e0a0e0-a0e0-a0e0-a0e0-a0e0a0e0a0e0', '11111111-1111-1111-1111-000000000000', 'aecbcd51-1ae6-48b3-b641-a5c639b46fe6', 'crisis_event', 'Pokus o kontakt biologického otce', '{"content":"Biologický rodič Monika Kučerová se pokusil kontaktovat dítě navzdory soudníšemu zákazu styku. Pěstoun okamžitě kontaktoval naši klíčovou osobu. Incident hlášen na OSPOD.","summary":"Porušení zákazu styku biologickým rodičem."}'::jsonb, '2026-05-21 22:47:35+02');

-- Domácnost 2: Jan Novák (FF-106-FTQ)
INSERT INTO public.households (id, organization_id, branch_id, assigned_ko_id, foster_id, status, notes) VALUES ('11111111-1111-1111-1111-000000000001', 'a0e0a0e0-a0e0-a0e0-a0e0-a0e0a0e0a0e0', 'b0b0b0b0-b0b0-b0b0-b0b0-b0b0b0b0b0b0', 'aecbcd51-1ae6-48b3-b641-a5c639b46fe6', 'FF-106-FTQ', 'active', 'Pěstounská rodina: Jan Novák. Doprovází Anna Málková.');
INSERT INTO public.persons (id, organization_id, household_id, role, first_name, last_name, birth_date, custom_fields, is_active) VALUES ('22222222-2222-2222-2222-000000000001', 'a0e0a0e0-a0e0-a0e0-a0e0-a0e0a0e0a0e0', '11111111-1111-1111-1111-000000000001', 'foster_parent', 'Jan', 'Novák', '1969-02-18', '{"profession":"Důchodce","foster_care_type":"C","avatar_url":"https://images.unsplash.com/photo-1519085360753-af0119f7cbe7?w=150","relationship_to_child":"dědeček"}'::jsonb, true);
INSERT INTO public.person_addresses (id, person_id, type, street, city, zip, from_date) VALUES ('33333333-3333-3333-3333-000000000001', '22222222-2222-2222-2222-000000000001', 'actual', 'Školní 13', 'Hostomice', '285 70', '2020-01-01');
INSERT INTO public.persons (id, organization_id, household_id, role, first_name, last_name, birth_date, custom_fields, gdpr_consent_signed, safety_rating, is_active) VALUES ('44444444-4444-4444-0001-000000000000', 'a0e0a0e0-a0e0-a0e0-a0e0-a0e0a0e0a0e0', '11111111-1111-1111-1111-000000000001', 'child', 'Jan', 'Němec', '2013-07-20', '{"relationship_to_foster_parent":"vnuk","foster_care_type":"C","avatar_url":"https://images.unsplash.com/photo-1519085360753-af0119f7cbe7?w=150","hobby":"Plavání","school":"ZŠ Nádražní Vyškov"}'::jsonb, true, 'B', true);
INSERT INTO public.persons (id, organization_id, household_id, role, first_name, last_name, birth_date, custom_fields, gdpr_consent_signed, safety_rating, is_active) VALUES ('44444444-4444-4444-0001-000000000001', 'a0e0a0e0-a0e0-a0e0-a0e0-a0e0a0e0a0e0', '11111111-1111-1111-1111-000000000001', 'child', 'Petra', 'Procházková', '2017-02-16', '{"relationship_to_foster_parent":"vnučka","foster_care_type":"C","avatar_url":"https://images.unsplash.com/photo-1488426862026-3ee34a7d66df?w=150","hobby":"Modelářství","school":"ZŠ Školní Hostomice"}'::jsonb, true, 'B', true);
INSERT INTO public.persons (id, organization_id, household_id, role, first_name, last_name, birth_date, custom_fields, gdpr_consent_signed, safety_rating, is_active) VALUES ('55555555-5555-5555-0001-000000000000', 'a0e0a0e0-a0e0-a0e0-a0e0-a0e0a0e0a0e0', '11111111-1111-1111-1111-000000000001', 'social_contact', 'Barbora', 'Novák', '2009-01-26', '{"avatar_url":"https://images.unsplash.com/photo-1494790108377-be9c29b29330?w=150","relationship_to_child":"Biologická dcera"}'::jsonb, true, 'N', true);
INSERT INTO public.persons (id, organization_id, household_id, role, first_name, last_name, birth_date, custom_fields, gdpr_consent_signed, safety_rating, is_active) VALUES ('55555555-5555-5555-0001-000000000001', 'a0e0a0e0-a0e0-a0e0-a0e0-a0e0a0e0a0e0', '11111111-1111-1111-1111-000000000001', 'social_contact', 'Marie', 'Novák', '2015-05-21', '{"avatar_url":"https://images.unsplash.com/photo-1534528741775-53994a69daeb?w=150","relationship_to_child":"Biologická dcera"}'::jsonb, true, 'N', true);
INSERT INTO public.persons (id, organization_id, household_id, role, first_name, last_name, birth_number, phone, gdpr_consent_signed, safety_rating, is_active) VALUES ('66666666-6666-6666-6666-000000000001', 'a0e0a0e0-a0e0-a0e0-a0e0-a0e0a0e0a0e0', '11111111-1111-1111-1111-000000000001', 'bio_parent', 'Hana', 'Veselá', '800516/7694', '+420635163690', true, 'C', true);
INSERT INTO public.events (id, organization_id, household_id, author_id, type, title, payload, occurred_at) VALUES ('77777777-7777-7777-0001-000000000000', 'a0e0a0e0-a0e0-a0e0-a0e0-a0e0a0e0a0e0', '11111111-1111-1111-1111-000000000001', 'aecbcd51-1ae6-48b3-b641-a5c639b46fe6', 'regular_visit', 'Pravidelná pololetní návštěva', '{"content":"Návštěva v rodině proběhla v pořádku. Pěstoun Jan Novák vzorně spolupracuje, děti se rozvíjejí standardně podle IPOD.","summary":"Pololetní návštěva bez zjištěných nedostatků."}'::jsonb, '2026-05-02 22:47:35+02');
INSERT INTO public.events (id, organization_id, household_id, author_id, type, title, payload, occurred_at) VALUES ('77777777-7777-7777-0001-000000000001', 'a0e0a0e0-a0e0-a0e0-a0e0-a0e0a0e0a0e0', '11111111-1111-1111-1111-000000000001', 'aecbcd51-1ae6-48b3-b641-a5c639b46fe6', 'phone_call', 'Telefonický kontakt s pěstounem', '{"content":"Telefonický hovor s pěstounem. Probírali jsme chování dětí ve škole a plánování letních prázdninových aktivit.","summary":"Telefonát ohledně prázdnin."}'::jsonb, '2026-05-10 22:47:35+02');

-- Domácnost 3: Petr Novák (FF-087-FEC)
INSERT INTO public.households (id, organization_id, branch_id, assigned_ko_id, foster_id, status, notes) VALUES ('11111111-1111-1111-1111-000000000002', 'a0e0a0e0-a0e0-a0e0-a0e0-a0e0a0e0a0e0', 'b0b0b0b0-b0b0-b0b0-b0b0-b0b0b0b0b0b0', 'aecbcd51-1ae6-48b3-b641-a5c639b46fe6', 'FF-087-FEC', 'active', 'Pěstounská rodina: Petr Novák. Doprovází Anna Málková.');
INSERT INTO public.persons (id, organization_id, household_id, role, first_name, last_name, birth_date, custom_fields, is_active) VALUES ('22222222-2222-2222-2222-000000000002', 'a0e0a0e0-a0e0-a0e0-a0e0-a0e0a0e0a0e0', '11111111-1111-1111-1111-000000000002', 'foster_parent', 'Petr', 'Novák', '1965-07-18', '{"profession":"Učitel","foster_care_type":"B","avatar_url":"https://images.unsplash.com/photo-1519085360753-af0119f7cbe7?w=150"}'::jsonb, true);
INSERT INTO public.person_addresses (id, person_id, type, street, city, zip, from_date) VALUES ('33333333-3333-3333-3333-000000000002', '22222222-2222-2222-2222-000000000002', 'actual', 'Nádražní 8', 'Blansko', '763 42', '2020-01-01');
INSERT INTO public.persons (id, organization_id, household_id, role, first_name, last_name, birth_date, custom_fields, gdpr_consent_signed, safety_rating, is_active) VALUES ('44444444-4444-4444-0002-000000000000', 'a0e0a0e0-a0e0-a0e0-a0e0-a0e0a0e0a0e0', '11111111-1111-1111-1111-000000000002', 'child', 'Tomáš', 'Jelínek', '2011-11-26', '{"foster_care_type":"B","avatar_url":"https://images.unsplash.com/photo-1500648767791-00dcc994a43e?w=150","hobby":"Plavání","school":"ZŠ Křídlovická Brno"}'::jsonb, true, 'B', true);
INSERT INTO public.persons (id, organization_id, household_id, role, first_name, last_name, birth_date, custom_fields, gdpr_consent_signed, safety_rating, is_active) VALUES ('55555555-5555-5555-0002-000000000000', 'a0e0a0e0-a0e0-a0e0-a0e0-a0e0a0e0a0e0', '11111111-1111-1111-1111-000000000002', 'social_contact', 'Anna', 'Novák', '2012-06-08', '{"avatar_url":"https://images.unsplash.com/photo-1517841905240-472988babdf9?w=150","relationship_to_child":"Biologická dcera"}'::jsonb, true, 'N', true);
INSERT INTO public.persons (id, organization_id, household_id, role, first_name, last_name, birth_date, custom_fields, gdpr_consent_signed, safety_rating, is_active) VALUES ('55555555-5555-5555-0002-000000000001', 'a0e0a0e0-a0e0-a0e0-a0e0-a0e0a0e0a0e0', '11111111-1111-1111-1111-000000000002', 'social_contact', 'Věra', 'Novák', '2014-07-26', '{"avatar_url":"https://images.unsplash.com/photo-1544005313-94ddf0286df2?w=150","relationship_to_child":"Biologická dcera"}'::jsonb, true, 'N', true);
INSERT INTO public.persons (id, organization_id, household_id, role, first_name, last_name, birth_number, phone, gdpr_consent_signed, safety_rating, is_active) VALUES ('66666666-6666-6666-6666-000000000002', 'a0e0a0e0-a0e0-a0e0-a0e0-a0e0a0e0a0e0', '11111111-1111-1111-1111-000000000002', 'bio_parent', 'Jiří', 'Černý', '980714/4825', '+420655811427', true, 'Z', true);
INSERT INTO public.events (id, organization_id, household_id, author_id, type, title, payload, occurred_at) VALUES ('77777777-7777-7777-0002-000000000000', 'a0e0a0e0-a0e0-a0e0-a0e0-a0e0a0e0a0e0', '11111111-1111-1111-1111-000000000002', 'aecbcd51-1ae6-48b3-b641-a5c639b46fe6', 'crisis_event', 'Pokus o kontakt biologického otce', '{"content":"Biologický rodič Jiří Černý se pokusil kontaktovat dítě navzdory soudníšemu zákazu styku. Pěstoun okamžitě kontaktoval naši klíčovou osobu. Incident hlášen na OSPOD.","summary":"Porušení zákazu styku biologickým rodičem."}'::jsonb, '2026-05-24 22:47:35+02');
INSERT INTO public.events (id, organization_id, household_id, author_id, type, title, payload, occurred_at) VALUES ('77777777-7777-7777-0002-000000000001', 'a0e0a0e0-a0e0-a0e0-a0e0-a0e0a0e0a0e0', '11111111-1111-1111-1111-000000000002', 'aecbcd51-1ae6-48b3-b641-a5c639b46fe6', 'crisis_event', 'Pokus o kontakt biologického otce', '{"content":"Biologický rodič Jiří Černý se pokusil kontaktovat dítě navzdory soudníšemu zákazu styku. Pěstoun okamžitě kontaktoval naši klíčovou osobu. Incident hlášen na OSPOD.","summary":"Porušení zákazu styku biologickým rodičem."}'::jsonb, '2026-03-27 22:47:35+02');

-- Domácnost 4: Jana Novotná (FF-337-VGF)
INSERT INTO public.households (id, organization_id, branch_id, assigned_ko_id, foster_id, status, notes) VALUES ('11111111-1111-1111-1111-000000000003', 'a0e0a0e0-a0e0-a0e0-a0e0-a0e0a0e0a0e0', 'b0b0b0b0-b0b0-b0b0-b0b0-b0b0b0b0b0b0', 'aecbcd51-1ae6-48b3-b641-a5c639b46fe6', 'FF-337-VGF', 'active', 'Pěstounská rodina: Jana Novotná. Doprovází Anna Málková.');
INSERT INTO public.persons (id, organization_id, household_id, role, first_name, last_name, birth_date, custom_fields, is_active) VALUES ('22222222-2222-2222-2222-000000000003', 'a0e0a0e0-a0e0-a0e0-a0e0-a0e0a0e0a0e0', '11111111-1111-1111-1111-000000000003', 'foster_parent', 'Jana', 'Novotná', '1990-07-02', '{"profession":"Kuchař","foster_care_type":"C","avatar_url":"https://images.unsplash.com/photo-1438761681033-6461ffad8d80?w=150","relationship_to_child":"babička"}'::jsonb, true);
INSERT INTO public.person_addresses (id, person_id, type, street, city, zip, from_date) VALUES ('33333333-3333-3333-3333-000000000003', '22222222-2222-2222-2222-000000000003', 'actual', 'Nádražní 45', 'Vyškov', '191 94', '2020-01-01');
INSERT INTO public.persons (id, organization_id, household_id, role, first_name, last_name, birth_date, custom_fields, gdpr_consent_signed, safety_rating, is_active) VALUES ('44444444-4444-4444-0003-000000000000', 'a0e0a0e0-a0e0-a0e0-a0e0-a0e0a0e0a0e0', '11111111-1111-1111-1111-000000000003', 'child', 'Marie', 'Králová', '2017-07-08', '{"relationship_to_foster_parent":"vnučka","foster_care_type":"C","avatar_url":"https://images.unsplash.com/photo-1438761681033-6461ffad8d80?w=150","hobby":"Výtvarný kroužek","school":"ZŠ Úvoz Brno"}'::jsonb, true, 'C', true);
INSERT INTO public.persons (id, organization_id, household_id, role, first_name, last_name, birth_date, custom_fields, gdpr_consent_signed, safety_rating, is_active) VALUES ('44444444-4444-4444-0003-000000000001', 'a0e0a0e0-a0e0-a0e0-a0e0-a0e0a0e0a0e0', '11111111-1111-1111-1111-000000000003', 'child', 'Jakub', 'Růžička', '2014-05-20', '{"relationship_to_foster_parent":"vnuk","foster_care_type":"C","avatar_url":"https://images.unsplash.com/photo-1492562080023-ab3db95bfbce?w=150","hobby":"Modelářství","school":"ZŠ Křídlovická Brno"}'::jsonb, true, 'A', true);
INSERT INTO public.persons (id, organization_id, household_id, role, first_name, last_name, birth_date, custom_fields, gdpr_consent_signed, safety_rating, is_active) VALUES ('55555555-5555-5555-0003-000000000000', 'a0e0a0e0-a0e0-a0e0-a0e0-a0e0a0e0a0e0', '11111111-1111-1111-1111-000000000003', 'social_contact', 'Barbora', 'Novotná', '2011-02-28', '{"avatar_url":"https://images.unsplash.com/photo-1517841905240-472988babdf9?w=150","relationship_to_child":"Biologická dcera"}'::jsonb, true, 'N', true);
INSERT INTO public.persons (id, organization_id, household_id, role, first_name, last_name, birth_date, custom_fields, gdpr_consent_signed, safety_rating, is_active) VALUES ('55555555-5555-5555-0003-000000000001', 'a0e0a0e0-a0e0-a0e0-a0e0-a0e0a0e0a0e0', '11111111-1111-1111-1111-000000000003', 'social_contact', 'Miroslav', 'Novotná', '2016-07-02', '{"avatar_url":"https://images.unsplash.com/photo-1492562080023-ab3db95bfbce?w=150","relationship_to_child":"Biologický syn"}'::jsonb, true, 'N', true);
INSERT INTO public.persons (id, organization_id, household_id, role, first_name, last_name, birth_number, phone, gdpr_consent_signed, safety_rating, is_active) VALUES ('66666666-6666-6666-6666-000000000003', 'a0e0a0e0-a0e0-a0e0-a0e0-a0e0a0e0a0e0', '11111111-1111-1111-1111-000000000003', 'bio_parent', 'David', 'Horák', '730106/7077', '+420601261389', true, 'C', true);
INSERT INTO public.events (id, organization_id, household_id, author_id, type, title, payload, occurred_at) VALUES ('77777777-7777-7777-0003-000000000000', 'a0e0a0e0-a0e0-a0e0-a0e0-a0e0a0e0a0e0', '11111111-1111-1111-1111-000000000003', 'aecbcd51-1ae6-48b3-b641-a5c639b46fe6', 'crisis_event', 'Incident / Porušení pravidel', '{"content":"Hlášen drobný incident v rodině: neshody ve škole ohledně prospěchu. Klíčová osoba naplánovala společné jednání s třídním učitelem.","summary":"Řešení studijních problémů."}'::jsonb, '2026-04-15 22:47:35+02');
INSERT INTO public.events (id, organization_id, household_id, author_id, type, title, payload, occurred_at) VALUES ('77777777-7777-7777-0003-000000000001', 'a0e0a0e0-a0e0-a0e0-a0e0-a0e0a0e0a0e0', '11111111-1111-1111-1111-000000000003', 'aecbcd51-1ae6-48b3-b641-a5c639b46fe6', 'phone_call', 'Telefonický kontakt s pěstounem', '{"content":"Telefonický hovor s pěstounem. Probírali jsme chování dětí ve škole a plánování letních prázdninových aktivit.","summary":"Telefonát ohledně prázdnin."}'::jsonb, '2026-04-23 22:47:35+02');

-- Domácnost 5: Jana Novotná (FF-769-GMY)
INSERT INTO public.households (id, organization_id, branch_id, assigned_ko_id, foster_id, status, notes) VALUES ('11111111-1111-1111-1111-000000000004', 'a0e0a0e0-a0e0-a0e0-a0e0-a0e0a0e0a0e0', 'b0b0b0b0-b0b0-b0b0-b0b0-b0b0b0b0b0b0', 'aecbcd51-1ae6-48b3-b641-a5c639b46fe6', 'FF-769-GMY', 'active', 'Pěstounská rodina: Jana Novotná. Doprovází Anna Málková.');
INSERT INTO public.persons (id, organization_id, household_id, role, first_name, last_name, birth_date, custom_fields, is_active) VALUES ('22222222-2222-2222-2222-000000000004', 'a0e0a0e0-a0e0-a0e0-a0e0-a0e0a0e0a0e0', '11111111-1111-1111-1111-000000000004', 'foster_parent', 'Jana', 'Novotná', '1977-11-06', '{"profession":"Stavební inženýr","foster_care_type":"A","avatar_url":"https://images.unsplash.com/photo-1488426862026-3ee34a7d66df?w=150"}'::jsonb, true);
INSERT INTO public.person_addresses (id, person_id, type, street, city, zip, from_date) VALUES ('33333333-3333-3333-3333-000000000004', '22222222-2222-2222-2222-000000000004', 'actual', 'Údolní 12', 'Brno', '625 78', '2020-01-01');
INSERT INTO public.persons (id, organization_id, household_id, role, first_name, last_name, birth_date, custom_fields, gdpr_consent_signed, safety_rating, is_active) VALUES ('44444444-4444-4444-0004-000000000000', 'a0e0a0e0-a0e0-a0e0-a0e0-a0e0a0e0a0e0', '11111111-1111-1111-1111-000000000004', 'child', 'Filip', 'Kolář', '2017-05-04', '{"foster_care_type":"A","avatar_url":"https://images.unsplash.com/photo-1501196354995-cbb51c65aaea?w=150","hobby":"Taneční kroužek","school":"ZŠ Nádražní Vyškov"}'::jsonb, true, 'A', true);
INSERT INTO public.persons (id, organization_id, household_id, role, first_name, last_name, birth_date, custom_fields, gdpr_consent_signed, safety_rating, is_active) VALUES ('44444444-4444-4444-0004-000000000001', 'a0e0a0e0-a0e0-a0e0-a0e0-a0e0a0e0a0e0', '11111111-1111-1111-1111-000000000004', 'child', 'Petr', 'Fiala', '2013-12-04', '{"foster_care_type":"A","avatar_url":"https://images.unsplash.com/photo-1506794778202-cad84cf45f1d?w=150","hobby":"Čtení","school":"ZŠ Školní Hostomice"}'::jsonb, true, 'C', true);
INSERT INTO public.persons (id, organization_id, household_id, role, first_name, last_name, birth_date, custom_fields, gdpr_consent_signed, safety_rating, is_active) VALUES ('55555555-5555-5555-0004-000000000000', 'a0e0a0e0-a0e0-a0e0-a0e0-a0e0a0e0a0e0', '11111111-1111-1111-1111-000000000004', 'social_contact', 'Marie', 'Novotná', '2009-07-23', '{"avatar_url":"https://images.unsplash.com/photo-1544005313-94ddf0286df2?w=150","relationship_to_child":"Biologická dcera"}'::jsonb, true, 'N', true);
INSERT INTO public.persons (id, organization_id, household_id, role, first_name, last_name, birth_date, custom_fields, gdpr_consent_signed, safety_rating, is_active) VALUES ('55555555-5555-5555-0004-000000000001', 'a0e0a0e0-a0e0-a0e0-a0e0-a0e0a0e0a0e0', '11111111-1111-1111-1111-000000000004', 'social_contact', 'Michaela', 'Novotná', '2022-01-11', '{"avatar_url":"https://images.unsplash.com/photo-1534528741775-53994a69daeb?w=150","relationship_to_child":"Biologická dcera"}'::jsonb, true, 'N', true);
INSERT INTO public.persons (id, organization_id, household_id, role, first_name, last_name, birth_number, phone, gdpr_consent_signed, safety_rating, is_active) VALUES ('66666666-6666-6666-6666-000000000004', 'a0e0a0e0-a0e0-a0e0-a0e0-a0e0a0e0a0e0', '11111111-1111-1111-1111-000000000004', 'bio_parent', 'Adéla', 'Novotná', '770210/5431', '+420660221004', true, 'C', true);
INSERT INTO public.events (id, organization_id, household_id, author_id, type, title, payload, occurred_at) VALUES ('77777777-7777-7777-0004-000000000000', 'a0e0a0e0-a0e0-a0e0-a0e0-a0e0a0e0a0e0', '11111111-1111-1111-1111-000000000004', 'aecbcd51-1ae6-48b3-b641-a5c639b46fe6', 'regular_visit', 'Pravidelná pololetní návštěva', '{"content":"Návštěva v rodině proběhla v pořádku. Pěstoun Jana Novotná vzorně spolupracuje, děti se rozvíjejí standardně podle IPOD.","summary":"Pololetní návštěva bez zjištěných nedostatků."}'::jsonb, '2026-04-20 22:47:35+02');

-- Domácnost 6: Marie Novotná (FF-173-XJC)
INSERT INTO public.households (id, organization_id, branch_id, assigned_ko_id, foster_id, status, notes) VALUES ('11111111-1111-1111-1111-000000000005', 'a0e0a0e0-a0e0-a0e0-a0e0-a0e0a0e0a0e0', 'b0b0b0b0-b0b0-b0b0-b0b0-b0b0b0b0b0b0', 'aecbcd51-1ae6-48b3-b641-a5c639b46fe6', 'FF-173-XJC', 'active', 'Pěstounská rodina: Marie Novotná. Doprovází Anna Málková.');
INSERT INTO public.persons (id, organization_id, household_id, role, first_name, last_name, birth_date, custom_fields, is_active) VALUES ('22222222-2222-2222-2222-000000000005', 'a0e0a0e0-a0e0-a0e0-a0e0-a0e0a0e0a0e0', '11111111-1111-1111-1111-000000000005', 'foster_parent', 'Marie', 'Novotná', '1980-01-07', '{"profession":"Učitel","foster_care_type":"B","avatar_url":"https://images.unsplash.com/photo-1517841905240-472988babdf9?w=150"}'::jsonb, true);
INSERT INTO public.person_addresses (id, person_id, type, street, city, zip, from_date) VALUES ('33333333-3333-3333-3333-000000000005', '22222222-2222-2222-2222-000000000005', 'actual', 'Úzká 5', 'Tišnov', '496 41', '2020-01-01');
INSERT INTO public.persons (id, organization_id, household_id, role, first_name, last_name, birth_date, custom_fields, gdpr_consent_signed, safety_rating, is_active) VALUES ('44444444-4444-4444-0005-000000000000', 'a0e0a0e0-a0e0-a0e0-a0e0-a0e0a0e0a0e0', '11111111-1111-1111-1111-000000000005', 'child', 'Hana', 'Jelínková', '2021-02-24', '{"foster_care_type":"B","avatar_url":"https://images.unsplash.com/photo-1438761681033-6461ffad8d80?w=150","hobby":"Plavání","school":"ZŠ Křídlovická Brno"}'::jsonb, true, 'C', true);
INSERT INTO public.persons (id, organization_id, household_id, role, first_name, last_name, birth_date, custom_fields, gdpr_consent_signed, safety_rating, is_active) VALUES ('44444444-4444-4444-0005-000000000001', 'a0e0a0e0-a0e0-a0e0-a0e0-a0e0a0e0a0e0', '11111111-1111-1111-1111-000000000005', 'child', 'Kristýna', 'Svobodová', '2019-07-11', '{"foster_care_type":"B","avatar_url":"https://images.unsplash.com/photo-1534528741775-53994a69daeb?w=150","hobby":"Cyklistika","school":"Gymnázium Elgartova Brno"}'::jsonb, true, 'C', true);
INSERT INTO public.persons (id, organization_id, household_id, role, first_name, last_name, birth_date, custom_fields, gdpr_consent_signed, safety_rating, is_active) VALUES ('55555555-5555-5555-0005-000000000000', 'a0e0a0e0-a0e0-a0e0-a0e0-a0e0a0e0a0e0', '11111111-1111-1111-1111-000000000005', 'social_contact', 'Jana', 'Novotná', '2019-01-02', '{"avatar_url":"https://images.unsplash.com/photo-1517841905240-472988babdf9?w=150","relationship_to_child":"Biologická dcera"}'::jsonb, true, 'N', true);
INSERT INTO public.persons (id, organization_id, household_id, role, first_name, last_name, birth_date, custom_fields, gdpr_consent_signed, safety_rating, is_active) VALUES ('55555555-5555-5555-0005-000000000001', 'a0e0a0e0-a0e0-a0e0-a0e0-a0e0a0e0a0e0', '11111111-1111-1111-1111-000000000005', 'social_contact', 'Lucie', 'Novotná', '2017-07-06', '{"avatar_url":"https://images.unsplash.com/photo-1494790108377-be9c29b29330?w=150","relationship_to_child":"Biologická dcera"}'::jsonb, true, 'N', true);
INSERT INTO public.persons (id, organization_id, household_id, role, first_name, last_name, birth_number, phone, gdpr_consent_signed, safety_rating, is_active) VALUES ('66666666-6666-6666-6666-000000000005', 'a0e0a0e0-a0e0-a0e0-a0e0-a0e0a0e0a0e0', '11111111-1111-1111-1111-000000000005', 'bio_parent', 'Ondřej', 'Kolář', '960325/6280', '+420650554997', true, 'B', true);
INSERT INTO public.events (id, organization_id, household_id, author_id, type, title, payload, occurred_at) VALUES ('77777777-7777-7777-0005-000000000000', 'a0e0a0e0-a0e0-a0e0-a0e0-a0e0a0e0a0e0', '11111111-1111-1111-1111-000000000005', 'aecbcd51-1ae6-48b3-b641-a5c639b46fe6', 'regular_visit', 'Pravidelná pololetní návštěva', '{"content":"Návštěva v rodině proběhla v pořádku. Pěstoun Marie Novotná vzorně spolupracuje, děti se rozvíjejí standardně podle IPOD.","summary":"Pololetní návštěva bez zjištěných nedostatků."}'::jsonb, '2026-04-13 22:47:35+02');
INSERT INTO public.events (id, organization_id, household_id, author_id, type, title, payload, occurred_at) VALUES ('77777777-7777-7777-0005-000000000001', 'a0e0a0e0-a0e0-a0e0-a0e0-a0e0a0e0a0e0', '11111111-1111-1111-1111-000000000005', 'aecbcd51-1ae6-48b3-b641-a5c639b46fe6', 'phone_call', 'Telefonický kontakt s pěstounem', '{"content":"Telefonický hovor s pěstounem. Probírali jsme chování dětí ve škole a plánování letních prázdninových aktivit.","summary":"Telefonát ohledně prázdnin."}'::jsonb, '2026-04-16 22:47:35+02');

-- Domácnost 7: Anna Kučerová (FF-816-CMS)
INSERT INTO public.households (id, organization_id, branch_id, assigned_ko_id, foster_id, status, notes) VALUES ('11111111-1111-1111-1111-000000000006', 'a0e0a0e0-a0e0-a0e0-a0e0-a0e0a0e0a0e0', 'b0b0b0b0-b0b0-b0b0-b0b0-b0b0b0b0b0b0', 'aecbcd51-1ae6-48b3-b641-a5c639b46fe6', 'FF-816-CMS', 'active', 'Pěstounská rodina: Anna Kučerová. Doprovází Anna Málková.');
INSERT INTO public.persons (id, organization_id, household_id, role, first_name, last_name, birth_date, custom_fields, is_active) VALUES ('22222222-2222-2222-2222-000000000006', 'a0e0a0e0-a0e0-a0e0-a0e0-a0e0a0e0a0e0', '11111111-1111-1111-1111-000000000006', 'foster_parent', 'Anna', 'Kučerová', '1984-01-07', '{"profession":"IT specialista","foster_care_type":"C","avatar_url":"https://images.unsplash.com/photo-1544005313-94ddf0286df2?w=150","relationship_to_child":"babička"}'::jsonb, true);
INSERT INTO public.person_addresses (id, person_id, type, street, city, zip, from_date) VALUES ('33333333-3333-3333-3333-000000000006', '22222222-2222-2222-2222-000000000006', 'actual', 'Husova 3', 'Slavkov u Brna', '668 53', '2020-01-01');
INSERT INTO public.persons (id, organization_id, household_id, role, first_name, last_name, birth_date, custom_fields, gdpr_consent_signed, safety_rating, is_active) VALUES ('44444444-4444-4444-0006-000000000000', 'a0e0a0e0-a0e0-a0e0-a0e0-a0e0a0e0a0e0', '11111111-1111-1111-1111-000000000006', 'child', 'Veronika', 'Benešová', '2011-12-27', '{"relationship_to_foster_parent":"vnučka","foster_care_type":"C","avatar_url":"https://images.unsplash.com/photo-1517841905240-472988babdf9?w=150","hobby":"Plavání","school":"ZŠ Merhautova Brno"}'::jsonb, true, 'A', true);
INSERT INTO public.persons (id, organization_id, household_id, role, first_name, last_name, birth_date, custom_fields, gdpr_consent_signed, safety_rating, is_active) VALUES ('55555555-5555-5555-0006-000000000000', 'a0e0a0e0-a0e0-a0e0-a0e0-a0e0a0e0a0e0', '11111111-1111-1111-1111-000000000006', 'social_contact', 'Lucie', 'Kučerová', '2012-05-17', '{"avatar_url":"https://images.unsplash.com/photo-1488426862026-3ee34a7d66df?w=150","relationship_to_child":"Biologická dcera"}'::jsonb, true, 'N', true);
INSERT INTO public.persons (id, organization_id, household_id, role, first_name, last_name, birth_date, custom_fields, gdpr_consent_signed, safety_rating, is_active) VALUES ('55555555-5555-5555-0006-000000000001', 'a0e0a0e0-a0e0-a0e0-a0e0-a0e0a0e0a0e0', '11111111-1111-1111-1111-000000000006', 'social_contact', 'Václav', 'Kučerová', '2013-03-19', '{"avatar_url":"https://images.unsplash.com/photo-1506794778202-cad84cf45f1d?w=150","relationship_to_child":"Biologický syn"}'::jsonb, true, 'N', true);
INSERT INTO public.persons (id, organization_id, household_id, role, first_name, last_name, birth_number, phone, gdpr_consent_signed, safety_rating, is_active) VALUES ('66666666-6666-6666-6666-000000000006', 'a0e0a0e0-a0e0-a0e0-a0e0-a0e0a0e0a0e0', '11111111-1111-1111-1111-000000000006', 'bio_parent', 'Petr', 'Pokorný', '910525/6731', '+420708429217', false, 'Z', true);
INSERT INTO public.events (id, organization_id, household_id, author_id, type, title, payload, occurred_at) VALUES ('77777777-7777-7777-0006-000000000000', 'a0e0a0e0-a0e0-a0e0-a0e0-a0e0a0e0a0e0', '11111111-1111-1111-1111-000000000006', 'aecbcd51-1ae6-48b3-b641-a5c639b46fe6', 'crisis_event', 'Pokus o kontakt biologického otce', '{"content":"Biologický rodič Petr Pokorný se pokusil kontaktovat dítě navzdory soudníšemu zákazu styku. Pěstoun okamžitě kontaktoval naši klíčovou osobu. Incident hlášen na OSPOD.","summary":"Porušení zákazu styku biologickým rodičem."}'::jsonb, '2026-06-03 22:47:35+02');
INSERT INTO public.events (id, organization_id, household_id, author_id, type, title, payload, occurred_at) VALUES ('77777777-7777-7777-0006-000000000001', 'a0e0a0e0-a0e0-a0e0-a0e0-a0e0a0e0a0e0', '11111111-1111-1111-1111-000000000006', 'aecbcd51-1ae6-48b3-b641-a5c639b46fe6', 'crisis_event', 'Pokus o kontakt biologického otce', '{"content":"Biologický rodič Petr Pokorný se pokusil kontaktovat dítě navzdory soudníšemu zákazu styku. Pěstoun okamžitě kontaktoval naši klíčovou osobu. Incident hlášen na OSPOD.","summary":"Porušení zákazu styku biologickým rodičem."}'::jsonb, '2026-05-11 22:47:35+02');

-- Domácnost 8: Ondřej Beneš (FF-902-NDJ)
INSERT INTO public.households (id, organization_id, branch_id, assigned_ko_id, foster_id, status, notes) VALUES ('11111111-1111-1111-1111-000000000007', 'a0e0a0e0-a0e0-a0e0-a0e0-a0e0a0e0a0e0', 'b0b0b0b0-b0b0-b0b0-b0b0-b0b0b0b0b0b0', 'aecbcd51-1ae6-48b3-b641-a5c639b46fe6', 'FF-902-NDJ', 'active', 'Pěstounská rodina: Ondřej Beneš. Doprovází Anna Málková.');
INSERT INTO public.persons (id, organization_id, household_id, role, first_name, last_name, birth_date, custom_fields, is_active) VALUES ('22222222-2222-2222-2222-000000000007', 'a0e0a0e0-a0e0-a0e0-a0e0-a0e0a0e0a0e0', '11111111-1111-1111-1111-000000000007', 'foster_parent', 'Ondřej', 'Beneš', '1989-12-28', '{"profession":"Kuchař","foster_care_type":"A","avatar_url":"https://images.unsplash.com/photo-1500648767791-00dcc994a43e?w=150"}'::jsonb, true);
INSERT INTO public.person_addresses (id, person_id, type, street, city, zip, from_date) VALUES ('33333333-3333-3333-3333-000000000007', '22222222-2222-2222-2222-000000000007', 'actual', 'Konečného náměstí 12', 'Hostomice', '528 39', '2020-01-01');
INSERT INTO public.persons (id, organization_id, household_id, role, first_name, last_name, birth_date, custom_fields, gdpr_consent_signed, safety_rating, is_active) VALUES ('44444444-4444-4444-0007-000000000000', 'a0e0a0e0-a0e0-a0e0-a0e0-a0e0a0e0a0e0', '11111111-1111-1111-1111-000000000007', 'child', 'Michal', 'Zeman', '2020-08-21', '{"foster_care_type":"A","avatar_url":"https://images.unsplash.com/photo-1519085360753-af0119f7cbe7?w=150","hobby":"Modelářství","school":"ZŠ Úvoz Brno"}'::jsonb, true, 'A', true);
INSERT INTO public.persons (id, organization_id, household_id, role, first_name, last_name, birth_date, custom_fields, gdpr_consent_signed, safety_rating, is_active) VALUES ('55555555-5555-5555-0007-000000000000', 'a0e0a0e0-a0e0-a0e0-a0e0-a0e0a0e0a0e0', '11111111-1111-1111-1111-000000000007', 'social_contact', 'Lenka', 'Beneš', '2019-05-13', '{"avatar_url":"https://images.unsplash.com/photo-1517841905240-472988babdf9?w=150","relationship_to_child":"Biologická dcera"}'::jsonb, true, 'N', true);
INSERT INTO public.persons (id, organization_id, household_id, role, first_name, last_name, birth_date, custom_fields, gdpr_consent_signed, safety_rating, is_active) VALUES ('55555555-5555-5555-0007-000000000001', 'a0e0a0e0-a0e0-a0e0-a0e0-a0e0a0e0a0e0', '11111111-1111-1111-1111-000000000007', 'social_contact', 'Kateřina', 'Beneš', '2019-07-10', '{"avatar_url":"https://images.unsplash.com/photo-1488426862026-3ee34a7d66df?w=150","relationship_to_child":"Biologická dcera"}'::jsonb, true, 'N', true);
INSERT INTO public.persons (id, organization_id, household_id, role, first_name, last_name, birth_date, custom_fields, gdpr_consent_signed, safety_rating, is_active) VALUES ('55555555-5555-5555-0007-000000000002', 'a0e0a0e0-a0e0-a0e0-a0e0-a0e0a0e0a0e0', '11111111-1111-1111-1111-000000000007', 'social_contact', 'Jana', 'Beneš', '2007-05-02', '{"avatar_url":"https://images.unsplash.com/photo-1517841905240-472988babdf9?w=150","relationship_to_child":"Biologická dcera"}'::jsonb, true, 'N', true);
INSERT INTO public.persons (id, organization_id, household_id, role, first_name, last_name, birth_number, phone, gdpr_consent_signed, safety_rating, is_active) VALUES ('66666666-6666-6666-6666-000000000007', 'a0e0a0e0-a0e0-a0e0-a0e0-a0e0a0e0a0e0', '11111111-1111-1111-1111-000000000007', 'bio_parent', 'Lucie', 'Fialová', '850812/1852', '+420701766145', false, 'Z', true);
INSERT INTO public.events (id, organization_id, household_id, author_id, type, title, payload, occurred_at) VALUES ('77777777-7777-7777-0007-000000000000', 'a0e0a0e0-a0e0-a0e0-a0e0-a0e0a0e0a0e0', '11111111-1111-1111-1111-000000000007', 'aecbcd51-1ae6-48b3-b641-a5c639b46fe6', 'crisis_event', 'Pokus o kontakt biologického otce', '{"content":"Biologický rodič Lucie Fialová se pokusil kontaktovat dítě navzdory soudníšemu zákazu styku. Pěstoun okamžitě kontaktoval naši klíčovou osobu. Incident hlášen na OSPOD.","summary":"Porušení zákazu styku biologickým rodičem."}'::jsonb, '2026-03-19 22:47:35+02');

-- Domácnost 9: Hana Králová (FF-136-SNV)
INSERT INTO public.households (id, organization_id, branch_id, assigned_ko_id, foster_id, status, notes) VALUES ('11111111-1111-1111-1111-000000000008', 'a0e0a0e0-a0e0-a0e0-a0e0-a0e0a0e0a0e0', 'b0b0b0b0-b0b0-b0b0-b0b0-b0b0b0b0b0b0', 'aecbcd51-1ae6-48b3-b641-a5c639b46fe6', 'FF-136-SNV', 'active', 'Pěstounská rodina: Hana Králová. Doprovází Anna Málková.');
INSERT INTO public.persons (id, organization_id, household_id, role, first_name, last_name, birth_date, custom_fields, is_active) VALUES ('22222222-2222-2222-2222-000000000008', 'a0e0a0e0-a0e0-a0e0-a0e0-a0e0a0e0a0e0', '11111111-1111-1111-1111-000000000008', 'foster_parent', 'Hana', 'Králová', '1982-02-11', '{"profession":"Prodavač","foster_care_type":"A","avatar_url":"https://images.unsplash.com/photo-1494790108377-be9c29b29330?w=150"}'::jsonb, true);
INSERT INTO public.person_addresses (id, person_id, type, street, city, zip, from_date) VALUES ('33333333-3333-3333-3333-000000000008', '22222222-2222-2222-2222-000000000008', 'actual', 'Dlouhá 132', 'Modřice', '363 37', '2020-01-01');
INSERT INTO public.persons (id, organization_id, household_id, role, first_name, last_name, birth_date, custom_fields, gdpr_consent_signed, safety_rating, is_active) VALUES ('44444444-4444-4444-0008-000000000000', 'a0e0a0e0-a0e0-a0e0-a0e0-a0e0a0e0a0e0', '11111111-1111-1111-1111-000000000008', 'child', 'Kristýna', 'Marková', '2017-07-07', '{"foster_care_type":"A","avatar_url":"https://images.unsplash.com/photo-1494790108377-be9c29b29330?w=150","hobby":"Čtení","school":"ZŠ Křídlovická Brno"}'::jsonb, true, 'B', true);
INSERT INTO public.persons (id, organization_id, household_id, role, first_name, last_name, birth_date, custom_fields, gdpr_consent_signed, safety_rating, is_active) VALUES ('55555555-5555-5555-0008-000000000000', 'a0e0a0e0-a0e0-a0e0-a0e0-a0e0a0e0a0e0', '11111111-1111-1111-1111-000000000008', 'social_contact', 'Petra', 'Králová', '2009-01-20', '{"avatar_url":"https://images.unsplash.com/photo-1494790108377-be9c29b29330?w=150","relationship_to_child":"Biologická dcera"}'::jsonb, true, 'N', true);
INSERT INTO public.persons (id, organization_id, household_id, role, first_name, last_name, birth_date, custom_fields, gdpr_consent_signed, safety_rating, is_active) VALUES ('55555555-5555-5555-0008-000000000001', 'a0e0a0e0-a0e0-a0e0-a0e0-a0e0a0e0a0e0', '11111111-1111-1111-1111-000000000008', 'social_contact', 'Eva', 'Králová', '2019-10-03', '{"avatar_url":"https://images.unsplash.com/photo-1488426862026-3ee34a7d66df?w=150","relationship_to_child":"Biologická dcera"}'::jsonb, true, 'N', true);
INSERT INTO public.persons (id, organization_id, household_id, role, first_name, last_name, birth_date, custom_fields, gdpr_consent_signed, safety_rating, is_active) VALUES ('55555555-5555-5555-0008-000000000002', 'a0e0a0e0-a0e0-a0e0-a0e0-a0e0a0e0a0e0', '11111111-1111-1111-1111-000000000008', 'social_contact', 'Lenka', 'Králová', '2013-11-25', '{"avatar_url":"https://images.unsplash.com/photo-1517841905240-472988babdf9?w=150","relationship_to_child":"Biologická dcera"}'::jsonb, true, 'N', true);
INSERT INTO public.persons (id, organization_id, household_id, role, first_name, last_name, birth_number, phone, gdpr_consent_signed, safety_rating, is_active) VALUES ('66666666-6666-6666-6666-000000000008', 'a0e0a0e0-a0e0-a0e0-a0e0-a0e0a0e0a0e0', '11111111-1111-1111-1111-000000000008', 'bio_parent', 'Lenka', 'Benešová', '950620/7593', '+420642276392', false, 'B', true);
INSERT INTO public.events (id, organization_id, household_id, author_id, type, title, payload, occurred_at) VALUES ('77777777-7777-7777-0008-000000000000', 'a0e0a0e0-a0e0-a0e0-a0e0-a0e0a0e0a0e0', '11111111-1111-1111-1111-000000000008', 'aecbcd51-1ae6-48b3-b641-a5c639b46fe6', 'crisis_event', 'Incident / Porušení pravidel', '{"content":"Hlášen drobný incident v rodině: neshody ve škole ohledně prospěchu. Klíčová osoba naplánovala společné jednání s třídním učitelem.","summary":"Řešení studijních problémů."}'::jsonb, '2026-06-16 22:47:35+02');
INSERT INTO public.events (id, organization_id, household_id, author_id, type, title, payload, occurred_at) VALUES ('77777777-7777-7777-0008-000000000001', 'a0e0a0e0-a0e0-a0e0-a0e0-a0e0a0e0a0e0', '11111111-1111-1111-1111-000000000008', 'aecbcd51-1ae6-48b3-b641-a5c639b46fe6', 'crisis_event', 'Incident / Porušení pravidel', '{"content":"Hlášen drobný incident v rodině: neshody ve škole ohledně prospěchu. Klíčová osoba naplánovala společné jednání s třídním učitelem.","summary":"Řešení studijních problémů."}'::jsonb, '2026-05-23 22:47:35+02');

-- Domácnost 10: Pavel Marek (FF-797-HPA)
INSERT INTO public.households (id, organization_id, branch_id, assigned_ko_id, foster_id, status, notes) VALUES ('11111111-1111-1111-1111-000000000009', 'a0e0a0e0-a0e0-a0e0-a0e0-a0e0a0e0a0e0', 'b0b0b0b0-b0b0-b0b0-b0b0-b0b0b0b0b0b0', 'aecbcd51-1ae6-48b3-b641-a5c639b46fe6', 'FF-797-HPA', 'active', 'Pěstounská rodina: Pavel Marek. Doprovází Anna Málková.');
INSERT INTO public.persons (id, organization_id, household_id, role, first_name, last_name, birth_date, custom_fields, is_active) VALUES ('22222222-2222-2222-2222-000000000009', 'a0e0a0e0-a0e0-a0e0-a0e0-a0e0a0e0a0e0', '11111111-1111-1111-1111-000000000009', 'foster_parent', 'Pavel', 'Marek', '1971-07-09', '{"profession":"Zdravotní sestra","foster_care_type":"A","avatar_url":"https://images.unsplash.com/photo-1492562080023-ab3db95bfbce?w=150"}'::jsonb, true);
INSERT INTO public.person_addresses (id, person_id, type, street, city, zip, from_date) VALUES ('33333333-3333-3333-3333-000000000009', '22222222-2222-2222-2222-000000000009', 'actual', 'Údolní 141', 'Tišnov', '606 54', '2020-01-01');
INSERT INTO public.persons (id, organization_id, household_id, role, first_name, last_name, birth_date, custom_fields, gdpr_consent_signed, safety_rating, is_active) VALUES ('44444444-4444-4444-0009-000000000000', 'a0e0a0e0-a0e0-a0e0-a0e0-a0e0a0e0a0e0', '11111111-1111-1111-1111-000000000009', 'child', 'Adéla', 'Růžičková', '2013-08-25', '{"foster_care_type":"A","avatar_url":"https://images.unsplash.com/photo-1488426862026-3ee34a7d66df?w=150","hobby":"Skaut","school":"ZŠ Křídlovická Brno"}'::jsonb, true, 'B', true);
INSERT INTO public.persons (id, organization_id, household_id, role, first_name, last_name, birth_date, custom_fields, gdpr_consent_signed, safety_rating, is_active) VALUES ('55555555-5555-5555-0009-000000000000', 'a0e0a0e0-a0e0-a0e0-a0e0-a0e0a0e0a0e0', '11111111-1111-1111-1111-000000000009', 'social_contact', 'Jakub', 'Marek', '2016-08-07', '{"avatar_url":"https://images.unsplash.com/photo-1500648767791-00dcc994a43e?w=150","relationship_to_child":"Biologický syn"}'::jsonb, true, 'N', true);
INSERT INTO public.persons (id, organization_id, household_id, role, first_name, last_name, birth_date, custom_fields, gdpr_consent_signed, safety_rating, is_active) VALUES ('55555555-5555-5555-0009-000000000001', 'a0e0a0e0-a0e0-a0e0-a0e0-a0e0a0e0a0e0', '11111111-1111-1111-1111-000000000009', 'social_contact', 'Tereza', 'Marek', '2019-09-26', '{"avatar_url":"https://images.unsplash.com/photo-1494790108377-be9c29b29330?w=150","relationship_to_child":"Biologická dcera"}'::jsonb, true, 'N', true);
INSERT INTO public.persons (id, organization_id, household_id, role, first_name, last_name, birth_number, phone, gdpr_consent_signed, safety_rating, is_active) VALUES ('66666666-6666-6666-6666-000000000009', 'a0e0a0e0-a0e0-a0e0-a0e0-a0e0a0e0a0e0', '11111111-1111-1111-1111-000000000009', 'bio_parent', 'Radim', 'Kučera', '830120/9299', '+420635879638', false, 'Z', true);
INSERT INTO public.events (id, organization_id, household_id, author_id, type, title, payload, occurred_at) VALUES ('77777777-7777-7777-0009-000000000000', 'a0e0a0e0-a0e0-a0e0-a0e0-a0e0a0e0a0e0', '11111111-1111-1111-1111-000000000009', 'aecbcd51-1ae6-48b3-b641-a5c639b46fe6', 'crisis_event', 'Pokus o kontakt biologického otce', '{"content":"Biologický rodič Radim Kučera se pokusil kontaktovat dítě navzdory soudníšemu zákazu styku. Pěstoun okamžitě kontaktoval naši klíčovou osobu. Incident hlášen na OSPOD.","summary":"Porušení zákazu styku biologickým rodičem."}'::jsonb, '2026-05-29 22:47:35+02');
INSERT INTO public.events (id, organization_id, household_id, author_id, type, title, payload, occurred_at) VALUES ('77777777-7777-7777-0009-000000000001', 'a0e0a0e0-a0e0-a0e0-a0e0-a0e0a0e0a0e0', '11111111-1111-1111-1111-000000000009', 'aecbcd51-1ae6-48b3-b641-a5c639b46fe6', 'crisis_event', 'Pokus o kontakt biologického otce', '{"content":"Biologický rodič Radim Kučera se pokusil kontaktovat dítě navzdory soudníšemu zákazu styku. Pěstoun okamžitě kontaktoval naši klíčovou osobu. Incident hlášen na OSPOD.","summary":"Porušení zákazu styku biologickým rodičem."}'::jsonb, '2026-03-31 22:47:35+02');

-- Domácnost 11: Eliška Procházková (FF-300-CEQ)
INSERT INTO public.households (id, organization_id, branch_id, assigned_ko_id, foster_id, status, notes) VALUES ('11111111-1111-1111-1111-000000000010', 'a0e0a0e0-a0e0-a0e0-a0e0-a0e0a0e0a0e0', 'b0b0b0b0-b0b0-b0b0-b0b0-b0b0b0b0b0b0', 'aecbcd51-1ae6-48b3-b641-a5c639b46fe6', 'FF-300-CEQ', 'active', 'Pěstounská rodina: Eliška Procházková. Doprovází Anna Málková.');
INSERT INTO public.persons (id, organization_id, household_id, role, first_name, last_name, birth_date, custom_fields, is_active) VALUES ('22222222-2222-2222-2222-000000000010', 'a0e0a0e0-a0e0-a0e0-a0e0-a0e0a0e0a0e0', '11111111-1111-1111-1111-000000000010', 'foster_parent', 'Eliška', 'Procházková', '1983-11-06', '{"profession":"Kuchař","foster_care_type":"C","avatar_url":"https://images.unsplash.com/photo-1544005313-94ddf0286df2?w=150","relationship_to_child":"babička"}'::jsonb, true);
INSERT INTO public.person_addresses (id, person_id, type, street, city, zip, from_date) VALUES ('33333333-3333-3333-3333-000000000010', '22222222-2222-2222-2222-000000000010', 'actual', 'Merhautova 127', 'Kuřim', '526 85', '2020-01-01');
INSERT INTO public.persons (id, organization_id, household_id, role, first_name, last_name, birth_date, custom_fields, gdpr_consent_signed, safety_rating, is_active) VALUES ('44444444-4444-4444-0010-000000000000', 'a0e0a0e0-a0e0-a0e0-a0e0-a0e0a0e0a0e0', '11111111-1111-1111-1111-000000000010', 'child', 'Petr', 'Kolář', '2020-08-06', '{"relationship_to_foster_parent":"vnuk","foster_care_type":"C","avatar_url":"https://images.unsplash.com/photo-1500648767791-00dcc994a43e?w=150","hobby":"Skaut","school":"ZŠ Křídlovická Brno"}'::jsonb, true, 'C', true);
INSERT INTO public.persons (id, organization_id, household_id, role, first_name, last_name, birth_date, custom_fields, gdpr_consent_signed, safety_rating, is_active) VALUES ('55555555-5555-5555-0010-000000000000', 'a0e0a0e0-a0e0-a0e0-a0e0-a0e0a0e0a0e0', '11111111-1111-1111-1111-000000000010', 'social_contact', 'Petr', 'Procházková', '2018-12-11', '{"avatar_url":"https://images.unsplash.com/photo-1506794778202-cad84cf45f1d?w=150","relationship_to_child":"Biologický syn"}'::jsonb, true, 'N', true);
INSERT INTO public.persons (id, organization_id, household_id, role, first_name, last_name, birth_number, phone, gdpr_consent_signed, safety_rating, is_active) VALUES ('66666666-6666-6666-6666-000000000010', 'a0e0a0e0-a0e0-a0e0-a0e0-a0e0a0e0a0e0', '11111111-1111-1111-1111-000000000010', 'bio_parent', 'Ondřej', 'Černý', '970216/9274', '+420657574009', false, 'Z', true);
INSERT INTO public.events (id, organization_id, household_id, author_id, type, title, payload, occurred_at) VALUES ('77777777-7777-7777-0010-000000000000', 'a0e0a0e0-a0e0-a0e0-a0e0-a0e0a0e0a0e0', '11111111-1111-1111-1111-000000000010', 'aecbcd51-1ae6-48b3-b641-a5c639b46fe6', 'crisis_event', 'Pokus o kontakt biologického otce', '{"content":"Biologický rodič Ondřej Černý se pokusil kontaktovat dítě navzdory soudníšemu zákazu styku. Pěstoun okamžitě kontaktoval naši klíčovou osobu. Incident hlášen na OSPOD.","summary":"Porušení zákazu styku biologickým rodičem."}'::jsonb, '2026-03-27 22:47:35+02');

-- Domácnost 12: Barbora Růžičková (FF-674-EMH)
INSERT INTO public.households (id, organization_id, branch_id, assigned_ko_id, foster_id, status, notes) VALUES ('11111111-1111-1111-1111-000000000011', 'a0e0a0e0-a0e0-a0e0-a0e0-a0e0a0e0a0e0', 'b0b0b0b0-b0b0-b0b0-b0b0-b0b0b0b0b0b0', 'aecbcd51-1ae6-48b3-b641-a5c639b46fe6', 'FF-674-EMH', 'active', 'Pěstounská rodina: Barbora Růžičková. Doprovází Anna Málková.');
INSERT INTO public.persons (id, organization_id, household_id, role, first_name, last_name, birth_date, custom_fields, is_active) VALUES ('22222222-2222-2222-2222-000000000011', 'a0e0a0e0-a0e0-a0e0-a0e0-a0e0a0e0a0e0', '11111111-1111-1111-1111-000000000011', 'foster_parent', 'Barbora', 'Růžičková', '1969-12-11', '{"profession":"Prodavač","foster_care_type":"B","avatar_url":"https://images.unsplash.com/photo-1488426862026-3ee34a7d66df?w=150"}'::jsonb, true);
INSERT INTO public.person_addresses (id, person_id, type, street, city, zip, from_date) VALUES ('33333333-3333-3333-3333-000000000011', '22222222-2222-2222-2222-000000000011', 'actual', 'Nádražní 101', 'Slavkov u Brna', '369 61', '2020-01-01');
INSERT INTO public.persons (id, organization_id, household_id, role, first_name, last_name, birth_date, custom_fields, gdpr_consent_signed, safety_rating, is_active) VALUES ('44444444-4444-4444-0011-000000000000', 'a0e0a0e0-a0e0-a0e0-a0e0-a0e0a0e0a0e0', '11111111-1111-1111-1111-000000000011', 'child', 'Lenka', 'Sedláčková', '2016-08-24', '{"foster_care_type":"B","avatar_url":"https://images.unsplash.com/photo-1488426862026-3ee34a7d66df?w=150","hobby":"Florbal","school":"ZŠ Křídlovická Brno"}'::jsonb, true, 'C', true);
INSERT INTO public.persons (id, organization_id, household_id, role, first_name, last_name, birth_date, custom_fields, gdpr_consent_signed, safety_rating, is_active) VALUES ('44444444-4444-4444-0011-000000000001', 'a0e0a0e0-a0e0-a0e0-a0e0-a0e0a0e0a0e0', '11111111-1111-1111-1111-000000000011', 'child', 'Josef', 'Němec', '2014-07-21', '{"foster_care_type":"B","avatar_url":"https://images.unsplash.com/photo-1519085360753-af0119f7cbe7?w=150","hobby":"Skaut","school":"ZŠ Úvoz Brno"}'::jsonb, true, 'A', true);
INSERT INTO public.persons (id, organization_id, household_id, role, first_name, last_name, birth_date, custom_fields, gdpr_consent_signed, safety_rating, is_active) VALUES ('55555555-5555-5555-0011-000000000000', 'a0e0a0e0-a0e0-a0e0-a0e0-a0e0a0e0a0e0', '11111111-1111-1111-1111-000000000011', 'social_contact', 'Filip', 'Růžičková', '2015-01-05', '{"avatar_url":"https://images.unsplash.com/photo-1492562080023-ab3db95bfbce?w=150","relationship_to_child":"Biologický syn"}'::jsonb, true, 'N', true);
INSERT INTO public.persons (id, organization_id, household_id, role, first_name, last_name, birth_number, phone, gdpr_consent_signed, safety_rating, is_active) VALUES ('66666666-6666-6666-6666-000000000011', 'a0e0a0e0-a0e0-a0e0-a0e0-a0e0a0e0a0e0', '11111111-1111-1111-1111-000000000011', 'bio_parent', 'Hana', 'Kolářová', '840802/7495', '+420621124194', false, 'Z', true);
INSERT INTO public.events (id, organization_id, household_id, author_id, type, title, payload, occurred_at) VALUES ('77777777-7777-7777-0011-000000000000', 'a0e0a0e0-a0e0-a0e0-a0e0-a0e0a0e0a0e0', '11111111-1111-1111-1111-000000000011', 'aecbcd51-1ae6-48b3-b641-a5c639b46fe6', 'crisis_event', 'Pokus o kontakt biologického otce', '{"content":"Biologický rodič Hana Kolářová se pokusil kontaktovat dítě navzdory soudníšemu zákazu styku. Pěstoun okamžitě kontaktoval naši klíčovou osobu. Incident hlášen na OSPOD.","summary":"Porušení zákazu styku biologickým rodičem."}'::jsonb, '2026-06-15 22:47:35+02');

-- Domácnost 13: Barbora Novotná (FF-639-DWX)
INSERT INTO public.households (id, organization_id, branch_id, assigned_ko_id, foster_id, status, notes) VALUES ('11111111-1111-1111-1111-000000000012', 'a0e0a0e0-a0e0-a0e0-a0e0-a0e0a0e0a0e0', 'b0b0b0b0-b0b0-b0b0-b0b0-b0b0b0b0b0b0', 'aecbcd51-1ae6-48b3-b641-a5c639b46fe6', 'FF-639-DWX', 'active', 'Pěstounská rodina: Barbora Novotná. Doprovází Anna Málková.');
INSERT INTO public.persons (id, organization_id, household_id, role, first_name, last_name, birth_date, custom_fields, is_active) VALUES ('22222222-2222-2222-2222-000000000012', 'a0e0a0e0-a0e0-a0e0-a0e0-a0e0a0e0a0e0', '11111111-1111-1111-1111-000000000012', 'foster_parent', 'Barbora', 'Novotná', '1981-04-27', '{"profession":"Účetní","foster_care_type":"B","avatar_url":"https://images.unsplash.com/photo-1534528741775-53994a69daeb?w=150"}'::jsonb, true);
INSERT INTO public.person_addresses (id, person_id, type, street, city, zip, from_date) VALUES ('33333333-3333-3333-3333-000000000012', '22222222-2222-2222-2222-000000000012', 'actual', 'Husova 22', 'Brno', '365 22', '2020-01-01');
INSERT INTO public.persons (id, organization_id, household_id, role, first_name, last_name, birth_date, custom_fields, gdpr_consent_signed, safety_rating, is_active) VALUES ('44444444-4444-4444-0012-000000000000', 'a0e0a0e0-a0e0-a0e0-a0e0-a0e0a0e0a0e0', '11111111-1111-1111-1111-000000000012', 'child', 'Michaela', 'Pokorná', '2017-09-13', '{"foster_care_type":"B","avatar_url":"https://images.unsplash.com/photo-1544005313-94ddf0286df2?w=150","hobby":"Čtení","school":"ZŠ Merhautova Brno"}'::jsonb, true, 'A', true);
INSERT INTO public.persons (id, organization_id, household_id, role, first_name, last_name, birth_date, custom_fields, gdpr_consent_signed, safety_rating, is_active) VALUES ('55555555-5555-5555-0012-000000000000', 'a0e0a0e0-a0e0-a0e0-a0e0-a0e0a0e0a0e0', '11111111-1111-1111-1111-000000000012', 'social_contact', 'Lucie', 'Novotná', '2010-07-13', '{"avatar_url":"https://images.unsplash.com/photo-1438761681033-6461ffad8d80?w=150","relationship_to_child":"Biologická dcera"}'::jsonb, true, 'N', true);
INSERT INTO public.persons (id, organization_id, household_id, role, first_name, last_name, birth_date, custom_fields, gdpr_consent_signed, safety_rating, is_active) VALUES ('55555555-5555-5555-0012-000000000001', 'a0e0a0e0-a0e0-a0e0-a0e0-a0e0a0e0a0e0', '11111111-1111-1111-1111-000000000012', 'social_contact', 'Jana', 'Novotná', '2021-07-13', '{"avatar_url":"https://images.unsplash.com/photo-1494790108377-be9c29b29330?w=150","relationship_to_child":"Biologická dcera"}'::jsonb, true, 'N', true);
INSERT INTO public.persons (id, organization_id, household_id, role, first_name, last_name, birth_number, phone, gdpr_consent_signed, safety_rating, is_active) VALUES ('66666666-6666-6666-6666-000000000012', 'a0e0a0e0-a0e0-a0e0-a0e0-a0e0a0e0a0e0', '11111111-1111-1111-1111-000000000012', 'bio_parent', 'Martin', 'Jelínek', '740106/2562', '+420732163419', false, 'Z', true);
INSERT INTO public.events (id, organization_id, household_id, author_id, type, title, payload, occurred_at) VALUES ('77777777-7777-7777-0012-000000000000', 'a0e0a0e0-a0e0-a0e0-a0e0-a0e0a0e0a0e0', '11111111-1111-1111-1111-000000000012', 'aecbcd51-1ae6-48b3-b641-a5c639b46fe6', 'crisis_event', 'Pokus o kontakt biologického otce', '{"content":"Biologický rodič Martin Jelínek se pokusil kontaktovat dítě navzdory soudníšemu zákazu styku. Pěstoun okamžitě kontaktoval naši klíčovou osobu. Incident hlášen na OSPOD.","summary":"Porušení zákazu styku biologickým rodičem."}'::jsonb, '2026-06-16 22:47:35+02');
INSERT INTO public.events (id, organization_id, household_id, author_id, type, title, payload, occurred_at) VALUES ('77777777-7777-7777-0012-000000000001', 'a0e0a0e0-a0e0-a0e0-a0e0-a0e0a0e0a0e0', '11111111-1111-1111-1111-000000000012', 'aecbcd51-1ae6-48b3-b641-a5c639b46fe6', 'crisis_event', 'Pokus o kontakt biologického otce', '{"content":"Biologický rodič Martin Jelínek se pokusil kontaktovat dítě navzdory soudníšemu zákazu styku. Pěstoun okamžitě kontaktoval naši klíčovou osobu. Incident hlášen na OSPOD.","summary":"Porušení zákazu styku biologickým rodičem."}'::jsonb, '2026-06-02 22:47:35+02');

-- Domácnost 14: Jiří Zeman (FF-148-WVF)
INSERT INTO public.households (id, organization_id, branch_id, assigned_ko_id, foster_id, status, notes) VALUES ('11111111-1111-1111-1111-000000000013', 'a0e0a0e0-a0e0-a0e0-a0e0-a0e0a0e0a0e0', 'b0b0b0b0-b0b0-b0b0-b0b0-b0b0b0b0b0b0', 'aecbcd51-1ae6-48b3-b641-a5c639b46fe6', 'FF-148-WVF', 'active', 'Pěstounská rodina: Jiří Zeman. Doprovází Anna Málková.');
INSERT INTO public.persons (id, organization_id, household_id, role, first_name, last_name, birth_date, custom_fields, is_active) VALUES ('22222222-2222-2222-2222-000000000013', 'a0e0a0e0-a0e0-a0e0-a0e0-a0e0a0e0a0e0', '11111111-1111-1111-1111-000000000013', 'foster_parent', 'Jiří', 'Zeman', '1983-09-12', '{"profession":"Podnikatel","foster_care_type":"A","avatar_url":"https://images.unsplash.com/photo-1492562080023-ab3db95bfbce?w=150"}'::jsonb, true);
INSERT INTO public.person_addresses (id, person_id, type, street, city, zip, from_date) VALUES ('33333333-3333-3333-3333-000000000013', '22222222-2222-2222-2222-000000000013', 'actual', 'Sportovní 31', 'Slavkov u Brna', '492 70', '2020-01-01');
INSERT INTO public.persons (id, organization_id, household_id, role, first_name, last_name, birth_date, custom_fields, gdpr_consent_signed, safety_rating, is_active) VALUES ('44444444-4444-4444-0013-000000000000', 'a0e0a0e0-a0e0-a0e0-a0e0-a0e0a0e0a0e0', '11111111-1111-1111-1111-000000000013', 'child', 'Petra', 'Jelínková', '2011-12-07', '{"foster_care_type":"A","avatar_url":"https://images.unsplash.com/photo-1494790108377-be9c29b29330?w=150","hobby":"Florbal","school":"ZŠ Křídlovická Brno"}'::jsonb, true, 'A', true);
INSERT INTO public.persons (id, organization_id, household_id, role, first_name, last_name, birth_date, custom_fields, gdpr_consent_signed, safety_rating, is_active) VALUES ('44444444-4444-4444-0013-000000000001', 'a0e0a0e0-a0e0-a0e0-a0e0-a0e0a0e0a0e0', '11111111-1111-1111-1111-000000000013', 'child', 'František', 'Jelínek', '2021-02-19', '{"foster_care_type":"A","avatar_url":"https://images.unsplash.com/photo-1492562080023-ab3db95bfbce?w=150","hobby":"Fotbal","school":"ZŠ Nádražní Vyškov"}'::jsonb, true, 'A', true);
INSERT INTO public.persons (id, organization_id, household_id, role, first_name, last_name, birth_date, custom_fields, gdpr_consent_signed, safety_rating, is_active) VALUES ('55555555-5555-5555-0013-000000000000', 'a0e0a0e0-a0e0-a0e0-a0e0-a0e0a0e0a0e0', '11111111-1111-1111-1111-000000000013', 'social_contact', 'Martina', 'Zeman', '2021-10-16', '{"avatar_url":"https://images.unsplash.com/photo-1494790108377-be9c29b29330?w=150","relationship_to_child":"Biologická dcera"}'::jsonb, true, 'N', true);
INSERT INTO public.persons (id, organization_id, household_id, role, first_name, last_name, birth_date, custom_fields, gdpr_consent_signed, safety_rating, is_active) VALUES ('55555555-5555-5555-0013-000000000001', 'a0e0a0e0-a0e0-a0e0-a0e0-a0e0a0e0a0e0', '11111111-1111-1111-1111-000000000013', 'social_contact', 'Petr', 'Zeman', '2006-03-17', '{"avatar_url":"https://images.unsplash.com/photo-1492562080023-ab3db95bfbce?w=150","relationship_to_child":"Biologický syn"}'::jsonb, true, 'N', true);
INSERT INTO public.persons (id, organization_id, household_id, role, first_name, last_name, birth_date, custom_fields, gdpr_consent_signed, safety_rating, is_active) VALUES ('55555555-5555-5555-0013-000000000002', 'a0e0a0e0-a0e0-a0e0-a0e0-a0e0a0e0a0e0', '11111111-1111-1111-1111-000000000013', 'social_contact', 'Jaroslav', 'Zeman', '2018-09-15', '{"avatar_url":"https://images.unsplash.com/photo-1500648767791-00dcc994a43e?w=150","relationship_to_child":"Biologický syn"}'::jsonb, true, 'N', true);
INSERT INTO public.persons (id, organization_id, household_id, role, first_name, last_name, birth_number, phone, gdpr_consent_signed, safety_rating, is_active) VALUES ('66666666-6666-6666-6666-000000000013', 'a0e0a0e0-a0e0-a0e0-a0e0-a0e0a0e0a0e0', '11111111-1111-1111-1111-000000000013', 'bio_parent', 'Barbora', 'Černá', '850728/5552', '+420659326880', true, 'B', true);
INSERT INTO public.events (id, organization_id, household_id, author_id, type, title, payload, occurred_at) VALUES ('77777777-7777-7777-0013-000000000000', 'a0e0a0e0-a0e0-a0e0-a0e0-a0e0a0e0a0e0', '11111111-1111-1111-1111-000000000013', 'aecbcd51-1ae6-48b3-b641-a5c639b46fe6', 'regular_visit', 'Pravidelná pololetní návštěva', '{"content":"Návštěva v rodině proběhla v pořádku. Pěstoun Jiří Zeman vzorně spolupracuje, děti se rozvíjejí standardně podle IPOD.","summary":"Pololetní návštěva bez zjištěných nedostatků."}'::jsonb, '2026-05-02 22:47:35+02');

-- Domácnost 15: Aleš Veselý (FF-321-QRN)
INSERT INTO public.households (id, organization_id, branch_id, assigned_ko_id, foster_id, status, notes) VALUES ('11111111-1111-1111-1111-000000000014', 'a0e0a0e0-a0e0-a0e0-a0e0-a0e0a0e0a0e0', 'b0b0b0b0-b0b0-b0b0-b0b0-b0b0b0b0b0b0', 'aecbcd51-1ae6-48b3-b641-a5c639b46fe6', 'FF-321-QRN', 'active', 'Pěstounská rodina: Aleš Veselý. Doprovází Anna Málková.');
INSERT INTO public.persons (id, organization_id, household_id, role, first_name, last_name, birth_date, custom_fields, is_active) VALUES ('22222222-2222-2222-2222-000000000014', 'a0e0a0e0-a0e0-a0e0-a0e0-a0e0a0e0a0e0', '11111111-1111-1111-1111-000000000014', 'foster_parent', 'Aleš', 'Veselý', '1979-03-04', '{"profession":"Prodavač","foster_care_type":"C","avatar_url":"https://images.unsplash.com/photo-1507003211169-0a1dd7228f2d?w=150","relationship_to_child":"strýc"}'::jsonb, true);
INSERT INTO public.person_addresses (id, person_id, type, street, city, zip, from_date) VALUES ('33333333-3333-3333-3333-000000000014', '22222222-2222-2222-2222-000000000014', 'actual', 'Nádražní 20', 'Hostomice', '122 28', '2020-01-01');
INSERT INTO public.persons (id, organization_id, household_id, role, first_name, last_name, birth_date, custom_fields, gdpr_consent_signed, safety_rating, is_active) VALUES ('44444444-4444-4444-0014-000000000000', 'a0e0a0e0-a0e0-a0e0-a0e0-a0e0a0e0a0e0', '11111111-1111-1111-1111-000000000014', 'child', 'Lucie', 'Horáková', '2011-01-22', '{"relationship_to_foster_parent":"neteř","foster_care_type":"C","avatar_url":"https://images.unsplash.com/photo-1517841905240-472988babdf9?w=150","hobby":"Plavání","school":"ZŠ Křídlovická Brno"}'::jsonb, true, 'B', true);
INSERT INTO public.persons (id, organization_id, household_id, role, first_name, last_name, birth_date, custom_fields, gdpr_consent_signed, safety_rating, is_active) VALUES ('44444444-4444-4444-0014-000000000001', 'a0e0a0e0-a0e0-a0e0-a0e0-a0e0a0e0a0e0', '11111111-1111-1111-1111-000000000014', 'child', 'Lenka', 'Kolářová', '2016-06-11', '{"relationship_to_foster_parent":"neteř","foster_care_type":"C","avatar_url":"https://images.unsplash.com/photo-1494790108377-be9c29b29330?w=150","hobby":"Keramika","school":"ZŠ Úvoz Brno"}'::jsonb, true, 'C', true);
INSERT INTO public.persons (id, organization_id, household_id, role, first_name, last_name, birth_date, custom_fields, gdpr_consent_signed, safety_rating, is_active) VALUES ('55555555-5555-5555-0014-000000000000', 'a0e0a0e0-a0e0-a0e0-a0e0-a0e0a0e0a0e0', '11111111-1111-1111-1111-000000000014', 'social_contact', 'Adéla', 'Veselý', '2019-08-16', '{"avatar_url":"https://images.unsplash.com/photo-1438761681033-6461ffad8d80?w=150","relationship_to_child":"Biologická dcera"}'::jsonb, true, 'N', true);
INSERT INTO public.persons (id, organization_id, household_id, role, first_name, last_name, birth_date, custom_fields, gdpr_consent_signed, safety_rating, is_active) VALUES ('55555555-5555-5555-0014-000000000001', 'a0e0a0e0-a0e0-a0e0-a0e0-a0e0a0e0a0e0', '11111111-1111-1111-1111-000000000014', 'social_contact', 'Ondřej', 'Veselý', '2009-05-28', '{"avatar_url":"https://images.unsplash.com/photo-1519085360753-af0119f7cbe7?w=150","relationship_to_child":"Biologický syn"}'::jsonb, true, 'N', true);
INSERT INTO public.persons (id, organization_id, household_id, role, first_name, last_name, birth_date, custom_fields, gdpr_consent_signed, safety_rating, is_active) VALUES ('55555555-5555-5555-0014-000000000002', 'a0e0a0e0-a0e0-a0e0-a0e0-a0e0a0e0a0e0', '11111111-1111-1111-1111-000000000014', 'social_contact', 'Václav', 'Veselý', '2006-11-11', '{"avatar_url":"https://images.unsplash.com/photo-1519085360753-af0119f7cbe7?w=150","relationship_to_child":"Biologický syn"}'::jsonb, true, 'N', true);
INSERT INTO public.persons (id, organization_id, household_id, role, first_name, last_name, birth_number, phone, gdpr_consent_signed, safety_rating, is_active) VALUES ('66666666-6666-6666-6666-000000000014', 'a0e0a0e0-a0e0-a0e0-a0e0-a0e0a0e0a0e0', '11111111-1111-1111-1111-000000000014', 'bio_parent', 'Michal', 'Zeman', '870713/7497', '+420759426898', false, 'B', true);
INSERT INTO public.events (id, organization_id, household_id, author_id, type, title, payload, occurred_at) VALUES ('77777777-7777-7777-0014-000000000000', 'a0e0a0e0-a0e0-a0e0-a0e0-a0e0a0e0a0e0', '11111111-1111-1111-1111-000000000014', 'aecbcd51-1ae6-48b3-b641-a5c639b46fe6', 'phone_call', 'Telefonický kontakt s pěstounem', '{"content":"Telefonický hovor s pěstounem. Probírali jsme chování dětí ve škole a plánování letních prázdninových aktivit.","summary":"Telefonát ohledně prázdnin."}'::jsonb, '2026-05-22 22:47:35+02');
INSERT INTO public.events (id, organization_id, household_id, author_id, type, title, payload, occurred_at) VALUES ('77777777-7777-7777-0014-000000000001', 'a0e0a0e0-a0e0-a0e0-a0e0-a0e0a0e0a0e0', '11111111-1111-1111-1111-000000000014', 'aecbcd51-1ae6-48b3-b641-a5c639b46fe6', 'crisis_event', 'Incident / Porušení pravidel', '{"content":"Hlášen drobný incident v rodině: neshody ve škole ohledně prospěchu. Klíčová osoba naplánovala společné jednání s třídním učitelem.","summary":"Řešení studijních problémů."}'::jsonb, '2026-04-04 22:47:35+02');

-- Domácnost 16: Lukáš Fiala (FF-254-TJX)
INSERT INTO public.households (id, organization_id, branch_id, assigned_ko_id, foster_id, status, notes) VALUES ('11111111-1111-1111-1111-000000000015', 'a0e0a0e0-a0e0-a0e0-a0e0-a0e0a0e0a0e0', 'b0b0b0b0-b0b0-b0b0-b0b0-b0b0b0b0b0b0', 'aecbcd51-1ae6-48b3-b641-a5c639b46fe6', 'FF-254-TJX', 'active', 'Pěstounská rodina: Lukáš Fiala. Doprovází Anna Málková.');
INSERT INTO public.persons (id, organization_id, household_id, role, first_name, last_name, birth_date, custom_fields, is_active) VALUES ('22222222-2222-2222-2222-000000000015', 'a0e0a0e0-a0e0-a0e0-a0e0-a0e0a0e0a0e0', '11111111-1111-1111-1111-000000000015', 'foster_parent', 'Lukáš', 'Fiala', '1970-06-02', '{"profession":"IT specialista","foster_care_type":"B","avatar_url":"https://images.unsplash.com/photo-1507003211169-0a1dd7228f2d?w=150"}'::jsonb, true);
INSERT INTO public.person_addresses (id, person_id, type, street, city, zip, from_date) VALUES ('33333333-3333-3333-3333-000000000015', '22222222-2222-2222-2222-000000000015', 'actual', 'Údolní 102', 'Blansko', '616 16', '2020-01-01');
INSERT INTO public.persons (id, organization_id, household_id, role, first_name, last_name, birth_date, custom_fields, gdpr_consent_signed, safety_rating, is_active) VALUES ('44444444-4444-4444-0015-000000000000', 'a0e0a0e0-a0e0-a0e0-a0e0-a0e0a0e0a0e0', '11111111-1111-1111-1111-000000000015', 'child', 'Veronika', 'Králová', '2015-07-06', '{"foster_care_type":"B","avatar_url":"https://images.unsplash.com/photo-1494790108377-be9c29b29330?w=150","hobby":"Čtení","school":"ZŠ Merhautova Brno"}'::jsonb, true, 'B', true);
INSERT INTO public.persons (id, organization_id, household_id, role, first_name, last_name, birth_date, custom_fields, gdpr_consent_signed, safety_rating, is_active) VALUES ('44444444-4444-4444-0015-000000000001', 'a0e0a0e0-a0e0-a0e0-a0e0-a0e0a0e0a0e0', '11111111-1111-1111-1111-000000000015', 'child', 'Hana', 'Procházková', '2011-07-27', '{"foster_care_type":"B","avatar_url":"https://images.unsplash.com/photo-1517841905240-472988babdf9?w=150","hobby":"Fotbal","school":"ZŠ Školní Hostomice"}'::jsonb, true, 'A', true);
INSERT INTO public.persons (id, organization_id, household_id, role, first_name, last_name, birth_date, custom_fields, gdpr_consent_signed, safety_rating, is_active) VALUES ('55555555-5555-5555-0015-000000000000', 'a0e0a0e0-a0e0-a0e0-a0e0-a0e0a0e0a0e0', '11111111-1111-1111-1111-000000000015', 'social_contact', 'Barbora', 'Fiala', '2008-08-28', '{"avatar_url":"https://images.unsplash.com/photo-1494790108377-be9c29b29330?w=150","relationship_to_child":"Biologická dcera"}'::jsonb, true, 'N', true);
INSERT INTO public.persons (id, organization_id, household_id, role, first_name, last_name, birth_number, phone, gdpr_consent_signed, safety_rating, is_active) VALUES ('66666666-6666-6666-6666-000000000015', 'a0e0a0e0-a0e0-a0e0-a0e0-a0e0a0e0a0e0', '11111111-1111-1111-1111-000000000015', 'bio_parent', 'Jakub', 'Sedláček', '730118/6941', '+420753466283', false, 'C', true);
INSERT INTO public.events (id, organization_id, household_id, author_id, type, title, payload, occurred_at) VALUES ('77777777-7777-7777-0015-000000000000', 'a0e0a0e0-a0e0-a0e0-a0e0-a0e0a0e0a0e0', '11111111-1111-1111-1111-000000000015', 'aecbcd51-1ae6-48b3-b641-a5c639b46fe6', 'phone_call', 'Telefonický kontakt s pěstounem', '{"content":"Telefonický hovor s pěstounem. Probírali jsme chování dětí ve škole a plánování letních prázdninových aktivit.","summary":"Telefonát ohledně prázdnin."}'::jsonb, '2026-05-17 22:47:35+02');
INSERT INTO public.events (id, organization_id, household_id, author_id, type, title, payload, occurred_at) VALUES ('77777777-7777-7777-0015-000000000001', 'a0e0a0e0-a0e0-a0e0-a0e0-a0e0a0e0a0e0', '11111111-1111-1111-1111-000000000015', 'aecbcd51-1ae6-48b3-b641-a5c639b46fe6', 'phone_call', 'Telefonický kontakt s pěstounem', '{"content":"Telefonický hovor s pěstounem. Probírali jsme chování dětí ve škole a plánování letních prázdninových aktivit.","summary":"Telefonát ohledně prázdnin."}'::jsonb, '2026-05-14 22:47:35+02');

-- Domácnost 17: Petr Svoboda (FF-261-TNG)
INSERT INTO public.households (id, organization_id, branch_id, assigned_ko_id, foster_id, status, notes) VALUES ('11111111-1111-1111-1111-000000000016', 'a0e0a0e0-a0e0-a0e0-a0e0-a0e0a0e0a0e0', 'b0b0b0b0-b0b0-b0b0-b0b0-b0b0b0b0b0b0', 'aecbcd51-1ae6-48b3-b641-a5c639b46fe6', 'FF-261-TNG', 'active', 'Pěstounská rodina: Petr Svoboda. Doprovází Anna Málková.');
INSERT INTO public.persons (id, organization_id, household_id, role, first_name, last_name, birth_date, custom_fields, is_active) VALUES ('22222222-2222-2222-2222-000000000016', 'a0e0a0e0-a0e0-a0e0-a0e0-a0e0a0e0a0e0', '11111111-1111-1111-1111-000000000016', 'foster_parent', 'Petr', 'Svoboda', '1981-01-20', '{"profession":"Prodavač","foster_care_type":"A","avatar_url":"https://images.unsplash.com/photo-1507003211169-0a1dd7228f2d?w=150"}'::jsonb, true);
INSERT INTO public.person_addresses (id, person_id, type, street, city, zip, from_date) VALUES ('33333333-3333-3333-3333-000000000016', '22222222-2222-2222-2222-000000000016', 'actual', 'Husova 135', 'Hostomice', '559 37', '2020-01-01');
INSERT INTO public.persons (id, organization_id, household_id, role, first_name, last_name, birth_date, custom_fields, gdpr_consent_signed, safety_rating, is_active) VALUES ('44444444-4444-4444-0016-000000000000', 'a0e0a0e0-a0e0-a0e0-a0e0-a0e0a0e0a0e0', '11111111-1111-1111-1111-000000000016', 'child', 'Lenka', 'Benešová', '2017-08-26', '{"foster_care_type":"A","avatar_url":"https://images.unsplash.com/photo-1494790108377-be9c29b29330?w=150","hobby":"Cyklistika","school":"ZŠ Školní Hostomice"}'::jsonb, true, 'C', true);
INSERT INTO public.persons (id, organization_id, household_id, role, first_name, last_name, birth_date, custom_fields, gdpr_consent_signed, safety_rating, is_active) VALUES ('55555555-5555-5555-0016-000000000000', 'a0e0a0e0-a0e0-a0e0-a0e0-a0e0a0e0a0e0', '11111111-1111-1111-1111-000000000016', 'social_contact', 'Veronika', 'Svoboda', '2019-09-10', '{"avatar_url":"https://images.unsplash.com/photo-1488426862026-3ee34a7d66df?w=150","relationship_to_child":"Biologická dcera"}'::jsonb, true, 'N', true);
INSERT INTO public.persons (id, organization_id, household_id, role, first_name, last_name, birth_date, custom_fields, gdpr_consent_signed, safety_rating, is_active) VALUES ('55555555-5555-5555-0016-000000000001', 'a0e0a0e0-a0e0-a0e0-a0e0-a0e0a0e0a0e0', '11111111-1111-1111-1111-000000000016', 'social_contact', 'Petra', 'Svoboda', '2014-06-28', '{"avatar_url":"https://images.unsplash.com/photo-1494790108377-be9c29b29330?w=150","relationship_to_child":"Biologická dcera"}'::jsonb, true, 'N', true);
INSERT INTO public.persons (id, organization_id, household_id, role, first_name, last_name, birth_number, phone, gdpr_consent_signed, safety_rating, is_active) VALUES ('66666666-6666-6666-6666-000000000016', 'a0e0a0e0-a0e0-a0e0-a0e0-a0e0a0e0a0e0', '11111111-1111-1111-1111-000000000016', 'bio_parent', 'Petr', 'Černý', '931014/4532', '+420603371629', false, 'B', true);
INSERT INTO public.events (id, organization_id, household_id, author_id, type, title, payload, occurred_at) VALUES ('77777777-7777-7777-0016-000000000000', 'a0e0a0e0-a0e0-a0e0-a0e0-a0e0a0e0a0e0', '11111111-1111-1111-1111-000000000016', 'aecbcd51-1ae6-48b3-b641-a5c639b46fe6', 'phone_call', 'Telefonický kontakt s pěstounem', '{"content":"Telefonický hovor s pěstounem. Probírali jsme chování dětí ve škole a plánování letních prázdninových aktivit.","summary":"Telefonát ohledně prázdnin."}'::jsonb, '2026-05-25 22:47:35+02');

-- Domácnost 18: Ondřej Beneš (FF-230-DBR)
INSERT INTO public.households (id, organization_id, branch_id, assigned_ko_id, foster_id, status, notes) VALUES ('11111111-1111-1111-1111-000000000017', 'a0e0a0e0-a0e0-a0e0-a0e0-a0e0a0e0a0e0', 'b0b0b0b0-b0b0-b0b0-b0b0-b0b0b0b0b0b0', 'aecbcd51-1ae6-48b3-b641-a5c639b46fe6', 'FF-230-DBR', 'active', 'Pěstounská rodina: Ondřej Beneš. Doprovází Anna Málková.');
INSERT INTO public.persons (id, organization_id, household_id, role, first_name, last_name, birth_date, custom_fields, is_active) VALUES ('22222222-2222-2222-2222-000000000017', 'a0e0a0e0-a0e0-a0e0-a0e0-a0e0a0e0a0e0', '11111111-1111-1111-1111-000000000017', 'foster_parent', 'Ondřej', 'Beneš', '1976-10-22', '{"profession":"Zdravotní sestra","foster_care_type":"B","avatar_url":"https://images.unsplash.com/photo-1519085360753-af0119f7cbe7?w=150"}'::jsonb, true);
INSERT INTO public.person_addresses (id, person_id, type, street, city, zip, from_date) VALUES ('33333333-3333-3333-3333-000000000017', '22222222-2222-2222-2222-000000000017', 'actual', 'Školní 1', 'Kuřim', '352 98', '2020-01-01');
INSERT INTO public.persons (id, organization_id, household_id, role, first_name, last_name, birth_date, custom_fields, gdpr_consent_signed, safety_rating, is_active) VALUES ('44444444-4444-4444-0017-000000000000', 'a0e0a0e0-a0e0-a0e0-a0e0-a0e0a0e0a0e0', '11111111-1111-1111-1111-000000000017', 'child', 'Monika', 'Králová', '2017-01-03', '{"foster_care_type":"B","avatar_url":"https://images.unsplash.com/photo-1488426862026-3ee34a7d66df?w=150","hobby":"Keramika","school":"ZŠ Merhautova Brno"}'::jsonb, true, 'A', true);
INSERT INTO public.persons (id, organization_id, household_id, role, first_name, last_name, birth_date, custom_fields, gdpr_consent_signed, safety_rating, is_active) VALUES ('44444444-4444-4444-0017-000000000001', 'a0e0a0e0-a0e0-a0e0-a0e0-a0e0a0e0a0e0', '11111111-1111-1111-1111-000000000017', 'child', 'Monika', 'Marková', '2012-12-27', '{"foster_care_type":"B","avatar_url":"https://images.unsplash.com/photo-1517841905240-472988babdf9?w=150","hobby":"Hra na klavír","school":"ZŠ Křídlovická Brno"}'::jsonb, true, 'A', true);
INSERT INTO public.persons (id, organization_id, household_id, role, first_name, last_name, birth_date, custom_fields, gdpr_consent_signed, safety_rating, is_active) VALUES ('55555555-5555-5555-0017-000000000000', 'a0e0a0e0-a0e0-a0e0-a0e0-a0e0a0e0a0e0', '11111111-1111-1111-1111-000000000017', 'social_contact', 'Miroslav', 'Beneš', '2007-06-13', '{"avatar_url":"https://images.unsplash.com/photo-1492562080023-ab3db95bfbce?w=150","relationship_to_child":"Biologický syn"}'::jsonb, true, 'N', true);
INSERT INTO public.persons (id, organization_id, household_id, role, first_name, last_name, birth_number, phone, gdpr_consent_signed, safety_rating, is_active) VALUES ('66666666-6666-6666-6666-000000000017', 'a0e0a0e0-a0e0-a0e0-a0e0-a0e0a0e0a0e0', '11111111-1111-1111-1111-000000000017', 'bio_parent', 'Lenka', 'Pokorná', '860401/2780', '+420745122757', false, 'B', true);
INSERT INTO public.events (id, organization_id, household_id, author_id, type, title, payload, occurred_at) VALUES ('77777777-7777-7777-0017-000000000000', 'a0e0a0e0-a0e0-a0e0-a0e0-a0e0a0e0a0e0', '11111111-1111-1111-1111-000000000017', 'aecbcd51-1ae6-48b3-b641-a5c639b46fe6', 'phone_call', 'Telefonický kontakt s pěstounem', '{"content":"Telefonický hovor s pěstounem. Probírali jsme chování dětí ve škole a plánování letních prázdninových aktivit.","summary":"Telefonát ohledně prázdnin."}'::jsonb, '2026-03-25 22:47:35+02');

-- Domácnost 19: Veronika Pokorná (FF-599-DNS)
INSERT INTO public.households (id, organization_id, branch_id, assigned_ko_id, foster_id, status, notes) VALUES ('11111111-1111-1111-1111-000000000018', 'a0e0a0e0-a0e0-a0e0-a0e0-a0e0a0e0a0e0', 'b0b0b0b0-b0b0-b0b0-b0b0-b0b0b0b0b0b0', 'aecbcd51-1ae6-48b3-b641-a5c639b46fe6', 'FF-599-DNS', 'active', 'Pěstounská rodina: Veronika Pokorná. Doprovází Anna Málková.');
INSERT INTO public.persons (id, organization_id, household_id, role, first_name, last_name, birth_date, custom_fields, is_active) VALUES ('22222222-2222-2222-2222-000000000018', 'a0e0a0e0-a0e0-a0e0-a0e0-a0e0a0e0a0e0', '11111111-1111-1111-1111-000000000018', 'foster_parent', 'Veronika', 'Pokorná', '1967-10-02', '{"profession":"Zahradník","foster_care_type":"C","avatar_url":"https://images.unsplash.com/photo-1534528741775-53994a69daeb?w=150","relationship_to_child":"teta"}'::jsonb, true);
INSERT INTO public.person_addresses (id, person_id, type, street, city, zip, from_date) VALUES ('33333333-3333-3333-3333-000000000018', '22222222-2222-2222-2222-000000000018', 'actual', 'Pekařská 9', 'Hostomice', '403 92', '2020-01-01');
INSERT INTO public.persons (id, organization_id, household_id, role, first_name, last_name, birth_date, custom_fields, gdpr_consent_signed, safety_rating, is_active) VALUES ('44444444-4444-4444-0018-000000000000', 'a0e0a0e0-a0e0-a0e0-a0e0-a0e0a0e0a0e0', '11111111-1111-1111-1111-000000000018', 'child', 'Barbora', 'Černá', '2010-10-26', '{"relationship_to_foster_parent":"neteř","foster_care_type":"C","avatar_url":"https://images.unsplash.com/photo-1534528741775-53994a69daeb?w=150","hobby":"Hra na klavír","school":"Gymnázium Elgartova Brno"}'::jsonb, true, 'A', true);
INSERT INTO public.persons (id, organization_id, household_id, role, first_name, last_name, birth_date, custom_fields, gdpr_consent_signed, safety_rating, is_active) VALUES ('55555555-5555-5555-0018-000000000000', 'a0e0a0e0-a0e0-a0e0-a0e0-a0e0a0e0a0e0', '11111111-1111-1111-1111-000000000018', 'social_contact', 'Michal', 'Pokorná', '2007-09-16', '{"avatar_url":"https://images.unsplash.com/photo-1507003211169-0a1dd7228f2d?w=150","relationship_to_child":"Biologický syn"}'::jsonb, true, 'N', true);
INSERT INTO public.persons (id, organization_id, household_id, role, first_name, last_name, birth_number, phone, gdpr_consent_signed, safety_rating, is_active) VALUES ('66666666-6666-6666-6666-000000000018', 'a0e0a0e0-a0e0-a0e0-a0e0-a0e0a0e0a0e0', '11111111-1111-1111-1111-000000000018', 'bio_parent', 'Josef', 'Černý', '700704/4384', '+420624197111', false, 'C', true);
INSERT INTO public.events (id, organization_id, household_id, author_id, type, title, payload, occurred_at) VALUES ('77777777-7777-7777-0018-000000000000', 'a0e0a0e0-a0e0-a0e0-a0e0-a0e0a0e0a0e0', '11111111-1111-1111-1111-000000000018', 'aecbcd51-1ae6-48b3-b641-a5c639b46fe6', 'phone_call', 'Telefonický kontakt s pěstounem', '{"content":"Telefonický hovor s pěstounem. Probírali jsme chování dětí ve škole a plánování letních prázdninových aktivit.","summary":"Telefonát ohledně prázdnin."}'::jsonb, '2026-04-23 22:47:35+02');
INSERT INTO public.events (id, organization_id, household_id, author_id, type, title, payload, occurred_at) VALUES ('77777777-7777-7777-0018-000000000001', 'a0e0a0e0-a0e0-a0e0-a0e0-a0e0a0e0a0e0', '11111111-1111-1111-1111-000000000018', 'aecbcd51-1ae6-48b3-b641-a5c639b46fe6', 'phone_call', 'Telefonický kontakt s pěstounem', '{"content":"Telefonický hovor s pěstounem. Probírali jsme chování dětí ve škole a plánování letních prázdninových aktivit.","summary":"Telefonát ohledně prázdnin."}'::jsonb, '2026-06-14 22:47:35+02');

-- Domácnost 20: Martina Horáková (FF-404-CXR)
INSERT INTO public.households (id, organization_id, branch_id, assigned_ko_id, foster_id, status, notes) VALUES ('11111111-1111-1111-1111-000000000019', 'a0e0a0e0-a0e0-a0e0-a0e0-a0e0a0e0a0e0', 'b0b0b0b0-b0b0-b0b0-b0b0-b0b0b0b0b0b0', 'aecbcd51-1ae6-48b3-b641-a5c639b46fe6', 'FF-404-CXR', 'active', 'Pěstounská rodina: Martina Horáková. Doprovází Anna Málková.');
INSERT INTO public.persons (id, organization_id, household_id, role, first_name, last_name, birth_date, custom_fields, is_active) VALUES ('22222222-2222-2222-2222-000000000019', 'a0e0a0e0-a0e0-a0e0-a0e0-a0e0a0e0a0e0', '11111111-1111-1111-1111-000000000019', 'foster_parent', 'Martina', 'Horáková', '1972-02-20', '{"profession":"Podnikatel","foster_care_type":"A","avatar_url":"https://images.unsplash.com/photo-1534528741775-53994a69daeb?w=150"}'::jsonb, true);
INSERT INTO public.person_addresses (id, person_id, type, street, city, zip, from_date) VALUES ('33333333-3333-3333-3333-000000000019', '22222222-2222-2222-2222-000000000019', 'actual', 'Merhautova 111', 'Hostomice', '799 36', '2020-01-01');
INSERT INTO public.persons (id, organization_id, household_id, role, first_name, last_name, birth_date, custom_fields, gdpr_consent_signed, safety_rating, is_active) VALUES ('44444444-4444-4444-0019-000000000000', 'a0e0a0e0-a0e0-a0e0-a0e0-a0e0a0e0a0e0', '11111111-1111-1111-1111-000000000019', 'child', 'Barbora', 'Dvořáková', '2020-04-15', '{"foster_care_type":"A","avatar_url":"https://images.unsplash.com/photo-1544005313-94ddf0286df2?w=150","hobby":"Čtení","school":"ZŠ Školní Hostomice"}'::jsonb, true, 'B', true);
INSERT INTO public.persons (id, organization_id, household_id, role, first_name, last_name, birth_date, custom_fields, gdpr_consent_signed, safety_rating, is_active) VALUES ('55555555-5555-5555-0019-000000000000', 'a0e0a0e0-a0e0-a0e0-a0e0-a0e0a0e0a0e0', '11111111-1111-1111-1111-000000000019', 'social_contact', 'Barbora', 'Horáková', '2015-01-03', '{"avatar_url":"https://images.unsplash.com/photo-1544005313-94ddf0286df2?w=150","relationship_to_child":"Biologická dcera"}'::jsonb, true, 'N', true);
INSERT INTO public.persons (id, organization_id, household_id, role, first_name, last_name, birth_number, phone, gdpr_consent_signed, safety_rating, is_active) VALUES ('66666666-6666-6666-6666-000000000019', 'a0e0a0e0-a0e0-a0e0-a0e0-a0e0a0e0a0e0', '11111111-1111-1111-1111-000000000019', 'bio_parent', 'Jana', 'Pokorná', '900722/1141', '+420754220424', false, 'Z', true);
INSERT INTO public.events (id, organization_id, household_id, author_id, type, title, payload, occurred_at) VALUES ('77777777-7777-7777-0019-000000000000', 'a0e0a0e0-a0e0-a0e0-a0e0-a0e0a0e0a0e0', '11111111-1111-1111-1111-000000000019', 'aecbcd51-1ae6-48b3-b641-a5c639b46fe6', 'crisis_event', 'Pokus o kontakt biologického otce', '{"content":"Biologický rodič Jana Pokorná se pokusil kontaktovat dítě navzdory soudníšemu zákazu styku. Pěstoun okamžitě kontaktoval naši klíčovou osobu. Incident hlášen na OSPOD.","summary":"Porušení zákazu styku biologickým rodičem."}'::jsonb, '2026-03-30 22:47:35+02');
INSERT INTO public.events (id, organization_id, household_id, author_id, type, title, payload, occurred_at) VALUES ('77777777-7777-7777-0019-000000000001', 'a0e0a0e0-a0e0-a0e0-a0e0-a0e0a0e0a0e0', '11111111-1111-1111-1111-000000000019', 'aecbcd51-1ae6-48b3-b641-a5c639b46fe6', 'crisis_event', 'Pokus o kontakt biologického otce', '{"content":"Biologický rodič Jana Pokorná se pokusil kontaktovat dítě navzdory soudníšemu zákazu styku. Pěstoun okamžitě kontaktoval naši klíčovou osobu. Incident hlášen na OSPOD.","summary":"Porušení zákazu styku biologickým rodičem."}'::jsonb, '2026-05-24 22:47:35+02');

-- Domácnost 21: Aleš Kučera (FF-936-DGN)
INSERT INTO public.households (id, organization_id, branch_id, assigned_ko_id, foster_id, status, notes) VALUES ('11111111-1111-1111-1111-000000000020', 'a0e0a0e0-a0e0-a0e0-a0e0-a0e0a0e0a0e0', 'b0b0b0b0-b0b0-b0b0-b0b0-b0b0b0b0b0b0', 'f1520cd2-38d3-49fc-a40b-e6c4524983c8', 'FF-936-DGN', 'active', 'Pěstounská rodina: Aleš Kučera. Doprovází Anna Málková.');
INSERT INTO public.persons (id, organization_id, household_id, role, first_name, last_name, birth_date, custom_fields, is_active) VALUES ('22222222-2222-2222-2222-000000000020', 'a0e0a0e0-a0e0-a0e0-a0e0-a0e0a0e0a0e0', '11111111-1111-1111-1111-000000000020', 'foster_parent', 'Aleš', 'Kučera', '1966-07-19', '{"profession":"Zahradník","foster_care_type":"B","avatar_url":"https://images.unsplash.com/photo-1501196354995-cbb51c65aaea?w=150"}'::jsonb, true);
INSERT INTO public.person_addresses (id, person_id, type, street, city, zip, from_date) VALUES ('33333333-3333-3333-3333-000000000020', '22222222-2222-2222-2222-000000000020', 'actual', 'Husova 78', 'Blansko', '407 84', '2020-01-01');
INSERT INTO public.persons (id, organization_id, household_id, role, first_name, last_name, birth_date, custom_fields, gdpr_consent_signed, safety_rating, is_active) VALUES ('44444444-4444-4444-0020-000000000000', 'a0e0a0e0-a0e0-a0e0-a0e0-a0e0a0e0a0e0', '11111111-1111-1111-1111-000000000020', 'child', 'Martina', 'Veselá', '2015-12-06', '{"foster_care_type":"B","avatar_url":"https://images.unsplash.com/photo-1534528741775-53994a69daeb?w=150","hobby":"Cyklistika","school":"ZŠ Křídlovická Brno"}'::jsonb, true, 'C', true);
INSERT INTO public.persons (id, organization_id, household_id, role, first_name, last_name, birth_date, custom_fields, gdpr_consent_signed, safety_rating, is_active) VALUES ('55555555-5555-5555-0020-000000000000', 'a0e0a0e0-a0e0-a0e0-a0e0-a0e0a0e0a0e0', '11111111-1111-1111-1111-000000000020', 'social_contact', 'Jakub', 'Kučera', '2007-08-27', '{"avatar_url":"https://images.unsplash.com/photo-1519085360753-af0119f7cbe7?w=150","relationship_to_child":"Biologický syn"}'::jsonb, true, 'N', true);
INSERT INTO public.persons (id, organization_id, household_id, role, first_name, last_name, birth_date, custom_fields, gdpr_consent_signed, safety_rating, is_active) VALUES ('55555555-5555-5555-0020-000000000001', 'a0e0a0e0-a0e0-a0e0-a0e0-a0e0a0e0a0e0', '11111111-1111-1111-1111-000000000020', 'social_contact', 'Petr', 'Kučera', '2018-01-18', '{"avatar_url":"https://images.unsplash.com/photo-1519085360753-af0119f7cbe7?w=150","relationship_to_child":"Biologický syn"}'::jsonb, true, 'N', true);
INSERT INTO public.persons (id, organization_id, household_id, role, first_name, last_name, birth_number, phone, gdpr_consent_signed, safety_rating, is_active) VALUES ('66666666-6666-6666-6666-000000000020', 'a0e0a0e0-a0e0-a0e0-a0e0-a0e0a0e0a0e0', '11111111-1111-1111-1111-000000000020', 'bio_parent', 'Adéla', 'Svobodová', '820321/2649', '+420637375690', true, 'Z', true);
INSERT INTO public.events (id, organization_id, household_id, author_id, type, title, payload, occurred_at) VALUES ('77777777-7777-7777-0020-000000000000', 'a0e0a0e0-a0e0-a0e0-a0e0-a0e0a0e0a0e0', '11111111-1111-1111-1111-000000000020', 'f1520cd2-38d3-49fc-a40b-e6c4524983c8', 'crisis_event', 'Pokus o kontakt biologického otce', '{"content":"Biologický rodič Adéla Svobodová se pokusil kontaktovat dítě navzdory soudníšemu zákazu styku. Pěstoun okamžitě kontaktoval naši klíčovou osobu. Incident hlášen na OSPOD.","summary":"Porušení zákazu styku biologickým rodičem."}'::jsonb, '2026-06-16 22:47:35+02');
INSERT INTO public.events (id, organization_id, household_id, author_id, type, title, payload, occurred_at) VALUES ('77777777-7777-7777-0020-000000000001', 'a0e0a0e0-a0e0-a0e0-a0e0-a0e0a0e0a0e0', '11111111-1111-1111-1111-000000000020', 'f1520cd2-38d3-49fc-a40b-e6c4524983c8', 'crisis_event', 'Pokus o kontakt biologického otce', '{"content":"Biologický rodič Adéla Svobodová se pokusil kontaktovat dítě navzdory soudníšemu zákazu styku. Pěstoun okamžitě kontaktoval naši klíčovou osobu. Incident hlášen na OSPOD.","summary":"Porušení zákazu styku biologickým rodičem."}'::jsonb, '2026-03-22 22:47:35+02');

-- Domácnost 22: Václav Zeman (FF-262-YEY)
INSERT INTO public.households (id, organization_id, branch_id, assigned_ko_id, foster_id, status, notes) VALUES ('11111111-1111-1111-1111-000000000021', 'a0e0a0e0-a0e0-a0e0-a0e0-a0e0a0e0a0e0', 'b0b0b0b0-b0b0-b0b0-b0b0-b0b0b0b0b0b0', 'f1520cd2-38d3-49fc-a40b-e6c4524983c8', 'FF-262-YEY', 'active', 'Pěstounská rodina: Václav Zeman. Doprovází Anna Málková.');
INSERT INTO public.persons (id, organization_id, household_id, role, first_name, last_name, birth_date, custom_fields, is_active) VALUES ('22222222-2222-2222-2222-000000000021', 'a0e0a0e0-a0e0-a0e0-a0e0-a0e0a0e0a0e0', '11111111-1111-1111-1111-000000000021', 'foster_parent', 'Václav', 'Zeman', '1966-05-06', '{"profession":"Podnikatel","foster_care_type":"A","avatar_url":"https://images.unsplash.com/photo-1492562080023-ab3db95bfbce?w=150"}'::jsonb, true);
INSERT INTO public.person_addresses (id, person_id, type, street, city, zip, from_date) VALUES ('33333333-3333-3333-3333-000000000021', '22222222-2222-2222-2222-000000000021', 'actual', 'Pekařská 81', 'Modřice', '599 73', '2020-01-01');
INSERT INTO public.persons (id, organization_id, household_id, role, first_name, last_name, birth_date, custom_fields, gdpr_consent_signed, safety_rating, is_active) VALUES ('44444444-4444-4444-0021-000000000000', 'a0e0a0e0-a0e0-a0e0-a0e0-a0e0a0e0a0e0', '11111111-1111-1111-1111-000000000021', 'child', 'Petra', 'Jelínková', '2013-10-06', '{"foster_care_type":"A","avatar_url":"https://images.unsplash.com/photo-1438761681033-6461ffad8d80?w=150","hobby":"Hra na klavír","school":"ZŠ Merhautova Brno"}'::jsonb, true, 'A', true);
INSERT INTO public.persons (id, organization_id, household_id, role, first_name, last_name, birth_date, custom_fields, gdpr_consent_signed, safety_rating, is_active) VALUES ('55555555-5555-5555-0021-000000000000', 'a0e0a0e0-a0e0-a0e0-a0e0-a0e0a0e0a0e0', '11111111-1111-1111-1111-000000000021', 'social_contact', 'Anna', 'Zeman', '2014-01-01', '{"avatar_url":"https://images.unsplash.com/photo-1534528741775-53994a69daeb?w=150","relationship_to_child":"Biologická dcera"}'::jsonb, true, 'N', true);
INSERT INTO public.persons (id, organization_id, household_id, role, first_name, last_name, birth_number, phone, gdpr_consent_signed, safety_rating, is_active) VALUES ('66666666-6666-6666-6666-000000000021', 'a0e0a0e0-a0e0-a0e0-a0e0-a0e0a0e0a0e0', '11111111-1111-1111-1111-000000000021', 'bio_parent', 'Kristýna', 'Kolářová', '741211/3461', '+420621278730', true, 'Z', true);
INSERT INTO public.events (id, organization_id, household_id, author_id, type, title, payload, occurred_at) VALUES ('77777777-7777-7777-0021-000000000000', 'a0e0a0e0-a0e0-a0e0-a0e0-a0e0a0e0a0e0', '11111111-1111-1111-1111-000000000021', 'f1520cd2-38d3-49fc-a40b-e6c4524983c8', 'crisis_event', 'Pokus o kontakt biologického otce', '{"content":"Biologický rodič Kristýna Kolářová se pokusil kontaktovat dítě navzdory soudníšemu zákazu styku. Pěstoun okamžitě kontaktoval naši klíčovou osobu. Incident hlášen na OSPOD.","summary":"Porušení zákazu styku biologickým rodičem."}'::jsonb, '2026-06-15 22:47:35+02');

-- Domácnost 23: Věra Fialová (FF-125-XCS)
INSERT INTO public.households (id, organization_id, branch_id, assigned_ko_id, foster_id, status, notes) VALUES ('11111111-1111-1111-1111-000000000022', 'a0e0a0e0-a0e0-a0e0-a0e0-a0e0a0e0a0e0', 'b0b0b0b0-b0b0-b0b0-b0b0-b0b0b0b0b0b0', 'f1520cd2-38d3-49fc-a40b-e6c4524983c8', 'FF-125-XCS', 'active', 'Pěstounská rodina: Věra Fialová. Doprovází Anna Málková.');
INSERT INTO public.persons (id, organization_id, household_id, role, first_name, last_name, birth_date, custom_fields, is_active) VALUES ('22222222-2222-2222-2222-000000000022', 'a0e0a0e0-a0e0-a0e0-a0e0-a0e0a0e0a0e0', '11111111-1111-1111-1111-000000000022', 'foster_parent', 'Věra', 'Fialová', '1977-01-08', '{"profession":"Důchodce","foster_care_type":"C","avatar_url":"https://images.unsplash.com/photo-1534528741775-53994a69daeb?w=150","relationship_to_child":"teta"}'::jsonb, true);
INSERT INTO public.person_addresses (id, person_id, type, street, city, zip, from_date) VALUES ('33333333-3333-3333-3333-000000000022', '22222222-2222-2222-2222-000000000022', 'actual', 'Pekařská 1', 'Hostomice', '500 73', '2020-01-01');
INSERT INTO public.persons (id, organization_id, household_id, role, first_name, last_name, birth_date, custom_fields, gdpr_consent_signed, safety_rating, is_active) VALUES ('44444444-4444-4444-0022-000000000000', 'a0e0a0e0-a0e0-a0e0-a0e0-a0e0a0e0a0e0', '11111111-1111-1111-1111-000000000022', 'child', 'Veronika', 'Jelínková', '2017-08-18', '{"relationship_to_foster_parent":"neteř","foster_care_type":"C","avatar_url":"https://images.unsplash.com/photo-1494790108377-be9c29b29330?w=150","hobby":"Plavání","school":"ZŠ Křídlovická Brno"}'::jsonb, true, 'A', true);
INSERT INTO public.persons (id, organization_id, household_id, role, first_name, last_name, birth_date, custom_fields, gdpr_consent_signed, safety_rating, is_active) VALUES ('55555555-5555-5555-0022-000000000000', 'a0e0a0e0-a0e0-a0e0-a0e0-a0e0a0e0a0e0', '11111111-1111-1111-1111-000000000022', 'social_contact', 'Michal', 'Fialová', '2009-10-15', '{"avatar_url":"https://images.unsplash.com/photo-1519085360753-af0119f7cbe7?w=150","relationship_to_child":"Biologický syn"}'::jsonb, true, 'N', true);
INSERT INTO public.persons (id, organization_id, household_id, role, first_name, last_name, birth_date, custom_fields, gdpr_consent_signed, safety_rating, is_active) VALUES ('55555555-5555-5555-0022-000000000001', 'a0e0a0e0-a0e0-a0e0-a0e0-a0e0a0e0a0e0', '11111111-1111-1111-1111-000000000022', 'social_contact', 'Michaela', 'Fialová', '2007-12-15', '{"avatar_url":"https://images.unsplash.com/photo-1517841905240-472988babdf9?w=150","relationship_to_child":"Biologická dcera"}'::jsonb, true, 'N', true);
INSERT INTO public.persons (id, organization_id, household_id, role, first_name, last_name, birth_number, phone, gdpr_consent_signed, safety_rating, is_active) VALUES ('66666666-6666-6666-6666-000000000022', 'a0e0a0e0-a0e0-a0e0-a0e0-a0e0a0e0a0e0', '11111111-1111-1111-1111-000000000022', 'bio_parent', 'Josef', 'Kučera', '991025/4041', '+420637177756', false, 'B', true);
INSERT INTO public.events (id, organization_id, household_id, author_id, type, title, payload, occurred_at) VALUES ('77777777-7777-7777-0022-000000000000', 'a0e0a0e0-a0e0-a0e0-a0e0-a0e0a0e0a0e0', '11111111-1111-1111-1111-000000000022', 'f1520cd2-38d3-49fc-a40b-e6c4524983c8', 'phone_call', 'Telefonický kontakt s pěstounem', '{"content":"Telefonický hovor s pěstounem. Probírali jsme chování dětí ve škole a plánování letních prázdninových aktivit.","summary":"Telefonát ohledně prázdnin."}'::jsonb, '2026-05-11 22:47:35+02');
INSERT INTO public.events (id, organization_id, household_id, author_id, type, title, payload, occurred_at) VALUES ('77777777-7777-7777-0022-000000000001', 'a0e0a0e0-a0e0-a0e0-a0e0-a0e0a0e0a0e0', '11111111-1111-1111-1111-000000000022', 'f1520cd2-38d3-49fc-a40b-e6c4524983c8', 'crisis_event', 'Incident / Porušení pravidel', '{"content":"Hlášen drobný incident v rodině: neshody ve škole ohledně prospěchu. Klíčová osoba naplánovala společné jednání s třídním učitelem.","summary":"Řešení studijních problémů."}'::jsonb, '2026-04-29 22:47:35+02');

-- Domácnost 24: Tereza Novotná (FF-735-PAF)
INSERT INTO public.households (id, organization_id, branch_id, assigned_ko_id, foster_id, status, notes) VALUES ('11111111-1111-1111-1111-000000000023', 'a0e0a0e0-a0e0-a0e0-a0e0-a0e0a0e0a0e0', 'b0b0b0b0-b0b0-b0b0-b0b0-b0b0b0b0b0b0', 'f1520cd2-38d3-49fc-a40b-e6c4524983c8', 'FF-735-PAF', 'active', 'Pěstounská rodina: Tereza Novotná. Doprovází Anna Málková.');
INSERT INTO public.persons (id, organization_id, household_id, role, first_name, last_name, birth_date, custom_fields, is_active) VALUES ('22222222-2222-2222-2222-000000000023', 'a0e0a0e0-a0e0-a0e0-a0e0-a0e0a0e0a0e0', '11111111-1111-1111-1111-000000000023', 'foster_parent', 'Tereza', 'Novotná', '1981-11-21', '{"profession":"Podnikatel","foster_care_type":"C","avatar_url":"https://images.unsplash.com/photo-1544005313-94ddf0286df2?w=150","relationship_to_child":"teta"}'::jsonb, true);
INSERT INTO public.person_addresses (id, person_id, type, street, city, zip, from_date) VALUES ('33333333-3333-3333-3333-000000000023', '22222222-2222-2222-2222-000000000023', 'actual', 'Merhautova 88', 'Slavkov u Brna', '328 24', '2020-01-01');
INSERT INTO public.persons (id, organization_id, household_id, role, first_name, last_name, birth_date, custom_fields, gdpr_consent_signed, safety_rating, is_active) VALUES ('44444444-4444-4444-0023-000000000000', 'a0e0a0e0-a0e0-a0e0-a0e0-a0e0a0e0a0e0', '11111111-1111-1111-1111-000000000023', 'child', 'Veronika', 'Králová', '2013-01-06', '{"relationship_to_foster_parent":"neteř","foster_care_type":"C","avatar_url":"https://images.unsplash.com/photo-1494790108377-be9c29b29330?w=150","hobby":"Skaut","school":"Gymnázium Elgartova Brno"}'::jsonb, true, 'C', true);
INSERT INTO public.persons (id, organization_id, household_id, role, first_name, last_name, birth_date, custom_fields, gdpr_consent_signed, safety_rating, is_active) VALUES ('55555555-5555-5555-0023-000000000000', 'a0e0a0e0-a0e0-a0e0-a0e0-a0e0a0e0a0e0', '11111111-1111-1111-1111-000000000023', 'social_contact', 'Lenka', 'Novotná', '2016-04-11', '{"avatar_url":"https://images.unsplash.com/photo-1517841905240-472988babdf9?w=150","relationship_to_child":"Biologická dcera"}'::jsonb, true, 'N', true);
INSERT INTO public.persons (id, organization_id, household_id, role, first_name, last_name, birth_date, custom_fields, gdpr_consent_signed, safety_rating, is_active) VALUES ('55555555-5555-5555-0023-000000000001', 'a0e0a0e0-a0e0-a0e0-a0e0-a0e0a0e0a0e0', '11111111-1111-1111-1111-000000000023', 'social_contact', 'Michaela', 'Novotná', '2010-03-10', '{"avatar_url":"https://images.unsplash.com/photo-1438761681033-6461ffad8d80?w=150","relationship_to_child":"Biologická dcera"}'::jsonb, true, 'N', true);
INSERT INTO public.persons (id, organization_id, household_id, role, first_name, last_name, birth_date, custom_fields, gdpr_consent_signed, safety_rating, is_active) VALUES ('55555555-5555-5555-0023-000000000002', 'a0e0a0e0-a0e0-a0e0-a0e0-a0e0a0e0a0e0', '11111111-1111-1111-1111-000000000023', 'social_contact', 'Filip', 'Novotná', '2022-03-28', '{"avatar_url":"https://images.unsplash.com/photo-1492562080023-ab3db95bfbce?w=150","relationship_to_child":"Biologický syn"}'::jsonb, true, 'N', true);
INSERT INTO public.persons (id, organization_id, household_id, role, first_name, last_name, birth_number, phone, gdpr_consent_signed, safety_rating, is_active) VALUES ('66666666-6666-6666-6666-000000000023', 'a0e0a0e0-a0e0-a0e0-a0e0-a0e0a0e0a0e0', '11111111-1111-1111-1111-000000000023', 'bio_parent', 'Marek', 'Černý', '701105/5146', '+420747692838', true, 'C', true);
INSERT INTO public.events (id, organization_id, household_id, author_id, type, title, payload, occurred_at) VALUES ('77777777-7777-7777-0023-000000000000', 'a0e0a0e0-a0e0-a0e0-a0e0-a0e0a0e0a0e0', '11111111-1111-1111-1111-000000000023', 'f1520cd2-38d3-49fc-a40b-e6c4524983c8', 'crisis_event', 'Incident / Porušení pravidel', '{"content":"Hlášen drobný incident v rodině: neshody ve škole ohledně prospěchu. Klíčová osoba naplánovala společné jednání s třídním učitelem.","summary":"Řešení studijních problémů."}'::jsonb, '2026-04-17 22:47:35+02');

-- Domácnost 25: Marek Černý (FF-126-JEF)
INSERT INTO public.households (id, organization_id, branch_id, assigned_ko_id, foster_id, status, notes) VALUES ('11111111-1111-1111-1111-000000000024', 'a0e0a0e0-a0e0-a0e0-a0e0-a0e0a0e0a0e0', 'b0b0b0b0-b0b0-b0b0-b0b0-b0b0b0b0b0b0', 'f1520cd2-38d3-49fc-a40b-e6c4524983c8', 'FF-126-JEF', 'active', 'Pěstounská rodina: Marek Černý. Doprovází Anna Málková.');
INSERT INTO public.persons (id, organization_id, household_id, role, first_name, last_name, birth_date, custom_fields, is_active) VALUES ('22222222-2222-2222-2222-000000000024', 'a0e0a0e0-a0e0-a0e0-a0e0-a0e0a0e0a0e0', '11111111-1111-1111-1111-000000000024', 'foster_parent', 'Marek', 'Černý', '1987-10-23', '{"profession":"Účetní","foster_care_type":"A","avatar_url":"https://images.unsplash.com/photo-1500648767791-00dcc994a43e?w=150"}'::jsonb, true);
INSERT INTO public.person_addresses (id, person_id, type, street, city, zip, from_date) VALUES ('33333333-3333-3333-3333-000000000024', '22222222-2222-2222-2222-000000000024', 'actual', 'Školní 104', 'Tišnov', '656 47', '2020-01-01');
INSERT INTO public.persons (id, organization_id, household_id, role, first_name, last_name, birth_date, custom_fields, gdpr_consent_signed, safety_rating, is_active) VALUES ('44444444-4444-4444-0024-000000000000', 'a0e0a0e0-a0e0-a0e0-a0e0-a0e0a0e0a0e0', '11111111-1111-1111-1111-000000000024', 'child', 'David', 'Kolář', '2020-03-26', '{"foster_care_type":"A","avatar_url":"https://images.unsplash.com/photo-1501196354995-cbb51c65aaea?w=150","hobby":"Cyklistika","school":"ZŠ Merhautova Brno"}'::jsonb, true, 'A', true);
INSERT INTO public.persons (id, organization_id, household_id, role, first_name, last_name, birth_date, custom_fields, gdpr_consent_signed, safety_rating, is_active) VALUES ('44444444-4444-4444-0024-000000000001', 'a0e0a0e0-a0e0-a0e0-a0e0-a0e0a0e0a0e0', '11111111-1111-1111-1111-000000000024', 'child', 'Marek', 'Beneš', '2021-03-16', '{"foster_care_type":"A","avatar_url":"https://images.unsplash.com/photo-1506794778202-cad84cf45f1d?w=150","hobby":"Šachy","school":"ZŠ Merhautova Brno"}'::jsonb, true, 'B', true);
INSERT INTO public.persons (id, organization_id, household_id, role, first_name, last_name, birth_date, custom_fields, gdpr_consent_signed, safety_rating, is_active) VALUES ('55555555-5555-5555-0024-000000000000', 'a0e0a0e0-a0e0-a0e0-a0e0-a0e0a0e0a0e0', '11111111-1111-1111-1111-000000000024', 'social_contact', 'Marie', 'Černý', '2019-01-15', '{"avatar_url":"https://images.unsplash.com/photo-1517841905240-472988babdf9?w=150","relationship_to_child":"Biologická dcera"}'::jsonb, true, 'N', true);
INSERT INTO public.persons (id, organization_id, household_id, role, first_name, last_name, birth_date, custom_fields, gdpr_consent_signed, safety_rating, is_active) VALUES ('55555555-5555-5555-0024-000000000001', 'a0e0a0e0-a0e0-a0e0-a0e0-a0e0a0e0a0e0', '11111111-1111-1111-1111-000000000024', 'social_contact', 'Lucie', 'Černý', '2022-12-11', '{"avatar_url":"https://images.unsplash.com/photo-1544005313-94ddf0286df2?w=150","relationship_to_child":"Biologická dcera"}'::jsonb, true, 'N', true);
INSERT INTO public.persons (id, organization_id, household_id, role, first_name, last_name, birth_number, phone, gdpr_consent_signed, safety_rating, is_active) VALUES ('66666666-6666-6666-6666-000000000024', 'a0e0a0e0-a0e0-a0e0-a0e0-a0e0a0e0a0e0', '11111111-1111-1111-1111-000000000024', 'bio_parent', 'Lenka', 'Růžičková', '850101/2750', '+420694342564', true, 'Z', true);
INSERT INTO public.events (id, organization_id, household_id, author_id, type, title, payload, occurred_at) VALUES ('77777777-7777-7777-0024-000000000000', 'a0e0a0e0-a0e0-a0e0-a0e0-a0e0a0e0a0e0', '11111111-1111-1111-1111-000000000024', 'f1520cd2-38d3-49fc-a40b-e6c4524983c8', 'crisis_event', 'Pokus o kontakt biologického otce', '{"content":"Biologický rodič Lenka Růžičková se pokusil kontaktovat dítě navzdory soudníšemu zákazu styku. Pěstoun okamžitě kontaktoval naši klíčovou osobu. Incident hlášen na OSPOD.","summary":"Porušení zákazu styku biologickým rodičem."}'::jsonb, '2026-03-26 22:47:35+02');
INSERT INTO public.events (id, organization_id, household_id, author_id, type, title, payload, occurred_at) VALUES ('77777777-7777-7777-0024-000000000001', 'a0e0a0e0-a0e0-a0e0-a0e0-a0e0a0e0a0e0', '11111111-1111-1111-1111-000000000024', 'f1520cd2-38d3-49fc-a40b-e6c4524983c8', 'crisis_event', 'Pokus o kontakt biologického otce', '{"content":"Biologický rodič Lenka Růžičková se pokusil kontaktovat dítě navzdory soudníšemu zákazu styku. Pěstoun okamžitě kontaktoval naši klíčovou osobu. Incident hlášen na OSPOD.","summary":"Porušení zákazu styku biologickým rodičem."}'::jsonb, '2026-05-09 22:47:35+02');

-- Domácnost 26: Adéla Růžičková (FF-356-FEU)
INSERT INTO public.households (id, organization_id, branch_id, assigned_ko_id, foster_id, status, notes) VALUES ('11111111-1111-1111-1111-000000000025', 'a0e0a0e0-a0e0-a0e0-a0e0-a0e0a0e0a0e0', 'b0b0b0b0-b0b0-b0b0-b0b0-b0b0b0b0b0b0', 'f1520cd2-38d3-49fc-a40b-e6c4524983c8', 'FF-356-FEU', 'active', 'Pěstounská rodina: Adéla Růžičková. Doprovází Anna Málková.');
INSERT INTO public.persons (id, organization_id, household_id, role, first_name, last_name, birth_date, custom_fields, is_active) VALUES ('22222222-2222-2222-2222-000000000025', 'a0e0a0e0-a0e0-a0e0-a0e0-a0e0a0e0a0e0', '11111111-1111-1111-1111-000000000025', 'foster_parent', 'Adéla', 'Růžičková', '1992-03-13', '{"profession":"Podnikatel","foster_care_type":"B","avatar_url":"https://images.unsplash.com/photo-1544005313-94ddf0286df2?w=150"}'::jsonb, true);
INSERT INTO public.person_addresses (id, person_id, type, street, city, zip, from_date) VALUES ('33333333-3333-3333-3333-000000000025', '22222222-2222-2222-2222-000000000025', 'actual', 'Konečného náměstí 42', 'Kuřim', '524 23', '2020-01-01');
INSERT INTO public.persons (id, organization_id, household_id, role, first_name, last_name, birth_date, custom_fields, gdpr_consent_signed, safety_rating, is_active) VALUES ('44444444-4444-4444-0025-000000000000', 'a0e0a0e0-a0e0-a0e0-a0e0-a0e0a0e0a0e0', '11111111-1111-1111-1111-000000000025', 'child', 'Aleš', 'Pokorný', '2018-02-03', '{"foster_care_type":"B","avatar_url":"https://images.unsplash.com/photo-1492562080023-ab3db95bfbce?w=150","hobby":"Keramika","school":"ZŠ Nádražní Vyškov"}'::jsonb, true, 'A', true);
INSERT INTO public.persons (id, organization_id, household_id, role, first_name, last_name, birth_date, custom_fields, gdpr_consent_signed, safety_rating, is_active) VALUES ('44444444-4444-4444-0025-000000000001', 'a0e0a0e0-a0e0-a0e0-a0e0-a0e0a0e0a0e0', '11111111-1111-1111-1111-000000000025', 'child', 'Barbora', 'Černá', '2014-01-25', '{"foster_care_type":"B","avatar_url":"https://images.unsplash.com/photo-1544005313-94ddf0286df2?w=150","hobby":"Čtení","school":"ZŠ Křídlovická Brno"}'::jsonb, true, 'A', true);
INSERT INTO public.persons (id, organization_id, household_id, role, first_name, last_name, birth_date, custom_fields, gdpr_consent_signed, safety_rating, is_active) VALUES ('55555555-5555-5555-0025-000000000000', 'a0e0a0e0-a0e0-a0e0-a0e0-a0e0a0e0a0e0', '11111111-1111-1111-1111-000000000025', 'social_contact', 'Marek', 'Růžičková', '2011-01-24', '{"avatar_url":"https://images.unsplash.com/photo-1519085360753-af0119f7cbe7?w=150","relationship_to_child":"Biologický syn"}'::jsonb, true, 'N', true);
INSERT INTO public.persons (id, organization_id, household_id, role, first_name, last_name, birth_date, custom_fields, gdpr_consent_signed, safety_rating, is_active) VALUES ('55555555-5555-5555-0025-000000000001', 'a0e0a0e0-a0e0-a0e0-a0e0-a0e0a0e0a0e0', '11111111-1111-1111-1111-000000000025', 'social_contact', 'Veronika', 'Růžičková', '2016-11-25', '{"avatar_url":"https://images.unsplash.com/photo-1494790108377-be9c29b29330?w=150","relationship_to_child":"Biologická dcera"}'::jsonb, true, 'N', true);
INSERT INTO public.persons (id, organization_id, household_id, role, first_name, last_name, birth_number, phone, gdpr_consent_signed, safety_rating, is_active) VALUES ('66666666-6666-6666-6666-000000000025', 'a0e0a0e0-a0e0-a0e0-a0e0-a0e0a0e0a0e0', '11111111-1111-1111-1111-000000000025', 'bio_parent', 'Lenka', 'Králová', '980323/8791', '+420721468854', false, 'B', true);
INSERT INTO public.events (id, organization_id, household_id, author_id, type, title, payload, occurred_at) VALUES ('77777777-7777-7777-0025-000000000000', 'a0e0a0e0-a0e0-a0e0-a0e0-a0e0a0e0a0e0', '11111111-1111-1111-1111-000000000025', 'f1520cd2-38d3-49fc-a40b-e6c4524983c8', 'phone_call', 'Telefonický kontakt s pěstounem', '{"content":"Telefonický hovor s pěstounem. Probírali jsme chování dětí ve škole a plánování letních prázdninových aktivit.","summary":"Telefonát ohledně prázdnin."}'::jsonb, '2026-03-23 22:47:35+02');
INSERT INTO public.events (id, organization_id, household_id, author_id, type, title, payload, occurred_at) VALUES ('77777777-7777-7777-0025-000000000001', 'a0e0a0e0-a0e0-a0e0-a0e0-a0e0a0e0a0e0', '11111111-1111-1111-1111-000000000025', 'f1520cd2-38d3-49fc-a40b-e6c4524983c8', 'regular_visit', 'Pravidelná pololetní návštěva', '{"content":"Návštěva v rodině proběhla v pořádku. Pěstoun Adéla Růžičková vzorně spolupracuje, děti se rozvíjejí standardně podle IPOD.","summary":"Pololetní návštěva bez zjištěných nedostatků."}'::jsonb, '2026-05-04 22:47:35+02');

-- Domácnost 27: Miroslav Beneš (FF-886-MJM)
INSERT INTO public.households (id, organization_id, branch_id, assigned_ko_id, foster_id, status, notes) VALUES ('11111111-1111-1111-1111-000000000026', 'a0e0a0e0-a0e0-a0e0-a0e0-a0e0a0e0a0e0', 'b0b0b0b0-b0b0-b0b0-b0b0-b0b0b0b0b0b0', 'f1520cd2-38d3-49fc-a40b-e6c4524983c8', 'FF-886-MJM', 'active', 'Pěstounská rodina: Miroslav Beneš. Doprovází Anna Málková.');
INSERT INTO public.persons (id, organization_id, household_id, role, first_name, last_name, birth_date, custom_fields, is_active) VALUES ('22222222-2222-2222-2222-000000000026', 'a0e0a0e0-a0e0-a0e0-a0e0-a0e0a0e0a0e0', '11111111-1111-1111-1111-000000000026', 'foster_parent', 'Miroslav', 'Beneš', '1981-11-13', '{"profession":"Důchodce","foster_care_type":"C","avatar_url":"https://images.unsplash.com/photo-1492562080023-ab3db95bfbce?w=150","relationship_to_child":"strýc"}'::jsonb, true);
INSERT INTO public.person_addresses (id, person_id, type, street, city, zip, from_date) VALUES ('33333333-3333-3333-3333-000000000026', '22222222-2222-2222-2222-000000000026', 'actual', 'Údolní 66', 'Hostomice', '130 16', '2020-01-01');
INSERT INTO public.persons (id, organization_id, household_id, role, first_name, last_name, birth_date, custom_fields, gdpr_consent_signed, safety_rating, is_active) VALUES ('44444444-4444-4444-0026-000000000000', 'a0e0a0e0-a0e0-a0e0-a0e0-a0e0a0e0a0e0', '11111111-1111-1111-1111-000000000026', 'child', 'Ondřej', 'Novotný', '2017-07-09', '{"relationship_to_foster_parent":"synovec","foster_care_type":"C","avatar_url":"https://images.unsplash.com/photo-1507003211169-0a1dd7228f2d?w=150","hobby":"Výtvarný kroužek","school":"ZŠ Úvoz Brno"}'::jsonb, true, 'A', true);
INSERT INTO public.persons (id, organization_id, household_id, role, first_name, last_name, birth_date, custom_fields, gdpr_consent_signed, safety_rating, is_active) VALUES ('55555555-5555-5555-0026-000000000000', 'a0e0a0e0-a0e0-a0e0-a0e0-a0e0a0e0a0e0', '11111111-1111-1111-1111-000000000026', 'social_contact', 'Jan', 'Beneš', '2019-08-15', '{"avatar_url":"https://images.unsplash.com/photo-1519085360753-af0119f7cbe7?w=150","relationship_to_child":"Biologický syn"}'::jsonb, true, 'N', true);
INSERT INTO public.persons (id, organization_id, household_id, role, first_name, last_name, birth_date, custom_fields, gdpr_consent_signed, safety_rating, is_active) VALUES ('55555555-5555-5555-0026-000000000001', 'a0e0a0e0-a0e0-a0e0-a0e0-a0e0a0e0a0e0', '11111111-1111-1111-1111-000000000026', 'social_contact', 'Martina', 'Beneš', '2009-03-23', '{"avatar_url":"https://images.unsplash.com/photo-1517841905240-472988babdf9?w=150","relationship_to_child":"Biologická dcera"}'::jsonb, true, 'N', true);
INSERT INTO public.persons (id, organization_id, household_id, role, first_name, last_name, birth_date, custom_fields, gdpr_consent_signed, safety_rating, is_active) VALUES ('55555555-5555-5555-0026-000000000002', 'a0e0a0e0-a0e0-a0e0-a0e0-a0e0a0e0a0e0', '11111111-1111-1111-1111-000000000026', 'social_contact', 'Radim', 'Beneš', '2005-01-02', '{"avatar_url":"https://images.unsplash.com/photo-1519085360753-af0119f7cbe7?w=150","relationship_to_child":"Biologický syn"}'::jsonb, true, 'N', true);
INSERT INTO public.persons (id, organization_id, household_id, role, first_name, last_name, birth_number, phone, gdpr_consent_signed, safety_rating, is_active) VALUES ('66666666-6666-6666-6666-000000000026', 'a0e0a0e0-a0e0-a0e0-a0e0-a0e0a0e0a0e0', '11111111-1111-1111-1111-000000000026', 'bio_parent', 'Michaela', 'Dvořáková', '990824/3316', '+420710960201', false, 'B', true);
INSERT INTO public.events (id, organization_id, household_id, author_id, type, title, payload, occurred_at) VALUES ('77777777-7777-7777-0026-000000000000', 'a0e0a0e0-a0e0-a0e0-a0e0-a0e0a0e0a0e0', '11111111-1111-1111-1111-000000000026', 'f1520cd2-38d3-49fc-a40b-e6c4524983c8', 'crisis_event', 'Incident / Porušení pravidel', '{"content":"Hlášen drobný incident v rodině: neshody ve škole ohledně prospěchu. Klíčová osoba naplánovala společné jednání s třídním učitelem.","summary":"Řešení studijních problémů."}'::jsonb, '2026-04-14 22:47:35+02');
INSERT INTO public.events (id, organization_id, household_id, author_id, type, title, payload, occurred_at) VALUES ('77777777-7777-7777-0026-000000000001', 'a0e0a0e0-a0e0-a0e0-a0e0-a0e0a0e0a0e0', '11111111-1111-1111-1111-000000000026', 'f1520cd2-38d3-49fc-a40b-e6c4524983c8', 'crisis_event', 'Incident / Porušení pravidel', '{"content":"Hlášen drobný incident v rodině: neshody ve škole ohledně prospěchu. Klíčová osoba naplánovala společné jednání s třídním učitelem.","summary":"Řešení studijních problémů."}'::jsonb, '2026-06-15 22:47:35+02');

-- Domácnost 28: Michaela Procházková (FF-985-JTV)
INSERT INTO public.households (id, organization_id, branch_id, assigned_ko_id, foster_id, status, notes) VALUES ('11111111-1111-1111-1111-000000000027', 'a0e0a0e0-a0e0-a0e0-a0e0-a0e0a0e0a0e0', 'b0b0b0b0-b0b0-b0b0-b0b0-b0b0b0b0b0b0', 'f1520cd2-38d3-49fc-a40b-e6c4524983c8', 'FF-985-JTV', 'active', 'Pěstounská rodina: Michaela Procházková. Doprovází Anna Málková.');
INSERT INTO public.persons (id, organization_id, household_id, role, first_name, last_name, birth_date, custom_fields, is_active) VALUES ('22222222-2222-2222-2222-000000000027', 'a0e0a0e0-a0e0-a0e0-a0e0-a0e0a0e0a0e0', '11111111-1111-1111-1111-000000000027', 'foster_parent', 'Michaela', 'Procházková', '1992-12-20', '{"profession":"Zahradník","foster_care_type":"A","avatar_url":"https://images.unsplash.com/photo-1438761681033-6461ffad8d80?w=150"}'::jsonb, true);
INSERT INTO public.person_addresses (id, person_id, type, street, city, zip, from_date) VALUES ('33333333-3333-3333-3333-000000000027', '22222222-2222-2222-2222-000000000027', 'actual', 'Dlouhá 128', 'Modřice', '358 51', '2020-01-01');
INSERT INTO public.persons (id, organization_id, household_id, role, first_name, last_name, birth_date, custom_fields, gdpr_consent_signed, safety_rating, is_active) VALUES ('44444444-4444-4444-0027-000000000000', 'a0e0a0e0-a0e0-a0e0-a0e0-a0e0a0e0a0e0', '11111111-1111-1111-1111-000000000027', 'child', 'Pavel', 'Novák', '2014-04-04', '{"foster_care_type":"A","avatar_url":"https://images.unsplash.com/photo-1501196354995-cbb51c65aaea?w=150","hobby":"Fotbal","school":"ZŠ Úvoz Brno"}'::jsonb, true, 'A', true);
INSERT INTO public.persons (id, organization_id, household_id, role, first_name, last_name, birth_date, custom_fields, gdpr_consent_signed, safety_rating, is_active) VALUES ('55555555-5555-5555-0027-000000000000', 'a0e0a0e0-a0e0-a0e0-a0e0-a0e0a0e0a0e0', '11111111-1111-1111-1111-000000000027', 'social_contact', 'Martina', 'Procházková', '2011-08-19', '{"avatar_url":"https://images.unsplash.com/photo-1488426862026-3ee34a7d66df?w=150","relationship_to_child":"Biologická dcera"}'::jsonb, true, 'N', true);
INSERT INTO public.persons (id, organization_id, household_id, role, first_name, last_name, birth_date, custom_fields, gdpr_consent_signed, safety_rating, is_active) VALUES ('55555555-5555-5555-0027-000000000001', 'a0e0a0e0-a0e0-a0e0-a0e0-a0e0a0e0a0e0', '11111111-1111-1111-1111-000000000027', 'social_contact', 'Václav', 'Procházková', '2007-09-23', '{"avatar_url":"https://images.unsplash.com/photo-1492562080023-ab3db95bfbce?w=150","relationship_to_child":"Biologický syn"}'::jsonb, true, 'N', true);
INSERT INTO public.persons (id, organization_id, household_id, role, first_name, last_name, birth_number, phone, gdpr_consent_signed, safety_rating, is_active) VALUES ('66666666-6666-6666-6666-000000000027', 'a0e0a0e0-a0e0-a0e0-a0e0-a0e0a0e0a0e0', '11111111-1111-1111-1111-000000000027', 'bio_parent', 'Eva', 'Jelínková', '900416/2680', '+420717812950', true, 'Z', true);
INSERT INTO public.events (id, organization_id, household_id, author_id, type, title, payload, occurred_at) VALUES ('77777777-7777-7777-0027-000000000000', 'a0e0a0e0-a0e0-a0e0-a0e0-a0e0a0e0a0e0', '11111111-1111-1111-1111-000000000027', 'f1520cd2-38d3-49fc-a40b-e6c4524983c8', 'crisis_event', 'Pokus o kontakt biologického otce', '{"content":"Biologický rodič Eva Jelínková se pokusil kontaktovat dítě navzdory soudníšemu zákazu styku. Pěstoun okamžitě kontaktoval naši klíčovou osobu. Incident hlášen na OSPOD.","summary":"Porušení zákazu styku biologickým rodičem."}'::jsonb, '2026-05-30 22:47:35+02');

-- Domácnost 29: Filip Novák (FF-921-ENR)
INSERT INTO public.households (id, organization_id, branch_id, assigned_ko_id, foster_id, status, notes) VALUES ('11111111-1111-1111-1111-000000000028', 'a0e0a0e0-a0e0-a0e0-a0e0-a0e0a0e0a0e0', 'b0b0b0b0-b0b0-b0b0-b0b0-b0b0b0b0b0b0', 'f1520cd2-38d3-49fc-a40b-e6c4524983c8', 'FF-921-ENR', 'active', 'Pěstounská rodina: Filip Novák. Doprovází Anna Málková.');
INSERT INTO public.persons (id, organization_id, household_id, role, first_name, last_name, birth_date, custom_fields, is_active) VALUES ('22222222-2222-2222-2222-000000000028', 'a0e0a0e0-a0e0-a0e0-a0e0-a0e0a0e0a0e0', '11111111-1111-1111-1111-000000000028', 'foster_parent', 'Filip', 'Novák', '1971-10-05', '{"profession":"Učitel","foster_care_type":"A","avatar_url":"https://images.unsplash.com/photo-1519085360753-af0119f7cbe7?w=150"}'::jsonb, true);
INSERT INTO public.person_addresses (id, person_id, type, street, city, zip, from_date) VALUES ('33333333-3333-3333-3333-000000000028', '22222222-2222-2222-2222-000000000028', 'actual', 'Zahradní 15', 'Tišnov', '216 51', '2020-01-01');
INSERT INTO public.persons (id, organization_id, household_id, role, first_name, last_name, birth_date, custom_fields, gdpr_consent_signed, safety_rating, is_active) VALUES ('44444444-4444-4444-0028-000000000000', 'a0e0a0e0-a0e0-a0e0-a0e0-a0e0a0e0a0e0', '11111111-1111-1111-1111-000000000028', 'child', 'Petra', 'Horáková', '2015-10-13', '{"foster_care_type":"A","avatar_url":"https://images.unsplash.com/photo-1488426862026-3ee34a7d66df?w=150","hobby":"Fotbal","school":"ZŠ Nádražní Vyškov"}'::jsonb, true, 'B', true);
INSERT INTO public.persons (id, organization_id, household_id, role, first_name, last_name, birth_date, custom_fields, gdpr_consent_signed, safety_rating, is_active) VALUES ('55555555-5555-5555-0028-000000000000', 'a0e0a0e0-a0e0-a0e0-a0e0-a0e0a0e0a0e0', '11111111-1111-1111-1111-000000000028', 'social_contact', 'Veronika', 'Novák', '2009-07-28', '{"avatar_url":"https://images.unsplash.com/photo-1517841905240-472988babdf9?w=150","relationship_to_child":"Biologická dcera"}'::jsonb, true, 'N', true);
INSERT INTO public.persons (id, organization_id, household_id, role, first_name, last_name, birth_date, custom_fields, gdpr_consent_signed, safety_rating, is_active) VALUES ('55555555-5555-5555-0028-000000000001', 'a0e0a0e0-a0e0-a0e0-a0e0-a0e0a0e0a0e0', '11111111-1111-1111-1111-000000000028', 'social_contact', 'Aleš', 'Novák', '2008-12-11', '{"avatar_url":"https://images.unsplash.com/photo-1519085360753-af0119f7cbe7?w=150","relationship_to_child":"Biologický syn"}'::jsonb, true, 'N', true);
INSERT INTO public.persons (id, organization_id, household_id, role, first_name, last_name, birth_number, phone, gdpr_consent_signed, safety_rating, is_active) VALUES ('66666666-6666-6666-6666-000000000028', 'a0e0a0e0-a0e0-a0e0-a0e0-a0e0a0e0a0e0', '11111111-1111-1111-1111-000000000028', 'bio_parent', 'Michal', 'Horák', '991112/7089', '+420710713389', false, 'B', true);
INSERT INTO public.events (id, organization_id, household_id, author_id, type, title, payload, occurred_at) VALUES ('77777777-7777-7777-0028-000000000000', 'a0e0a0e0-a0e0-a0e0-a0e0-a0e0a0e0a0e0', '11111111-1111-1111-1111-000000000028', 'f1520cd2-38d3-49fc-a40b-e6c4524983c8', 'regular_visit', 'Pravidelná pololetní návštěva', '{"content":"Návštěva v rodině proběhla v pořádku. Pěstoun Filip Novák vzorně spolupracuje, děti se rozvíjejí standardně podle IPOD.","summary":"Pololetní návštěva bez zjištěných nedostatků."}'::jsonb, '2026-04-09 22:47:35+02');
INSERT INTO public.events (id, organization_id, household_id, author_id, type, title, payload, occurred_at) VALUES ('77777777-7777-7777-0028-000000000001', 'a0e0a0e0-a0e0-a0e0-a0e0-a0e0a0e0a0e0', '11111111-1111-1111-1111-000000000028', 'f1520cd2-38d3-49fc-a40b-e6c4524983c8', 'phone_call', 'Telefonický kontakt s pěstounem', '{"content":"Telefonický hovor s pěstounem. Probírali jsme chování dětí ve škole a plánování letních prázdninových aktivit.","summary":"Telefonát ohledně prázdnin."}'::jsonb, '2026-04-14 22:47:35+02');

-- Domácnost 30: Josef Zeman (FF-824-YYN)
INSERT INTO public.households (id, organization_id, branch_id, assigned_ko_id, foster_id, status, notes) VALUES ('11111111-1111-1111-1111-000000000029', 'a0e0a0e0-a0e0-a0e0-a0e0-a0e0a0e0a0e0', 'b0b0b0b0-b0b0-b0b0-b0b0-b0b0b0b0b0b0', 'f1520cd2-38d3-49fc-a40b-e6c4524983c8', 'FF-824-YYN', 'active', 'Pěstounská rodina: Josef Zeman. Doprovází Anna Málková.');
INSERT INTO public.persons (id, organization_id, household_id, role, first_name, last_name, birth_date, custom_fields, is_active) VALUES ('22222222-2222-2222-2222-000000000029', 'a0e0a0e0-a0e0-a0e0-a0e0-a0e0a0e0a0e0', '11111111-1111-1111-1111-000000000029', 'foster_parent', 'Josef', 'Zeman', '1978-03-26', '{"profession":"Řidič","foster_care_type":"B","avatar_url":"https://images.unsplash.com/photo-1501196354995-cbb51c65aaea?w=150"}'::jsonb, true);
INSERT INTO public.person_addresses (id, person_id, type, street, city, zip, from_date) VALUES ('33333333-3333-3333-3333-000000000029', '22222222-2222-2222-2222-000000000029', 'actual', 'Údolní 148', 'Blansko', '234 32', '2020-01-01');
INSERT INTO public.persons (id, organization_id, household_id, role, first_name, last_name, birth_date, custom_fields, gdpr_consent_signed, safety_rating, is_active) VALUES ('44444444-4444-4444-0029-000000000000', 'a0e0a0e0-a0e0-a0e0-a0e0-a0e0a0e0a0e0', '11111111-1111-1111-1111-000000000029', 'child', 'Aleš', 'Veselý', '2019-07-05', '{"foster_care_type":"B","avatar_url":"https://images.unsplash.com/photo-1507003211169-0a1dd7228f2d?w=150","hobby":"Fotbal","school":"ZŠ Školní Hostomice"}'::jsonb, true, 'A', true);
INSERT INTO public.persons (id, organization_id, household_id, role, first_name, last_name, birth_date, custom_fields, gdpr_consent_signed, safety_rating, is_active) VALUES ('44444444-4444-4444-0029-000000000001', 'a0e0a0e0-a0e0-a0e0-a0e0-a0e0a0e0a0e0', '11111111-1111-1111-1111-000000000029', 'child', 'Václav', 'Němec', '2016-09-24', '{"foster_care_type":"B","avatar_url":"https://images.unsplash.com/photo-1500648767791-00dcc994a43e?w=150","hobby":"Modelářství","school":"Gymnázium Elgartova Brno"}'::jsonb, true, 'C', true);
INSERT INTO public.persons (id, organization_id, household_id, role, first_name, last_name, birth_date, custom_fields, gdpr_consent_signed, safety_rating, is_active) VALUES ('55555555-5555-5555-0029-000000000000', 'a0e0a0e0-a0e0-a0e0-a0e0-a0e0a0e0a0e0', '11111111-1111-1111-1111-000000000029', 'social_contact', 'Ondřej', 'Zeman', '2016-11-24', '{"avatar_url":"https://images.unsplash.com/photo-1501196354995-cbb51c65aaea?w=150","relationship_to_child":"Biologický syn"}'::jsonb, true, 'N', true);
INSERT INTO public.persons (id, organization_id, household_id, role, first_name, last_name, birth_date, custom_fields, gdpr_consent_signed, safety_rating, is_active) VALUES ('55555555-5555-5555-0029-000000000001', 'a0e0a0e0-a0e0-a0e0-a0e0-a0e0a0e0a0e0', '11111111-1111-1111-1111-000000000029', 'social_contact', 'Lucie', 'Zeman', '2010-12-26', '{"avatar_url":"https://images.unsplash.com/photo-1438761681033-6461ffad8d80?w=150","relationship_to_child":"Biologická dcera"}'::jsonb, true, 'N', true);
INSERT INTO public.persons (id, organization_id, household_id, role, first_name, last_name, birth_number, phone, gdpr_consent_signed, safety_rating, is_active) VALUES ('66666666-6666-6666-6666-000000000029', 'a0e0a0e0-a0e0-a0e0-a0e0-a0e0a0e0a0e0', '11111111-1111-1111-1111-000000000029', 'bio_parent', 'Barbora', 'Novotná', '971220/9394', '+420692973403', false, 'C', true);
INSERT INTO public.events (id, organization_id, household_id, author_id, type, title, payload, occurred_at) VALUES ('77777777-7777-7777-0029-000000000000', 'a0e0a0e0-a0e0-a0e0-a0e0-a0e0a0e0a0e0', '11111111-1111-1111-1111-000000000029', 'f1520cd2-38d3-49fc-a40b-e6c4524983c8', 'phone_call', 'Telefonický kontakt s pěstounem', '{"content":"Telefonický hovor s pěstounem. Probírali jsme chování dětí ve škole a plánování letních prázdninových aktivit.","summary":"Telefonát ohledně prázdnin."}'::jsonb, '2026-05-27 22:47:35+02');

-- Domácnost 31: Tomáš Zeman (FF-739-XZD)
INSERT INTO public.households (id, organization_id, branch_id, assigned_ko_id, foster_id, status, notes) VALUES ('11111111-1111-1111-1111-000000000030', 'a0e0a0e0-a0e0-a0e0-a0e0-a0e0a0e0a0e0', 'b0b0b0b0-b0b0-b0b0-b0b0-b0b0b0b0b0b0', 'f1520cd2-38d3-49fc-a40b-e6c4524983c8', 'FF-739-XZD', 'active', 'Pěstounská rodina: Tomáš Zeman. Doprovází Anna Málková.');
INSERT INTO public.persons (id, organization_id, household_id, role, first_name, last_name, birth_date, custom_fields, is_active) VALUES ('22222222-2222-2222-2222-000000000030', 'a0e0a0e0-a0e0-a0e0-a0e0-a0e0a0e0a0e0', '11111111-1111-1111-1111-000000000030', 'foster_parent', 'Tomáš', 'Zeman', '1992-06-23', '{"profession":"Důchodce","foster_care_type":"C","avatar_url":"https://images.unsplash.com/photo-1500648767791-00dcc994a43e?w=150","relationship_to_child":"strýc"}'::jsonb, true);
INSERT INTO public.person_addresses (id, person_id, type, street, city, zip, from_date) VALUES ('33333333-3333-3333-3333-000000000030', '22222222-2222-2222-2222-000000000030', 'actual', 'Husova 43', 'Blansko', '417 31', '2020-01-01');
INSERT INTO public.persons (id, organization_id, household_id, role, first_name, last_name, birth_date, custom_fields, gdpr_consent_signed, safety_rating, is_active) VALUES ('44444444-4444-4444-0030-000000000000', 'a0e0a0e0-a0e0-a0e0-a0e0-a0e0a0e0a0e0', '11111111-1111-1111-1111-000000000030', 'child', 'Radim', 'Pokorný', '2010-02-21', '{"relationship_to_foster_parent":"synovec","foster_care_type":"C","avatar_url":"https://images.unsplash.com/photo-1500648767791-00dcc994a43e?w=150","hobby":"Cyklistika","school":"ZŠ Merhautova Brno"}'::jsonb, true, 'A', true);
INSERT INTO public.persons (id, organization_id, household_id, role, first_name, last_name, birth_date, custom_fields, gdpr_consent_signed, safety_rating, is_active) VALUES ('55555555-5555-5555-0030-000000000000', 'a0e0a0e0-a0e0-a0e0-a0e0-a0e0a0e0a0e0', '11111111-1111-1111-1111-000000000030', 'social_contact', 'Jakub', 'Zeman', '2009-08-18', '{"avatar_url":"https://images.unsplash.com/photo-1506794778202-cad84cf45f1d?w=150","relationship_to_child":"Biologický syn"}'::jsonb, true, 'N', true);
INSERT INTO public.persons (id, organization_id, household_id, role, first_name, last_name, birth_date, custom_fields, gdpr_consent_signed, safety_rating, is_active) VALUES ('55555555-5555-5555-0030-000000000001', 'a0e0a0e0-a0e0-a0e0-a0e0-a0e0a0e0a0e0', '11111111-1111-1111-1111-000000000030', 'social_contact', 'František', 'Zeman', '2020-06-27', '{"avatar_url":"https://images.unsplash.com/photo-1506794778202-cad84cf45f1d?w=150","relationship_to_child":"Biologický syn"}'::jsonb, true, 'N', true);
INSERT INTO public.persons (id, organization_id, household_id, role, first_name, last_name, birth_date, custom_fields, gdpr_consent_signed, safety_rating, is_active) VALUES ('55555555-5555-5555-0030-000000000002', 'a0e0a0e0-a0e0-a0e0-a0e0-a0e0a0e0a0e0', '11111111-1111-1111-1111-000000000030', 'social_contact', 'Michal', 'Zeman', '2018-10-21', '{"avatar_url":"https://images.unsplash.com/photo-1500648767791-00dcc994a43e?w=150","relationship_to_child":"Biologický syn"}'::jsonb, true, 'N', true);
INSERT INTO public.persons (id, organization_id, household_id, role, first_name, last_name, birth_number, phone, gdpr_consent_signed, safety_rating, is_active) VALUES ('66666666-6666-6666-6666-000000000030', 'a0e0a0e0-a0e0-a0e0-a0e0-a0e0a0e0a0e0', '11111111-1111-1111-1111-000000000030', 'bio_parent', 'Jiří', 'Horák', '830920/1392', '+420724911913', false, 'Z', true);
INSERT INTO public.events (id, organization_id, household_id, author_id, type, title, payload, occurred_at) VALUES ('77777777-7777-7777-0030-000000000000', 'a0e0a0e0-a0e0-a0e0-a0e0-a0e0a0e0a0e0', '11111111-1111-1111-1111-000000000030', 'f1520cd2-38d3-49fc-a40b-e6c4524983c8', 'crisis_event', 'Pokus o kontakt biologického otce', '{"content":"Biologický rodič Jiří Horák se pokusil kontaktovat dítě navzdory soudníšemu zákazu styku. Pěstoun okamžitě kontaktoval naši klíčovou osobu. Incident hlášen na OSPOD.","summary":"Porušení zákazu styku biologickým rodičem."}'::jsonb, '2026-06-08 22:47:35+02');

-- Domácnost 32: Lukáš Dvořák (FF-228-DCA)
INSERT INTO public.households (id, organization_id, branch_id, assigned_ko_id, foster_id, status, notes) VALUES ('11111111-1111-1111-1111-000000000031', 'a0e0a0e0-a0e0-a0e0-a0e0-a0e0a0e0a0e0', 'b0b0b0b0-b0b0-b0b0-b0b0-b0b0b0b0b0b0', 'f1520cd2-38d3-49fc-a40b-e6c4524983c8', 'FF-228-DCA', 'active', 'Pěstounská rodina: Lukáš Dvořák. Doprovází Anna Málková.');
INSERT INTO public.persons (id, organization_id, household_id, role, first_name, last_name, birth_date, custom_fields, is_active) VALUES ('22222222-2222-2222-2222-000000000031', 'a0e0a0e0-a0e0-a0e0-a0e0-a0e0a0e0a0e0', '11111111-1111-1111-1111-000000000031', 'foster_parent', 'Lukáš', 'Dvořák', '1970-09-06', '{"profession":"Důchodce","foster_care_type":"C","avatar_url":"https://images.unsplash.com/photo-1507003211169-0a1dd7228f2d?w=150","relationship_to_child":"strýc"}'::jsonb, true);
INSERT INTO public.person_addresses (id, person_id, type, street, city, zip, from_date) VALUES ('33333333-3333-3333-3333-000000000031', '22222222-2222-2222-2222-000000000031', 'actual', 'Zahradní 53', 'Tišnov', '321 67', '2020-01-01');
INSERT INTO public.persons (id, organization_id, household_id, role, first_name, last_name, birth_date, custom_fields, gdpr_consent_signed, safety_rating, is_active) VALUES ('44444444-4444-4444-0031-000000000000', 'a0e0a0e0-a0e0-a0e0-a0e0-a0e0a0e0a0e0', '11111111-1111-1111-1111-000000000031', 'child', 'Barbora', 'Růžičková', '2011-02-17', '{"relationship_to_foster_parent":"neteř","foster_care_type":"C","avatar_url":"https://images.unsplash.com/photo-1544005313-94ddf0286df2?w=150","hobby":"Modelářství","school":"ZŠ Křídlovická Brno"}'::jsonb, true, 'A', true);
INSERT INTO public.persons (id, organization_id, household_id, role, first_name, last_name, birth_date, custom_fields, gdpr_consent_signed, safety_rating, is_active) VALUES ('55555555-5555-5555-0031-000000000000', 'a0e0a0e0-a0e0-a0e0-a0e0-a0e0a0e0a0e0', '11111111-1111-1111-1111-000000000031', 'social_contact', 'Martina', 'Dvořák', '2018-01-03', '{"avatar_url":"https://images.unsplash.com/photo-1517841905240-472988babdf9?w=150","relationship_to_child":"Biologická dcera"}'::jsonb, true, 'N', true);
INSERT INTO public.persons (id, organization_id, household_id, role, first_name, last_name, birth_date, custom_fields, gdpr_consent_signed, safety_rating, is_active) VALUES ('55555555-5555-5555-0031-000000000001', 'a0e0a0e0-a0e0-a0e0-a0e0-a0e0a0e0a0e0', '11111111-1111-1111-1111-000000000031', 'social_contact', 'Kateřina', 'Dvořák', '2020-10-06', '{"avatar_url":"https://images.unsplash.com/photo-1494790108377-be9c29b29330?w=150","relationship_to_child":"Biologická dcera"}'::jsonb, true, 'N', true);
INSERT INTO public.persons (id, organization_id, household_id, role, first_name, last_name, birth_number, phone, gdpr_consent_signed, safety_rating, is_active) VALUES ('66666666-6666-6666-6666-000000000031', 'a0e0a0e0-a0e0-a0e0-a0e0-a0e0a0e0a0e0', '11111111-1111-1111-1111-000000000031', 'bio_parent', 'Marie', 'Horáková', '860522/5247', '+420770757175', true, 'Z', true);
INSERT INTO public.events (id, organization_id, household_id, author_id, type, title, payload, occurred_at) VALUES ('77777777-7777-7777-0031-000000000000', 'a0e0a0e0-a0e0-a0e0-a0e0-a0e0a0e0a0e0', '11111111-1111-1111-1111-000000000031', 'f1520cd2-38d3-49fc-a40b-e6c4524983c8', 'crisis_event', 'Pokus o kontakt biologického otce', '{"content":"Biologický rodič Marie Horáková se pokusil kontaktovat dítě navzdory soudníšemu zákazu styku. Pěstoun okamžitě kontaktoval naši klíčovou osobu. Incident hlášen na OSPOD.","summary":"Porušení zákazu styku biologickým rodičem."}'::jsonb, '2026-05-06 22:47:35+02');

-- Domácnost 33: Věra Veselá (FF-016-DJV)
INSERT INTO public.households (id, organization_id, branch_id, assigned_ko_id, foster_id, status, notes) VALUES ('11111111-1111-1111-1111-000000000032', 'a0e0a0e0-a0e0-a0e0-a0e0-a0e0a0e0a0e0', 'b0b0b0b0-b0b0-b0b0-b0b0-b0b0b0b0b0b0', 'f1520cd2-38d3-49fc-a40b-e6c4524983c8', 'FF-016-DJV', 'active', 'Pěstounská rodina: Věra Veselá. Doprovází Anna Málková.');
INSERT INTO public.persons (id, organization_id, household_id, role, first_name, last_name, birth_date, custom_fields, is_active) VALUES ('22222222-2222-2222-2222-000000000032', 'a0e0a0e0-a0e0-a0e0-a0e0-a0e0a0e0a0e0', '11111111-1111-1111-1111-000000000032', 'foster_parent', 'Věra', 'Veselá', '1978-03-14', '{"profession":"Účetní","foster_care_type":"B","avatar_url":"https://images.unsplash.com/photo-1544005313-94ddf0286df2?w=150"}'::jsonb, true);
INSERT INTO public.person_addresses (id, person_id, type, street, city, zip, from_date) VALUES ('33333333-3333-3333-3333-000000000032', '22222222-2222-2222-2222-000000000032', 'actual', 'Husova 24', 'Kuřim', '513 53', '2020-01-01');
INSERT INTO public.persons (id, organization_id, household_id, role, first_name, last_name, birth_date, custom_fields, gdpr_consent_signed, safety_rating, is_active) VALUES ('44444444-4444-4444-0032-000000000000', 'a0e0a0e0-a0e0-a0e0-a0e0-a0e0a0e0a0e0', '11111111-1111-1111-1111-000000000032', 'child', 'Kristýna', 'Zemanová', '2019-09-27', '{"foster_care_type":"B","avatar_url":"https://images.unsplash.com/photo-1517841905240-472988babdf9?w=150","hobby":"Plavání","school":"ZŠ Merhautova Brno"}'::jsonb, true, 'A', true);
INSERT INTO public.persons (id, organization_id, household_id, role, first_name, last_name, birth_date, custom_fields, gdpr_consent_signed, safety_rating, is_active) VALUES ('55555555-5555-5555-0032-000000000000', 'a0e0a0e0-a0e0-a0e0-a0e0-a0e0a0e0a0e0', '11111111-1111-1111-1111-000000000032', 'social_contact', 'Jana', 'Veselá', '2015-10-13', '{"avatar_url":"https://images.unsplash.com/photo-1544005313-94ddf0286df2?w=150","relationship_to_child":"Biologická dcera"}'::jsonb, true, 'N', true);
INSERT INTO public.persons (id, organization_id, household_id, role, first_name, last_name, birth_date, custom_fields, gdpr_consent_signed, safety_rating, is_active) VALUES ('55555555-5555-5555-0032-000000000001', 'a0e0a0e0-a0e0-a0e0-a0e0-a0e0a0e0a0e0', '11111111-1111-1111-1111-000000000032', 'social_contact', 'Tereza', 'Veselá', '2013-06-10', '{"avatar_url":"https://images.unsplash.com/photo-1544005313-94ddf0286df2?w=150","relationship_to_child":"Biologická dcera"}'::jsonb, true, 'N', true);
INSERT INTO public.persons (id, organization_id, household_id, role, first_name, last_name, birth_number, phone, gdpr_consent_signed, safety_rating, is_active) VALUES ('66666666-6666-6666-6666-000000000032', 'a0e0a0e0-a0e0-a0e0-a0e0-a0e0a0e0a0e0', '11111111-1111-1111-1111-000000000032', 'bio_parent', 'Alena', 'Nováková', '750103/5158', '+420726517334', true, 'C', true);
INSERT INTO public.events (id, organization_id, household_id, author_id, type, title, payload, occurred_at) VALUES ('77777777-7777-7777-0032-000000000000', 'a0e0a0e0-a0e0-a0e0-a0e0-a0e0a0e0a0e0', '11111111-1111-1111-1111-000000000032', 'f1520cd2-38d3-49fc-a40b-e6c4524983c8', 'phone_call', 'Telefonický kontakt s pěstounem', '{"content":"Telefonický hovor s pěstounem. Probírali jsme chování dětí ve škole a plánování letních prázdninových aktivit.","summary":"Telefonát ohledně prázdnin."}'::jsonb, '2026-04-05 22:47:35+02');
INSERT INTO public.events (id, organization_id, household_id, author_id, type, title, payload, occurred_at) VALUES ('77777777-7777-7777-0032-000000000001', 'a0e0a0e0-a0e0-a0e0-a0e0-a0e0a0e0a0e0', '11111111-1111-1111-1111-000000000032', 'f1520cd2-38d3-49fc-a40b-e6c4524983c8', 'crisis_event', 'Incident / Porušení pravidel', '{"content":"Hlášen drobný incident v rodině: neshody ve škole ohledně prospěchu. Klíčová osoba naplánovala společné jednání s třídním učitelem.","summary":"Řešení studijních problémů."}'::jsonb, '2026-04-20 22:47:35+02');

-- Domácnost 34: Eva Kučerová (FF-987-ZTZ)
INSERT INTO public.households (id, organization_id, branch_id, assigned_ko_id, foster_id, status, notes) VALUES ('11111111-1111-1111-1111-000000000033', 'a0e0a0e0-a0e0-a0e0-a0e0-a0e0a0e0a0e0', 'b0b0b0b0-b0b0-b0b0-b0b0-b0b0b0b0b0b0', 'f1520cd2-38d3-49fc-a40b-e6c4524983c8', 'FF-987-ZTZ', 'active', 'Pěstounská rodina: Eva Kučerová. Doprovází Anna Málková.');
INSERT INTO public.persons (id, organization_id, household_id, role, first_name, last_name, birth_date, custom_fields, is_active) VALUES ('22222222-2222-2222-2222-000000000033', 'a0e0a0e0-a0e0-a0e0-a0e0-a0e0a0e0a0e0', '11111111-1111-1111-1111-000000000033', 'foster_parent', 'Eva', 'Kučerová', '1986-05-27', '{"profession":"Prodavač","foster_care_type":"A","avatar_url":"https://images.unsplash.com/photo-1534528741775-53994a69daeb?w=150"}'::jsonb, true);
INSERT INTO public.person_addresses (id, person_id, type, street, city, zip, from_date) VALUES ('33333333-3333-3333-3333-000000000033', '22222222-2222-2222-2222-000000000033', 'actual', 'Školní 101', 'Blansko', '692 69', '2020-01-01');
INSERT INTO public.persons (id, organization_id, household_id, role, first_name, last_name, birth_date, custom_fields, gdpr_consent_signed, safety_rating, is_active) VALUES ('44444444-4444-4444-0033-000000000000', 'a0e0a0e0-a0e0-a0e0-a0e0-a0e0a0e0a0e0', '11111111-1111-1111-1111-000000000033', 'child', 'Petr', 'Pokorný', '2018-04-03', '{"foster_care_type":"A","avatar_url":"https://images.unsplash.com/photo-1501196354995-cbb51c65aaea?w=150","hobby":"Taneční kroužek","school":"ZŠ Školní Hostomice"}'::jsonb, true, 'B', true);
INSERT INTO public.persons (id, organization_id, household_id, role, first_name, last_name, birth_date, custom_fields, gdpr_consent_signed, safety_rating, is_active) VALUES ('44444444-4444-4444-0033-000000000001', 'a0e0a0e0-a0e0-a0e0-a0e0-a0e0a0e0a0e0', '11111111-1111-1111-1111-000000000033', 'child', 'František', 'Beneš', '2011-08-07', '{"foster_care_type":"A","avatar_url":"https://images.unsplash.com/photo-1519085360753-af0119f7cbe7?w=150","hobby":"Hra na klavír","school":"ZŠ Merhautova Brno"}'::jsonb, true, 'C', true);
INSERT INTO public.persons (id, organization_id, household_id, role, first_name, last_name, birth_date, custom_fields, gdpr_consent_signed, safety_rating, is_active) VALUES ('55555555-5555-5555-0033-000000000000', 'a0e0a0e0-a0e0-a0e0-a0e0-a0e0a0e0a0e0', '11111111-1111-1111-1111-000000000033', 'social_contact', 'Monika', 'Kučerová', '2005-07-18', '{"avatar_url":"https://images.unsplash.com/photo-1488426862026-3ee34a7d66df?w=150","relationship_to_child":"Biologická dcera"}'::jsonb, true, 'N', true);
INSERT INTO public.persons (id, organization_id, household_id, role, first_name, last_name, birth_date, custom_fields, gdpr_consent_signed, safety_rating, is_active) VALUES ('55555555-5555-5555-0033-000000000001', 'a0e0a0e0-a0e0-a0e0-a0e0-a0e0a0e0a0e0', '11111111-1111-1111-1111-000000000033', 'social_contact', 'Petr', 'Kučerová', '2011-01-01', '{"avatar_url":"https://images.unsplash.com/photo-1507003211169-0a1dd7228f2d?w=150","relationship_to_child":"Biologický syn"}'::jsonb, true, 'N', true);
INSERT INTO public.persons (id, organization_id, household_id, role, first_name, last_name, birth_date, custom_fields, gdpr_consent_signed, safety_rating, is_active) VALUES ('55555555-5555-5555-0033-000000000002', 'a0e0a0e0-a0e0-a0e0-a0e0-a0e0a0e0a0e0', '11111111-1111-1111-1111-000000000033', 'social_contact', 'Jakub', 'Kučerová', '2007-08-18', '{"avatar_url":"https://images.unsplash.com/photo-1501196354995-cbb51c65aaea?w=150","relationship_to_child":"Biologický syn"}'::jsonb, true, 'N', true);
INSERT INTO public.persons (id, organization_id, household_id, role, first_name, last_name, birth_number, phone, gdpr_consent_signed, safety_rating, is_active) VALUES ('66666666-6666-6666-6666-000000000033', 'a0e0a0e0-a0e0-a0e0-a0e0-a0e0a0e0a0e0', '11111111-1111-1111-1111-000000000033', 'bio_parent', 'Radim', 'Svoboda', '890419/7415', '+420650342612', false, 'C', true);
INSERT INTO public.events (id, organization_id, household_id, author_id, type, title, payload, occurred_at) VALUES ('77777777-7777-7777-0033-000000000000', 'a0e0a0e0-a0e0-a0e0-a0e0-a0e0a0e0a0e0', '11111111-1111-1111-1111-000000000033', 'f1520cd2-38d3-49fc-a40b-e6c4524983c8', 'crisis_event', 'Incident / Porušení pravidel', '{"content":"Hlášen drobný incident v rodině: neshody ve škole ohledně prospěchu. Klíčová osoba naplánovala společné jednání s třídním učitelem.","summary":"Řešení studijních problémů."}'::jsonb, '2026-03-23 22:47:35+02');
INSERT INTO public.events (id, organization_id, household_id, author_id, type, title, payload, occurred_at) VALUES ('77777777-7777-7777-0033-000000000001', 'a0e0a0e0-a0e0-a0e0-a0e0-a0e0a0e0a0e0', '11111111-1111-1111-1111-000000000033', 'f1520cd2-38d3-49fc-a40b-e6c4524983c8', 'crisis_event', 'Incident / Porušení pravidel', '{"content":"Hlášen drobný incident v rodině: neshody ve škole ohledně prospěchu. Klíčová osoba naplánovala společné jednání s třídním učitelem.","summary":"Řešení studijních problémů."}'::jsonb, '2026-05-01 22:47:35+02');

-- Domácnost 35: Marek Kučera (FF-813-JGX)
INSERT INTO public.households (id, organization_id, branch_id, assigned_ko_id, foster_id, status, notes) VALUES ('11111111-1111-1111-1111-000000000034', 'a0e0a0e0-a0e0-a0e0-a0e0-a0e0a0e0a0e0', 'b0b0b0b0-b0b0-b0b0-b0b0-b0b0b0b0b0b0', 'f1520cd2-38d3-49fc-a40b-e6c4524983c8', 'FF-813-JGX', 'active', 'Pěstounská rodina: Marek Kučera. Doprovází Anna Málková.');
INSERT INTO public.persons (id, organization_id, household_id, role, first_name, last_name, birth_date, custom_fields, is_active) VALUES ('22222222-2222-2222-2222-000000000034', 'a0e0a0e0-a0e0-a0e0-a0e0-a0e0a0e0a0e0', '11111111-1111-1111-1111-000000000034', 'foster_parent', 'Marek', 'Kučera', '1972-03-22', '{"profession":"Stavební inženýr","foster_care_type":"A","avatar_url":"https://images.unsplash.com/photo-1501196354995-cbb51c65aaea?w=150"}'::jsonb, true);
INSERT INTO public.person_addresses (id, person_id, type, street, city, zip, from_date) VALUES ('33333333-3333-3333-3333-000000000034', '22222222-2222-2222-2222-000000000034', 'actual', 'Merhautova 93', 'Kuřim', '241 28', '2020-01-01');
INSERT INTO public.persons (id, organization_id, household_id, role, first_name, last_name, birth_date, custom_fields, gdpr_consent_signed, safety_rating, is_active) VALUES ('44444444-4444-4444-0034-000000000000', 'a0e0a0e0-a0e0-a0e0-a0e0-a0e0a0e0a0e0', '11111111-1111-1111-1111-000000000034', 'child', 'Václav', 'Němec', '2021-09-17', '{"foster_care_type":"A","avatar_url":"https://images.unsplash.com/photo-1507003211169-0a1dd7228f2d?w=150","hobby":"Šachy","school":"ZŠ Křídlovická Brno"}'::jsonb, true, 'A', true);
INSERT INTO public.persons (id, organization_id, household_id, role, first_name, last_name, birth_date, custom_fields, gdpr_consent_signed, safety_rating, is_active) VALUES ('55555555-5555-5555-0034-000000000000', 'a0e0a0e0-a0e0-a0e0-a0e0-a0e0a0e0a0e0', '11111111-1111-1111-1111-000000000034', 'social_contact', 'Anna', 'Kučera', '2016-11-16', '{"avatar_url":"https://images.unsplash.com/photo-1438761681033-6461ffad8d80?w=150","relationship_to_child":"Biologická dcera"}'::jsonb, true, 'N', true);
INSERT INTO public.persons (id, organization_id, household_id, role, first_name, last_name, birth_date, custom_fields, gdpr_consent_signed, safety_rating, is_active) VALUES ('55555555-5555-5555-0034-000000000001', 'a0e0a0e0-a0e0-a0e0-a0e0-a0e0a0e0a0e0', '11111111-1111-1111-1111-000000000034', 'social_contact', 'Věra', 'Kučera', '2016-12-22', '{"avatar_url":"https://images.unsplash.com/photo-1438761681033-6461ffad8d80?w=150","relationship_to_child":"Biologická dcera"}'::jsonb, true, 'N', true);
INSERT INTO public.persons (id, organization_id, household_id, role, first_name, last_name, birth_date, custom_fields, gdpr_consent_signed, safety_rating, is_active) VALUES ('55555555-5555-5555-0034-000000000002', 'a0e0a0e0-a0e0-a0e0-a0e0-a0e0a0e0a0e0', '11111111-1111-1111-1111-000000000034', 'social_contact', 'Tomáš', 'Kučera', '2022-05-23', '{"avatar_url":"https://images.unsplash.com/photo-1506794778202-cad84cf45f1d?w=150","relationship_to_child":"Biologický syn"}'::jsonb, true, 'N', true);
INSERT INTO public.persons (id, organization_id, household_id, role, first_name, last_name, birth_number, phone, gdpr_consent_signed, safety_rating, is_active) VALUES ('66666666-6666-6666-6666-000000000034', 'a0e0a0e0-a0e0-a0e0-a0e0-a0e0a0e0a0e0', '11111111-1111-1111-1111-000000000034', 'bio_parent', 'Michal', 'Veselý', '900213/9836', '+420755818898', false, 'Z', true);
INSERT INTO public.events (id, organization_id, household_id, author_id, type, title, payload, occurred_at) VALUES ('77777777-7777-7777-0034-000000000000', 'a0e0a0e0-a0e0-a0e0-a0e0-a0e0a0e0a0e0', '11111111-1111-1111-1111-000000000034', 'f1520cd2-38d3-49fc-a40b-e6c4524983c8', 'crisis_event', 'Pokus o kontakt biologického otce', '{"content":"Biologický rodič Michal Veselý se pokusil kontaktovat dítě navzdory soudníšemu zákazu styku. Pěstoun okamžitě kontaktoval naši klíčovou osobu. Incident hlášen na OSPOD.","summary":"Porušení zákazu styku biologickým rodičem."}'::jsonb, '2026-06-08 22:47:35+02');

-- Domácnost 36: František Marek (FF-174-HEY)
INSERT INTO public.households (id, organization_id, branch_id, assigned_ko_id, foster_id, status, notes) VALUES ('11111111-1111-1111-1111-000000000035', 'a0e0a0e0-a0e0-a0e0-a0e0-a0e0a0e0a0e0', 'b0b0b0b0-b0b0-b0b0-b0b0-b0b0b0b0b0b0', 'f1520cd2-38d3-49fc-a40b-e6c4524983c8', 'FF-174-HEY', 'active', 'Pěstounská rodina: František Marek. Doprovází Anna Málková.');
INSERT INTO public.persons (id, organization_id, household_id, role, first_name, last_name, birth_date, custom_fields, is_active) VALUES ('22222222-2222-2222-2222-000000000035', 'a0e0a0e0-a0e0-a0e0-a0e0-a0e0a0e0a0e0', '11111111-1111-1111-1111-000000000035', 'foster_parent', 'František', 'Marek', '1982-04-12', '{"profession":"Prodavač","foster_care_type":"B","avatar_url":"https://images.unsplash.com/photo-1500648767791-00dcc994a43e?w=150"}'::jsonb, true);
INSERT INTO public.person_addresses (id, person_id, type, street, city, zip, from_date) VALUES ('33333333-3333-3333-3333-000000000035', '22222222-2222-2222-2222-000000000035', 'actual', 'Dlouhá 70', 'Kuřim', '134 99', '2020-01-01');
INSERT INTO public.persons (id, organization_id, household_id, role, first_name, last_name, birth_date, custom_fields, gdpr_consent_signed, safety_rating, is_active) VALUES ('44444444-4444-4444-0035-000000000000', 'a0e0a0e0-a0e0-a0e0-a0e0-a0e0a0e0a0e0', '11111111-1111-1111-1111-000000000035', 'child', 'Petra', 'Černá', '2015-02-06', '{"foster_care_type":"B","avatar_url":"https://images.unsplash.com/photo-1517841905240-472988babdf9?w=150","hobby":"Čtení","school":"ZŠ Merhautova Brno"}'::jsonb, true, 'B', true);
INSERT INTO public.persons (id, organization_id, household_id, role, first_name, last_name, birth_date, custom_fields, gdpr_consent_signed, safety_rating, is_active) VALUES ('55555555-5555-5555-0035-000000000000', 'a0e0a0e0-a0e0-a0e0-a0e0-a0e0a0e0a0e0', '11111111-1111-1111-1111-000000000035', 'social_contact', 'Filip', 'Marek', '2016-04-18', '{"avatar_url":"https://images.unsplash.com/photo-1507003211169-0a1dd7228f2d?w=150","relationship_to_child":"Biologický syn"}'::jsonb, true, 'N', true);
INSERT INTO public.persons (id, organization_id, household_id, role, first_name, last_name, birth_date, custom_fields, gdpr_consent_signed, safety_rating, is_active) VALUES ('55555555-5555-5555-0035-000000000001', 'a0e0a0e0-a0e0-a0e0-a0e0-a0e0a0e0a0e0', '11111111-1111-1111-1111-000000000035', 'social_contact', 'Ondřej', 'Marek', '2006-10-08', '{"avatar_url":"https://images.unsplash.com/photo-1501196354995-cbb51c65aaea?w=150","relationship_to_child":"Biologický syn"}'::jsonb, true, 'N', true);
INSERT INTO public.persons (id, organization_id, household_id, role, first_name, last_name, birth_date, custom_fields, gdpr_consent_signed, safety_rating, is_active) VALUES ('55555555-5555-5555-0035-000000000002', 'a0e0a0e0-a0e0-a0e0-a0e0-a0e0a0e0a0e0', '11111111-1111-1111-1111-000000000035', 'social_contact', 'Eva', 'Marek', '2018-07-19', '{"avatar_url":"https://images.unsplash.com/photo-1494790108377-be9c29b29330?w=150","relationship_to_child":"Biologická dcera"}'::jsonb, true, 'N', true);
INSERT INTO public.persons (id, organization_id, household_id, role, first_name, last_name, birth_number, phone, gdpr_consent_signed, safety_rating, is_active) VALUES ('66666666-6666-6666-6666-000000000035', 'a0e0a0e0-a0e0-a0e0-a0e0-a0e0a0e0a0e0', '11111111-1111-1111-1111-000000000035', 'bio_parent', 'Aleš', 'Novák', '881011/4691', '+420671292114', true, 'C', true);
INSERT INTO public.events (id, organization_id, household_id, author_id, type, title, payload, occurred_at) VALUES ('77777777-7777-7777-0035-000000000000', 'a0e0a0e0-a0e0-a0e0-a0e0-a0e0a0e0a0e0', '11111111-1111-1111-1111-000000000035', 'f1520cd2-38d3-49fc-a40b-e6c4524983c8', 'regular_visit', 'Pravidelná pololetní návštěva', '{"content":"Návštěva v rodině proběhla v pořádku. Pěstoun František Marek vzorně spolupracuje, děti se rozvíjejí standardně podle IPOD.","summary":"Pololetní návštěva bez zjištěných nedostatků."}'::jsonb, '2026-04-24 22:47:35+02');
INSERT INTO public.events (id, organization_id, household_id, author_id, type, title, payload, occurred_at) VALUES ('77777777-7777-7777-0035-000000000001', 'a0e0a0e0-a0e0-a0e0-a0e0-a0e0a0e0a0e0', '11111111-1111-1111-1111-000000000035', 'f1520cd2-38d3-49fc-a40b-e6c4524983c8', 'regular_visit', 'Pravidelná pololetní návštěva', '{"content":"Návštěva v rodině proběhla v pořádku. Pěstoun František Marek vzorně spolupracuje, děti se rozvíjejí standardně podle IPOD.","summary":"Pololetní návštěva bez zjištěných nedostatků."}'::jsonb, '2026-04-01 22:47:35+02');

-- Domácnost 37: Martina Fialová (FF-430-NXB)
INSERT INTO public.households (id, organization_id, branch_id, assigned_ko_id, foster_id, status, notes) VALUES ('11111111-1111-1111-1111-000000000036', 'a0e0a0e0-a0e0-a0e0-a0e0-a0e0a0e0a0e0', 'b0b0b0b0-b0b0-b0b0-b0b0-b0b0b0b0b0b0', 'f1520cd2-38d3-49fc-a40b-e6c4524983c8', 'FF-430-NXB', 'active', 'Pěstounská rodina: Martina Fialová. Doprovází Anna Málková.');
INSERT INTO public.persons (id, organization_id, household_id, role, first_name, last_name, birth_date, custom_fields, is_active) VALUES ('22222222-2222-2222-2222-000000000036', 'a0e0a0e0-a0e0-a0e0-a0e0-a0e0a0e0a0e0', '11111111-1111-1111-1111-000000000036', 'foster_parent', 'Martina', 'Fialová', '1966-12-22', '{"profession":"Podnikatel","foster_care_type":"C","avatar_url":"https://images.unsplash.com/photo-1534528741775-53994a69daeb?w=150","relationship_to_child":"babička"}'::jsonb, true);
INSERT INTO public.person_addresses (id, person_id, type, street, city, zip, from_date) VALUES ('33333333-3333-3333-3333-000000000036', '22222222-2222-2222-2222-000000000036', 'actual', 'Zahradní 83', 'Hostomice', '654 20', '2020-01-01');
INSERT INTO public.persons (id, organization_id, household_id, role, first_name, last_name, birth_date, custom_fields, gdpr_consent_signed, safety_rating, is_active) VALUES ('44444444-4444-4444-0036-000000000000', 'a0e0a0e0-a0e0-a0e0-a0e0-a0e0a0e0a0e0', '11111111-1111-1111-1111-000000000036', 'child', 'Marie', 'Marková', '2016-02-16', '{"relationship_to_foster_parent":"vnučka","foster_care_type":"C","avatar_url":"https://images.unsplash.com/photo-1488426862026-3ee34a7d66df?w=150","hobby":"Plavání","school":"ZŠ Úvoz Brno"}'::jsonb, true, 'A', true);
INSERT INTO public.persons (id, organization_id, household_id, role, first_name, last_name, birth_date, custom_fields, gdpr_consent_signed, safety_rating, is_active) VALUES ('55555555-5555-5555-0036-000000000000', 'a0e0a0e0-a0e0-a0e0-a0e0-a0e0a0e0a0e0', '11111111-1111-1111-1111-000000000036', 'social_contact', 'Tereza', 'Fialová', '2014-04-23', '{"avatar_url":"https://images.unsplash.com/photo-1488426862026-3ee34a7d66df?w=150","relationship_to_child":"Biologická dcera"}'::jsonb, true, 'N', true);
INSERT INTO public.persons (id, organization_id, household_id, role, first_name, last_name, birth_date, custom_fields, gdpr_consent_signed, safety_rating, is_active) VALUES ('55555555-5555-5555-0036-000000000001', 'a0e0a0e0-a0e0-a0e0-a0e0-a0e0a0e0a0e0', '11111111-1111-1111-1111-000000000036', 'social_contact', 'Adéla', 'Fialová', '2005-11-27', '{"avatar_url":"https://images.unsplash.com/photo-1544005313-94ddf0286df2?w=150","relationship_to_child":"Biologická dcera"}'::jsonb, true, 'N', true);
INSERT INTO public.persons (id, organization_id, household_id, role, first_name, last_name, birth_number, phone, gdpr_consent_signed, safety_rating, is_active) VALUES ('66666666-6666-6666-6666-000000000036', 'a0e0a0e0-a0e0-a0e0-a0e0-a0e0a0e0a0e0', '11111111-1111-1111-1111-000000000036', 'bio_parent', 'Hana', 'Němcová', '720703/6395', '+420714896521', true, 'B', true);
INSERT INTO public.events (id, organization_id, household_id, author_id, type, title, payload, occurred_at) VALUES ('77777777-7777-7777-0036-000000000000', 'a0e0a0e0-a0e0-a0e0-a0e0-a0e0a0e0a0e0', '11111111-1111-1111-1111-000000000036', 'f1520cd2-38d3-49fc-a40b-e6c4524983c8', 'phone_call', 'Telefonický kontakt s pěstounem', '{"content":"Telefonický hovor s pěstounem. Probírali jsme chování dětí ve škole a plánování letních prázdninových aktivit.","summary":"Telefonát ohledně prázdnin."}'::jsonb, '2026-05-30 22:47:35+02');
INSERT INTO public.events (id, organization_id, household_id, author_id, type, title, payload, occurred_at) VALUES ('77777777-7777-7777-0036-000000000001', 'a0e0a0e0-a0e0-a0e0-a0e0-a0e0a0e0a0e0', '11111111-1111-1111-1111-000000000036', 'f1520cd2-38d3-49fc-a40b-e6c4524983c8', 'phone_call', 'Telefonický kontakt s pěstounem', '{"content":"Telefonický hovor s pěstounem. Probírali jsme chování dětí ve škole a plánování letních prázdninových aktivit.","summary":"Telefonát ohledně prázdnin."}'::jsonb, '2026-03-25 22:47:35+02');

-- Domácnost 38: Pavel Černý (FF-073-MNY)
INSERT INTO public.households (id, organization_id, branch_id, assigned_ko_id, foster_id, status, notes) VALUES ('11111111-1111-1111-1111-000000000037', 'a0e0a0e0-a0e0-a0e0-a0e0-a0e0a0e0a0e0', 'b0b0b0b0-b0b0-b0b0-b0b0-b0b0b0b0b0b0', 'f1520cd2-38d3-49fc-a40b-e6c4524983c8', 'FF-073-MNY', 'active', 'Pěstounská rodina: Pavel Černý. Doprovází Anna Málková.');
INSERT INTO public.persons (id, organization_id, household_id, role, first_name, last_name, birth_date, custom_fields, is_active) VALUES ('22222222-2222-2222-2222-000000000037', 'a0e0a0e0-a0e0-a0e0-a0e0-a0e0a0e0a0e0', '11111111-1111-1111-1111-000000000037', 'foster_parent', 'Pavel', 'Černý', '1968-08-10', '{"profession":"Učitel","foster_care_type":"B","avatar_url":"https://images.unsplash.com/photo-1501196354995-cbb51c65aaea?w=150"}'::jsonb, true);
INSERT INTO public.person_addresses (id, person_id, type, street, city, zip, from_date) VALUES ('33333333-3333-3333-3333-000000000037', '22222222-2222-2222-2222-000000000037', 'actual', 'Údolní 81', 'Vyškov', '433 71', '2020-01-01');
INSERT INTO public.persons (id, organization_id, household_id, role, first_name, last_name, birth_date, custom_fields, gdpr_consent_signed, safety_rating, is_active) VALUES ('44444444-4444-4444-0037-000000000000', 'a0e0a0e0-a0e0-a0e0-a0e0-a0e0a0e0a0e0', '11111111-1111-1111-1111-000000000037', 'child', 'Adéla', 'Sedláčková', '2020-07-18', '{"foster_care_type":"B","avatar_url":"https://images.unsplash.com/photo-1438761681033-6461ffad8d80?w=150","hobby":"Skaut","school":"ZŠ Nádražní Vyškov"}'::jsonb, true, 'C', true);
INSERT INTO public.persons (id, organization_id, household_id, role, first_name, last_name, birth_date, custom_fields, gdpr_consent_signed, safety_rating, is_active) VALUES ('55555555-5555-5555-0037-000000000000', 'a0e0a0e0-a0e0-a0e0-a0e0-a0e0a0e0a0e0', '11111111-1111-1111-1111-000000000037', 'social_contact', 'Marie', 'Černý', '2017-06-10', '{"avatar_url":"https://images.unsplash.com/photo-1438761681033-6461ffad8d80?w=150","relationship_to_child":"Biologická dcera"}'::jsonb, true, 'N', true);
INSERT INTO public.persons (id, organization_id, household_id, role, first_name, last_name, birth_number, phone, gdpr_consent_signed, safety_rating, is_active) VALUES ('66666666-6666-6666-6666-000000000037', 'a0e0a0e0-a0e0-a0e0-a0e0-a0e0a0e0a0e0', '11111111-1111-1111-1111-000000000037', 'bio_parent', 'Veronika', 'Sedláčková', '831012/3017', '+420625232930', false, 'Z', true);
INSERT INTO public.events (id, organization_id, household_id, author_id, type, title, payload, occurred_at) VALUES ('77777777-7777-7777-0037-000000000000', 'a0e0a0e0-a0e0-a0e0-a0e0-a0e0a0e0a0e0', '11111111-1111-1111-1111-000000000037', 'f1520cd2-38d3-49fc-a40b-e6c4524983c8', 'crisis_event', 'Pokus o kontakt biologického otce', '{"content":"Biologický rodič Veronika Sedláčková se pokusil kontaktovat dítě navzdory soudníšemu zákazu styku. Pěstoun okamžitě kontaktoval naši klíčovou osobu. Incident hlášen na OSPOD.","summary":"Porušení zákazu styku biologickým rodičem."}'::jsonb, '2026-03-31 22:47:35+02');

-- Domácnost 39: Václav Procházka (FF-853-WZS)
INSERT INTO public.households (id, organization_id, branch_id, assigned_ko_id, foster_id, status, notes) VALUES ('11111111-1111-1111-1111-000000000038', 'a0e0a0e0-a0e0-a0e0-a0e0-a0e0a0e0a0e0', 'b0b0b0b0-b0b0-b0b0-b0b0-b0b0b0b0b0b0', 'f1520cd2-38d3-49fc-a40b-e6c4524983c8', 'FF-853-WZS', 'active', 'Pěstounská rodina: Václav Procházka. Doprovází Anna Málková.');
INSERT INTO public.persons (id, organization_id, household_id, role, first_name, last_name, birth_date, custom_fields, is_active) VALUES ('22222222-2222-2222-2222-000000000038', 'a0e0a0e0-a0e0-a0e0-a0e0-a0e0a0e0a0e0', '11111111-1111-1111-1111-000000000038', 'foster_parent', 'Václav', 'Procházka', '1972-05-27', '{"profession":"IT specialista","foster_care_type":"A","avatar_url":"https://images.unsplash.com/photo-1501196354995-cbb51c65aaea?w=150"}'::jsonb, true);
INSERT INTO public.person_addresses (id, person_id, type, street, city, zip, from_date) VALUES ('33333333-3333-3333-3333-000000000038', '22222222-2222-2222-2222-000000000038', 'actual', 'Zahradní 82', 'Hostomice', '314 47', '2020-01-01');
INSERT INTO public.persons (id, organization_id, household_id, role, first_name, last_name, birth_date, custom_fields, gdpr_consent_signed, safety_rating, is_active) VALUES ('44444444-4444-4444-0038-000000000000', 'a0e0a0e0-a0e0-a0e0-a0e0-a0e0a0e0a0e0', '11111111-1111-1111-1111-000000000038', 'child', 'Lucie', 'Němcová', '2016-10-22', '{"foster_care_type":"A","avatar_url":"https://images.unsplash.com/photo-1488426862026-3ee34a7d66df?w=150","hobby":"Výtvarný kroužek","school":"ZŠ Křídlovická Brno"}'::jsonb, true, 'A', true);
INSERT INTO public.persons (id, organization_id, household_id, role, first_name, last_name, birth_date, custom_fields, gdpr_consent_signed, safety_rating, is_active) VALUES ('55555555-5555-5555-0038-000000000000', 'a0e0a0e0-a0e0-a0e0-a0e0-a0e0a0e0a0e0', '11111111-1111-1111-1111-000000000038', 'social_contact', 'Filip', 'Procházka', '2017-11-25', '{"avatar_url":"https://images.unsplash.com/photo-1501196354995-cbb51c65aaea?w=150","relationship_to_child":"Biologický syn"}'::jsonb, true, 'N', true);
INSERT INTO public.persons (id, organization_id, household_id, role, first_name, last_name, birth_date, custom_fields, gdpr_consent_signed, safety_rating, is_active) VALUES ('55555555-5555-5555-0038-000000000001', 'a0e0a0e0-a0e0-a0e0-a0e0-a0e0a0e0a0e0', '11111111-1111-1111-1111-000000000038', 'social_contact', 'Petra', 'Procházka', '2008-03-27', '{"avatar_url":"https://images.unsplash.com/photo-1488426862026-3ee34a7d66df?w=150","relationship_to_child":"Biologická dcera"}'::jsonb, true, 'N', true);
INSERT INTO public.persons (id, organization_id, household_id, role, first_name, last_name, birth_date, custom_fields, gdpr_consent_signed, safety_rating, is_active) VALUES ('55555555-5555-5555-0038-000000000002', 'a0e0a0e0-a0e0-a0e0-a0e0-a0e0a0e0a0e0', '11111111-1111-1111-1111-000000000038', 'social_contact', 'Petra', 'Procházka', '2005-07-24', '{"avatar_url":"https://images.unsplash.com/photo-1534528741775-53994a69daeb?w=150","relationship_to_child":"Biologická dcera"}'::jsonb, true, 'N', true);
INSERT INTO public.persons (id, organization_id, household_id, role, first_name, last_name, birth_number, phone, gdpr_consent_signed, safety_rating, is_active) VALUES ('66666666-6666-6666-6666-000000000038', 'a0e0a0e0-a0e0-a0e0-a0e0-a0e0a0e0a0e0', '11111111-1111-1111-1111-000000000038', 'bio_parent', 'David', 'Novotný', '880511/6221', '+420757829488', false, 'B', true);
INSERT INTO public.events (id, organization_id, household_id, author_id, type, title, payload, occurred_at) VALUES ('77777777-7777-7777-0038-000000000000', 'a0e0a0e0-a0e0-a0e0-a0e0-a0e0a0e0a0e0', '11111111-1111-1111-1111-000000000038', 'f1520cd2-38d3-49fc-a40b-e6c4524983c8', 'crisis_event', 'Incident / Porušení pravidel', '{"content":"Hlášen drobný incident v rodině: neshody ve škole ohledně prospěchu. Klíčová osoba naplánovala společné jednání s třídním učitelem.","summary":"Řešení studijních problémů."}'::jsonb, '2026-04-02 22:47:35+02');

-- Domácnost 40: Eva Kolářová (FF-371-FYG)
INSERT INTO public.households (id, organization_id, branch_id, assigned_ko_id, foster_id, status, notes) VALUES ('11111111-1111-1111-1111-000000000039', 'a0e0a0e0-a0e0-a0e0-a0e0-a0e0a0e0a0e0', 'b0b0b0b0-b0b0-b0b0-b0b0-b0b0b0b0b0b0', 'f1520cd2-38d3-49fc-a40b-e6c4524983c8', 'FF-371-FYG', 'active', 'Pěstounská rodina: Eva Kolářová. Doprovází Anna Málková.');
INSERT INTO public.persons (id, organization_id, household_id, role, first_name, last_name, birth_date, custom_fields, is_active) VALUES ('22222222-2222-2222-2222-000000000039', 'a0e0a0e0-a0e0-a0e0-a0e0-a0e0a0e0a0e0', '11111111-1111-1111-1111-000000000039', 'foster_parent', 'Eva', 'Kolářová', '1974-07-10', '{"profession":"Zahradník","foster_care_type":"A","avatar_url":"https://images.unsplash.com/photo-1438761681033-6461ffad8d80?w=150"}'::jsonb, true);
INSERT INTO public.person_addresses (id, person_id, type, street, city, zip, from_date) VALUES ('33333333-3333-3333-3333-000000000039', '22222222-2222-2222-2222-000000000039', 'actual', 'Zahradní 23', 'Blansko', '516 87', '2020-01-01');
INSERT INTO public.persons (id, organization_id, household_id, role, first_name, last_name, birth_date, custom_fields, gdpr_consent_signed, safety_rating, is_active) VALUES ('44444444-4444-4444-0039-000000000000', 'a0e0a0e0-a0e0-a0e0-a0e0-a0e0a0e0a0e0', '11111111-1111-1111-1111-000000000039', 'child', 'Monika', 'Němcová', '2010-10-08', '{"foster_care_type":"A","avatar_url":"https://images.unsplash.com/photo-1517841905240-472988babdf9?w=150","hobby":"Hra na klavír","school":"Gymnázium Elgartova Brno"}'::jsonb, true, 'A', true);
INSERT INTO public.persons (id, organization_id, household_id, role, first_name, last_name, birth_date, custom_fields, gdpr_consent_signed, safety_rating, is_active) VALUES ('55555555-5555-5555-0039-000000000000', 'a0e0a0e0-a0e0-a0e0-a0e0-a0e0a0e0a0e0', '11111111-1111-1111-1111-000000000039', 'social_contact', 'Veronika', 'Kolářová', '2018-01-11', '{"avatar_url":"https://images.unsplash.com/photo-1534528741775-53994a69daeb?w=150","relationship_to_child":"Biologická dcera"}'::jsonb, true, 'N', true);
INSERT INTO public.persons (id, organization_id, household_id, role, first_name, last_name, birth_date, custom_fields, gdpr_consent_signed, safety_rating, is_active) VALUES ('55555555-5555-5555-0039-000000000001', 'a0e0a0e0-a0e0-a0e0-a0e0-a0e0a0e0a0e0', '11111111-1111-1111-1111-000000000039', 'social_contact', 'František', 'Kolářová', '2008-02-16', '{"avatar_url":"https://images.unsplash.com/photo-1492562080023-ab3db95bfbce?w=150","relationship_to_child":"Biologický syn"}'::jsonb, true, 'N', true);
INSERT INTO public.persons (id, organization_id, household_id, role, first_name, last_name, birth_number, phone, gdpr_consent_signed, safety_rating, is_active) VALUES ('66666666-6666-6666-6666-000000000039', 'a0e0a0e0-a0e0-a0e0-a0e0-a0e0a0e0a0e0', '11111111-1111-1111-1111-000000000039', 'bio_parent', 'Veronika', 'Horáková', '940417/2074', '+420605695601', true, 'B', true);
INSERT INTO public.events (id, organization_id, household_id, author_id, type, title, payload, occurred_at) VALUES ('77777777-7777-7777-0039-000000000000', 'a0e0a0e0-a0e0-a0e0-a0e0-a0e0a0e0a0e0', '11111111-1111-1111-1111-000000000039', 'f1520cd2-38d3-49fc-a40b-e6c4524983c8', 'phone_call', 'Telefonický kontakt s pěstounem', '{"content":"Telefonický hovor s pěstounem. Probírali jsme chování dětí ve škole a plánování letních prázdninových aktivit.","summary":"Telefonát ohledně prázdnin."}'::jsonb, '2026-05-12 22:47:35+02');
INSERT INTO public.events (id, organization_id, household_id, author_id, type, title, payload, occurred_at) VALUES ('77777777-7777-7777-0039-000000000001', 'a0e0a0e0-a0e0-a0e0-a0e0-a0e0a0e0a0e0', '11111111-1111-1111-1111-000000000039', 'f1520cd2-38d3-49fc-a40b-e6c4524983c8', 'phone_call', 'Telefonický kontakt s pěstounem', '{"content":"Telefonický hovor s pěstounem. Probírali jsme chování dětí ve škole a plánování letních prázdninových aktivit.","summary":"Telefonát ohledně prázdnin."}'::jsonb, '2026-04-29 22:47:35+02');

