-- Supabase Migration: TestovacĂ­ data (Seed data - 20 domĂˇcnostĂ­)
-- Cesta: moje_doprovazeni_com/supabase/migrations/20260617000100_seed_data.sql

TRUNCATE public.person_physiological_metrics, public.person_documents, public.person_education, public.person_addresses, public.events, public.persons, public.households, public.profiles, public.branches, public.organizations CASCADE;

-- ==========================================
-- 1. ZALOĹ˝ENĂŤ TESTOVACĂŤ ORGANIZACE A POBOÄŚKY
-- ==========================================

INSERT INTO public.organizations (id, name, slug, primary_color, secondary_color, subscription_tier) VALUES ('a0e0a0e0-a0e0-a0e0-a0e0-a0e0a0e0a0e0', 'DoprovĂˇzenĂ­ s.r.o.', 'doprovazeni', '#6366f1', '#0f172a', 'pro');
INSERT INTO public.branches (id, organization_id, name, address) VALUES ('b0b0b0b0-b0b0-b0b0-b0b0-b0b0b0b0b0b0', 'a0e0a0e0-a0e0-a0e0-a0e0-a0e0a0e0a0e0', 'PoboÄŤka Brno-mÄ›sto', 'ĂšdolnĂ­ 250/5, 602 00 Brno');

-- ==========================================
-- 2. ZALOĹ˝ENĂŤ UĹ˝IVATELSKĂťCH PROFILĹ®
-- ==========================================

INSERT INTO public.profiles (id, organization_id, branch_id, email, first_name, last_name, role, is_active) VALUES ('f1520cd2-38d3-49fc-a40b-e6c4524983c8', 'a0e0a0e0-a0e0-a0e0-a0e0-a0e0a0e0a0e0', 'b0b0b0b0-b0b0-b0b0-b0b0-b0b0b0b0b0b0', 'petr.homolka@gmail.com', 'Petr', 'Homolka', 'superadmin', true);
INSERT INTO public.profiles (id, organization_id, branch_id, email, first_name, last_name, role, is_active) VALUES ('aecbcd51-1ae6-48b3-b641-a5c639b46fe6', 'a0e0a0e0-a0e0-a0e0-a0e0-a0e0a0e0a0e0', 'b0b0b0b0-b0b0-b0b0-b0b0-b0b0b0b0b0b0', 'test@doprovazeni.com', 'Test', 'PracovnĂ­k', 'worker', true);

-- ==========================================
-- 3. ZALOĹ˝ENĂŤ DOMĂCNOSTĂŤ A OSOB (40 rodin)
-- ==========================================

-- DomĂˇcnost 1: Jan NovĂˇk (FF-095-DJL)
INSERT INTO public.households (id, organization_id, branch_id, assigned_ko_id, foster_id, status, notes) VALUES ('11111111-1111-1111-1111-000000000000', 'a0e0a0e0-a0e0-a0e0-a0e0-a0e0a0e0a0e0', 'b0b0b0b0-b0b0-b0b0-b0b0-b0b0b0b0b0b0', 'aecbcd51-1ae6-48b3-b641-a5c639b46fe6', 'FF-095-DJL', 'active', 'PÄ›stounskĂˇ rodina: Jan NovĂˇk. DoprovĂˇzĂ­ Anna MĂˇlkovĂˇ.');
INSERT INTO public.persons (id, organization_id, household_id, role, first_name, last_name, birth_date, custom_fields, is_active) VALUES ('22222222-2222-2222-2222-000000000000', 'a0e0a0e0-a0e0-a0e0-a0e0-a0e0a0e0a0e0', '11111111-1111-1111-1111-000000000000', 'foster_parent', 'Jan', 'NovĂˇk', '1965-12-05', '{"profession":"ZahradnĂ­k","foster_care_type":"A","avatar_url":"https://images.unsplash.com/photo-1519085360753-af0119f7cbe7?w=150"}'::jsonb, true);
INSERT INTO public.person_addresses (id, person_id, type, street, city, zip, from_date) VALUES ('33333333-3333-3333-3333-000000000000', '22222222-2222-2222-2222-000000000000', 'actual', 'KoneÄŤnĂ©ho nĂˇmÄ›stĂ­ 4', 'Brno', '402 86', '2020-01-01');
INSERT INTO public.persons (id, organization_id, household_id, role, first_name, last_name, birth_date, custom_fields, gdpr_consent_signed, safety_rating, is_active) VALUES ('44444444-4444-4444-0000-00000000', 'a0e0a0e0-a0e0-a0e0-a0e0-a0e0a0e0a0e0', '11111111-1111-1111-1111-000000000000', 'child', 'EliĹˇka', 'KuÄŤerovĂˇ', '2014-05-15', '{"foster_care_type":"A","avatar_url":"https://images.unsplash.com/photo-1534528741775-53994a69daeb?w=150","hobby":"VĂ˝tvarnĂ˝ krouĹľek","school":"GymnĂˇzium Elgartova Brno"}'::jsonb, true, 'A', true);
INSERT INTO public.persons (id, organization_id, household_id, role, first_name, last_name, birth_date, custom_fields, gdpr_consent_signed, safety_rating, is_active) VALUES ('55555555-5555-5555-0000-00000000', 'a0e0a0e0-a0e0-a0e0-a0e0-a0e0a0e0a0e0', '11111111-1111-1111-1111-000000000000', 'social_contact', 'Anna', 'NovĂˇk', '2009-10-10', '{"avatar_url":"https://images.unsplash.com/photo-1517841905240-472988babdf9?w=150","relationship_to_child":"BiologickĂˇ dcera"}'::jsonb, true, 'N', true);
INSERT INTO public.persons (id, organization_id, household_id, role, first_name, last_name, birth_date, custom_fields, gdpr_consent_signed, safety_rating, is_active) VALUES ('55555555-5555-5555-0000-00000001', 'a0e0a0e0-a0e0-a0e0-a0e0-a0e0a0e0a0e0', '11111111-1111-1111-1111-000000000000', 'social_contact', 'Michaela', 'NovĂˇk', '2010-01-03', '{"avatar_url":"https://images.unsplash.com/photo-1544005313-94ddf0286df2?w=150","relationship_to_child":"BiologickĂˇ dcera"}'::jsonb, true, 'N', true);
INSERT INTO public.persons (id, organization_id, household_id, role, first_name, last_name, birth_number, phone, gdpr_consent_signed, safety_rating, is_active) VALUES ('66666666-6666-6666-6666-000000000000', 'a0e0a0e0-a0e0-a0e0-a0e0-a0e0a0e0a0e0', '11111111-1111-1111-1111-000000000000', 'bio_parent', 'VÄ›ra', 'MarkovĂˇ', '990605/4177', '+420663970585', false, 'Z', true);
INSERT INTO public.events (id, organization_id, household_id, author_id, type, title, payload, occurred_at) VALUES ('77777777-7777-7777-0000-00000000', 'a0e0a0e0-a0e0-a0e0-a0e0-a0e0a0e0a0e0', '11111111-1111-1111-1111-000000000000', 'aecbcd51-1ae6-48b3-b641-a5c639b46fe6', 'crisis_event', 'Pokus o kontakt biologickĂ©ho otce', '{"content":"BiologickĂ˝ rodiÄŤ VÄ›ra MarkovĂˇ se pokusil kontaktovat dĂ­tÄ› navzdory soudnĂ­Ĺˇemu zĂˇkazu styku. PÄ›stoun okamĹľitÄ› kontaktoval naĹˇi klĂ­ÄŤovou osobu. Incident hlĂˇĹˇen na OSPOD.","summary":"PoruĹˇenĂ­ zĂˇkazu styku biologickĂ˝m rodiÄŤem."}'::jsonb, '2026-06-03 22:32:44+02');
INSERT INTO public.events (id, organization_id, household_id, author_id, type, title, payload, occurred_at) VALUES ('77777777-7777-7777-0000-00000001', 'a0e0a0e0-a0e0-a0e0-a0e0-a0e0a0e0a0e0', '11111111-1111-1111-1111-000000000000', 'aecbcd51-1ae6-48b3-b641-a5c639b46fe6', 'crisis_event', 'Pokus o kontakt biologickĂ©ho otce', '{"content":"BiologickĂ˝ rodiÄŤ VÄ›ra MarkovĂˇ se pokusil kontaktovat dĂ­tÄ› navzdory soudnĂ­Ĺˇemu zĂˇkazu styku. PÄ›stoun okamĹľitÄ› kontaktoval naĹˇi klĂ­ÄŤovou osobu. Incident hlĂˇĹˇen na OSPOD.","summary":"PoruĹˇenĂ­ zĂˇkazu styku biologickĂ˝m rodiÄŤem."}'::jsonb, '2026-05-25 22:32:44+02');

-- DomĂˇcnost 2: Jan NovĂˇk (FF-047-DCL)
INSERT INTO public.households (id, organization_id, branch_id, assigned_ko_id, foster_id, status, notes) VALUES ('11111111-1111-1111-1111-000000000001', 'a0e0a0e0-a0e0-a0e0-a0e0-a0e0a0e0a0e0', 'b0b0b0b0-b0b0-b0b0-b0b0-b0b0b0b0b0b0', 'aecbcd51-1ae6-48b3-b641-a5c639b46fe6', 'FF-047-DCL', 'active', 'PÄ›stounskĂˇ rodina: Jan NovĂˇk. DoprovĂˇzĂ­ Anna MĂˇlkovĂˇ.');
INSERT INTO public.persons (id, organization_id, household_id, role, first_name, last_name, birth_date, custom_fields, is_active) VALUES ('22222222-2222-2222-2222-000000000001', 'a0e0a0e0-a0e0-a0e0-a0e0-a0e0a0e0a0e0', '11111111-1111-1111-1111-000000000001', 'foster_parent', 'Jan', 'NovĂˇk', '1972-06-28', '{"profession":"Podnikatel","foster_care_type":"C","avatar_url":"https://images.unsplash.com/photo-1519085360753-af0119f7cbe7?w=150","relationship_to_child":"dÄ›deÄŤek"}'::jsonb, true);
INSERT INTO public.person_addresses (id, person_id, type, street, city, zip, from_date) VALUES ('33333333-3333-3333-3333-000000000001', '22222222-2222-2222-2222-000000000001', 'actual', 'Ĺ kolnĂ­ 13', 'Hostomice', '202 55', '2020-01-01');
INSERT INTO public.persons (id, organization_id, household_id, role, first_name, last_name, birth_date, custom_fields, gdpr_consent_signed, safety_rating, is_active) VALUES ('44444444-4444-4444-0001-00000000', 'a0e0a0e0-a0e0-a0e0-a0e0-a0e0a0e0a0e0', '11111111-1111-1111-1111-000000000001', 'child', 'Michal', 'RĹŻĹľiÄŤka', '2019-06-15', '{"relationship_to_foster_parent":"vnuk","foster_care_type":"C","avatar_url":"https://images.unsplash.com/photo-1500648767791-00dcc994a43e?w=150","hobby":"ModelĂˇĹ™stvĂ­","school":"ZĹ  Merhautova Brno"}'::jsonb, true, 'C', true);
INSERT INTO public.persons (id, organization_id, household_id, role, first_name, last_name, birth_date, custom_fields, gdpr_consent_signed, safety_rating, is_active) VALUES ('44444444-4444-4444-0001-00000001', 'a0e0a0e0-a0e0-a0e0-a0e0-a0e0a0e0a0e0', '11111111-1111-1111-1111-000000000001', 'child', 'TomĂˇĹˇ', 'VeselĂ˝', '2012-01-19', '{"relationship_to_foster_parent":"vnuk","foster_care_type":"C","avatar_url":"https://images.unsplash.com/photo-1506794778202-cad84cf45f1d?w=150","hobby":"Skaut","school":"ZĹ  Merhautova Brno"}'::jsonb, true, 'B', true);
INSERT INTO public.persons (id, organization_id, household_id, role, first_name, last_name, birth_date, custom_fields, gdpr_consent_signed, safety_rating, is_active) VALUES ('55555555-5555-5555-0001-00000000', 'a0e0a0e0-a0e0-a0e0-a0e0-a0e0a0e0a0e0', '11111111-1111-1111-1111-000000000001', 'social_contact', 'AdĂ©la', 'NovĂˇk', '2017-11-02', '{"avatar_url":"https://images.unsplash.com/photo-1488426862026-3ee34a7d66df?w=150","relationship_to_child":"BiologickĂˇ dcera"}'::jsonb, true, 'N', true);
INSERT INTO public.persons (id, organization_id, household_id, role, first_name, last_name, birth_number, phone, gdpr_consent_signed, safety_rating, is_active) VALUES ('66666666-6666-6666-6666-000000000001', 'a0e0a0e0-a0e0-a0e0-a0e0-a0e0a0e0a0e0', '11111111-1111-1111-1111-000000000001', 'bio_parent', 'LukĂˇĹˇ', 'KolĂˇĹ™', '770414/8985', '+420624191077', false, 'C', true);
INSERT INTO public.events (id, organization_id, household_id, author_id, type, title, payload, occurred_at) VALUES ('77777777-7777-7777-0001-00000000', 'a0e0a0e0-a0e0-a0e0-a0e0-a0e0a0e0a0e0', '11111111-1111-1111-1111-000000000001', 'aecbcd51-1ae6-48b3-b641-a5c639b46fe6', 'regular_visit', 'PravidelnĂˇ pololetnĂ­ nĂˇvĹˇtÄ›va', '{"content":"NĂˇvĹˇtÄ›va v rodinÄ› probÄ›hla v poĹ™Ăˇdku. PÄ›stoun Jan NovĂˇk vzornÄ› spolupracuje, dÄ›ti se rozvĂ­jejĂ­ standardnÄ› podle IPOD.","summary":"PololetnĂ­ nĂˇvĹˇtÄ›va bez zjiĹˇtÄ›nĂ˝ch nedostatkĹŻ."}'::jsonb, '2026-03-27 22:32:44+02');
INSERT INTO public.events (id, organization_id, household_id, author_id, type, title, payload, occurred_at) VALUES ('77777777-7777-7777-0001-00000001', 'a0e0a0e0-a0e0-a0e0-a0e0-a0e0a0e0a0e0', '11111111-1111-1111-1111-000000000001', 'aecbcd51-1ae6-48b3-b641-a5c639b46fe6', 'crisis_event', 'Incident / PoruĹˇenĂ­ pravidel', '{"content":"HlĂˇĹˇen drobnĂ˝ incident v rodinÄ›: neshody ve Ĺˇkole ohlednÄ› prospÄ›chu. KlĂ­ÄŤovĂˇ osoba naplĂˇnovala spoleÄŤnĂ© jednĂˇnĂ­ s tĹ™Ă­dnĂ­m uÄŤitelem.","summary":"ĹeĹˇenĂ­ studijnĂ­ch problĂ©mĹŻ."}'::jsonb, '2026-06-09 22:32:44+02');

-- DomĂˇcnost 3: Petr NovĂˇk (FF-865-YLV)
INSERT INTO public.households (id, organization_id, branch_id, assigned_ko_id, foster_id, status, notes) VALUES ('11111111-1111-1111-1111-000000000002', 'a0e0a0e0-a0e0-a0e0-a0e0-a0e0a0e0a0e0', 'b0b0b0b0-b0b0-b0b0-b0b0-b0b0b0b0b0b0', 'aecbcd51-1ae6-48b3-b641-a5c639b46fe6', 'FF-865-YLV', 'active', 'PÄ›stounskĂˇ rodina: Petr NovĂˇk. DoprovĂˇzĂ­ Anna MĂˇlkovĂˇ.');
INSERT INTO public.persons (id, organization_id, household_id, role, first_name, last_name, birth_date, custom_fields, is_active) VALUES ('22222222-2222-2222-2222-000000000002', 'a0e0a0e0-a0e0-a0e0-a0e0-a0e0a0e0a0e0', '11111111-1111-1111-1111-000000000002', 'foster_parent', 'Petr', 'NovĂˇk', '1973-01-06', '{"profession":"DĹŻchodce","foster_care_type":"B","avatar_url":"https://images.unsplash.com/photo-1500648767791-00dcc994a43e?w=150"}'::jsonb, true);
INSERT INTO public.person_addresses (id, person_id, type, street, city, zip, from_date) VALUES ('33333333-3333-3333-3333-000000000002', '22222222-2222-2222-2222-000000000002', 'actual', 'NĂˇdraĹľnĂ­ 8', 'Blansko', '466 27', '2020-01-01');
INSERT INTO public.persons (id, organization_id, household_id, role, first_name, last_name, birth_date, custom_fields, gdpr_consent_signed, safety_rating, is_active) VALUES ('44444444-4444-4444-0002-00000000', 'a0e0a0e0-a0e0-a0e0-a0e0-a0e0a0e0a0e0', '11111111-1111-1111-1111-000000000002', 'child', 'JiĹ™Ă­', 'DvoĹ™Ăˇk', '2012-12-20', '{"foster_care_type":"B","avatar_url":"https://images.unsplash.com/photo-1492562080023-ab3db95bfbce?w=150","hobby":"Skaut","school":"ZĹ  Ĺ kolnĂ­ Hostomice"}'::jsonb, true, 'A', true);
INSERT INTO public.persons (id, organization_id, household_id, role, first_name, last_name, birth_date, custom_fields, gdpr_consent_signed, safety_rating, is_active) VALUES ('55555555-5555-5555-0002-00000000', 'a0e0a0e0-a0e0-a0e0-a0e0-a0e0a0e0a0e0', '11111111-1111-1111-1111-000000000002', 'social_contact', 'JiĹ™Ă­', 'NovĂˇk', '2016-01-25', '{"avatar_url":"https://images.unsplash.com/photo-1519085360753-af0119f7cbe7?w=150","relationship_to_child":"BiologickĂ˝ syn"}'::jsonb, true, 'N', true);
INSERT INTO public.persons (id, organization_id, household_id, role, first_name, last_name, birth_date, custom_fields, gdpr_consent_signed, safety_rating, is_active) VALUES ('55555555-5555-5555-0002-00000001', 'a0e0a0e0-a0e0-a0e0-a0e0-a0e0a0e0a0e0', '11111111-1111-1111-1111-000000000002', 'social_contact', 'KristĂ˝na', 'NovĂˇk', '2007-02-21', '{"avatar_url":"https://images.unsplash.com/photo-1494790108377-be9c29b29330?w=150","relationship_to_child":"BiologickĂˇ dcera"}'::jsonb, true, 'N', true);
INSERT INTO public.persons (id, organization_id, household_id, role, first_name, last_name, birth_number, phone, gdpr_consent_signed, safety_rating, is_active) VALUES ('66666666-6666-6666-6666-000000000002', 'a0e0a0e0-a0e0-a0e0-a0e0-a0e0a0e0a0e0', '11111111-1111-1111-1111-000000000002', 'bio_parent', 'JiĹ™Ă­', 'Marek', '780602/5954', '+420775381034', false, 'B', true);
INSERT INTO public.events (id, organization_id, household_id, author_id, type, title, payload, occurred_at) VALUES ('77777777-7777-7777-0002-00000000', 'a0e0a0e0-a0e0-a0e0-a0e0-a0e0a0e0a0e0', '11111111-1111-1111-1111-000000000002', 'aecbcd51-1ae6-48b3-b641-a5c639b46fe6', 'phone_call', 'TelefonickĂ˝ kontakt s pÄ›stounem', '{"content":"TelefonickĂ˝ hovor s pÄ›stounem. ProbĂ­rali jsme chovĂˇnĂ­ dÄ›tĂ­ ve Ĺˇkole a plĂˇnovĂˇnĂ­ letnĂ­ch prĂˇzdninovĂ˝ch aktivit.","summary":"TelefonĂˇt ohlednÄ› prĂˇzdnin."}'::jsonb, '2026-06-16 22:32:44+02');

-- DomĂˇcnost 4: Jana NovotnĂˇ (FF-235-UHV)
INSERT INTO public.households (id, organization_id, branch_id, assigned_ko_id, foster_id, status, notes) VALUES ('11111111-1111-1111-1111-000000000003', 'a0e0a0e0-a0e0-a0e0-a0e0-a0e0a0e0a0e0', 'b0b0b0b0-b0b0-b0b0-b0b0-b0b0b0b0b0b0', 'aecbcd51-1ae6-48b3-b641-a5c639b46fe6', 'FF-235-UHV', 'active', 'PÄ›stounskĂˇ rodina: Jana NovotnĂˇ. DoprovĂˇzĂ­ Anna MĂˇlkovĂˇ.');
INSERT INTO public.persons (id, organization_id, household_id, role, first_name, last_name, birth_date, custom_fields, is_active) VALUES ('22222222-2222-2222-2222-000000000003', 'a0e0a0e0-a0e0-a0e0-a0e0-a0e0a0e0a0e0', '11111111-1111-1111-1111-000000000003', 'foster_parent', 'Jana', 'NovotnĂˇ', '1971-10-11', '{"profession":"KuchaĹ™","foster_care_type":"C","avatar_url":"https://images.unsplash.com/photo-1544005313-94ddf0286df2?w=150","relationship_to_child":"babiÄŤka"}'::jsonb, true);
INSERT INTO public.person_addresses (id, person_id, type, street, city, zip, from_date) VALUES ('33333333-3333-3333-3333-000000000003', '22222222-2222-2222-2222-000000000003', 'actual', 'NĂˇdraĹľnĂ­ 45', 'VyĹˇkov', '203 42', '2020-01-01');
INSERT INTO public.persons (id, organization_id, household_id, role, first_name, last_name, birth_date, custom_fields, gdpr_consent_signed, safety_rating, is_active) VALUES ('44444444-4444-4444-0003-00000000', 'a0e0a0e0-a0e0-a0e0-a0e0-a0e0a0e0a0e0', '11111111-1111-1111-1111-000000000003', 'child', 'Michaela', 'SvobodovĂˇ', '2015-06-02', '{"relationship_to_foster_parent":"vnuÄŤka","foster_care_type":"C","avatar_url":"https://images.unsplash.com/photo-1488426862026-3ee34a7d66df?w=150","hobby":"Cyklistika","school":"ZĹ  Ăšvoz Brno"}'::jsonb, true, 'B', true);
INSERT INTO public.persons (id, organization_id, household_id, role, first_name, last_name, birth_date, custom_fields, gdpr_consent_signed, safety_rating, is_active) VALUES ('55555555-5555-5555-0003-00000000', 'a0e0a0e0-a0e0-a0e0-a0e0-a0e0a0e0a0e0', '11111111-1111-1111-1111-000000000003', 'social_contact', 'Martin', 'NovotnĂˇ', '2015-02-24', '{"avatar_url":"https://images.unsplash.com/photo-1500648767791-00dcc994a43e?w=150","relationship_to_child":"BiologickĂ˝ syn"}'::jsonb, true, 'N', true);
INSERT INTO public.persons (id, organization_id, household_id, role, first_name, last_name, birth_date, custom_fields, gdpr_consent_signed, safety_rating, is_active) VALUES ('55555555-5555-5555-0003-00000001', 'a0e0a0e0-a0e0-a0e0-a0e0-a0e0a0e0a0e0', '11111111-1111-1111-1111-000000000003', 'social_contact', 'JiĹ™Ă­', 'NovotnĂˇ', '2018-04-13', '{"avatar_url":"https://images.unsplash.com/photo-1507003211169-0a1dd7228f2d?w=150","relationship_to_child":"BiologickĂ˝ syn"}'::jsonb, true, 'N', true);
INSERT INTO public.persons (id, organization_id, household_id, role, first_name, last_name, birth_date, custom_fields, gdpr_consent_signed, safety_rating, is_active) VALUES ('55555555-5555-5555-0003-00000002', 'a0e0a0e0-a0e0-a0e0-a0e0-a0e0a0e0a0e0', '11111111-1111-1111-1111-000000000003', 'social_contact', 'OndĹ™ej', 'NovotnĂˇ', '2008-03-14', '{"avatar_url":"https://images.unsplash.com/photo-1501196354995-cbb51c65aaea?w=150","relationship_to_child":"BiologickĂ˝ syn"}'::jsonb, true, 'N', true);
INSERT INTO public.persons (id, organization_id, household_id, role, first_name, last_name, birth_number, phone, gdpr_consent_signed, safety_rating, is_active) VALUES ('66666666-6666-6666-6666-000000000003', 'a0e0a0e0-a0e0-a0e0-a0e0-a0e0a0e0a0e0', '11111111-1111-1111-1111-000000000003', 'bio_parent', 'LukĂˇĹˇ', 'JelĂ­nek', '811213/3124', '+420678712716', false, 'B', true);
INSERT INTO public.events (id, organization_id, household_id, author_id, type, title, payload, occurred_at) VALUES ('77777777-7777-7777-0003-00000000', 'a0e0a0e0-a0e0-a0e0-a0e0-a0e0a0e0a0e0', '11111111-1111-1111-1111-000000000003', 'aecbcd51-1ae6-48b3-b641-a5c639b46fe6', 'phone_call', 'TelefonickĂ˝ kontakt s pÄ›stounem', '{"content":"TelefonickĂ˝ hovor s pÄ›stounem. ProbĂ­rali jsme chovĂˇnĂ­ dÄ›tĂ­ ve Ĺˇkole a plĂˇnovĂˇnĂ­ letnĂ­ch prĂˇzdninovĂ˝ch aktivit.","summary":"TelefonĂˇt ohlednÄ› prĂˇzdnin."}'::jsonb, '2026-06-10 22:32:44+02');

-- DomĂˇcnost 5: Jana NovotnĂˇ (FF-306-EEA)
INSERT INTO public.households (id, organization_id, branch_id, assigned_ko_id, foster_id, status, notes) VALUES ('11111111-1111-1111-1111-000000000004', 'a0e0a0e0-a0e0-a0e0-a0e0-a0e0a0e0a0e0', 'b0b0b0b0-b0b0-b0b0-b0b0-b0b0b0b0b0b0', 'aecbcd51-1ae6-48b3-b641-a5c639b46fe6', 'FF-306-EEA', 'active', 'PÄ›stounskĂˇ rodina: Jana NovotnĂˇ. DoprovĂˇzĂ­ Anna MĂˇlkovĂˇ.');
INSERT INTO public.persons (id, organization_id, household_id, role, first_name, last_name, birth_date, custom_fields, is_active) VALUES ('22222222-2222-2222-2222-000000000004', 'a0e0a0e0-a0e0-a0e0-a0e0-a0e0a0e0a0e0', '11111111-1111-1111-1111-000000000004', 'foster_parent', 'Jana', 'NovotnĂˇ', '1973-07-05', '{"profession":"SociĂˇlnĂ­ pracovnĂ­k","foster_care_type":"A","avatar_url":"https://images.unsplash.com/photo-1517841905240-472988babdf9?w=150"}'::jsonb, true);
INSERT INTO public.person_addresses (id, person_id, type, street, city, zip, from_date) VALUES ('33333333-3333-3333-3333-000000000004', '22222222-2222-2222-2222-000000000004', 'actual', 'ĂšdolnĂ­ 12', 'Brno', '529 69', '2020-01-01');
INSERT INTO public.persons (id, organization_id, household_id, role, first_name, last_name, birth_date, custom_fields, gdpr_consent_signed, safety_rating, is_active) VALUES ('44444444-4444-4444-0004-00000000', 'a0e0a0e0-a0e0-a0e0-a0e0-a0e0a0e0a0e0', '11111111-1111-1111-1111-000000000004', 'child', 'Monika', 'RĹŻĹľiÄŤkovĂˇ', '2018-02-04', '{"foster_care_type":"A","avatar_url":"https://images.unsplash.com/photo-1517841905240-472988babdf9?w=150","hobby":"Fotbal","school":"ZĹ  NĂˇdraĹľnĂ­ VyĹˇkov"}'::jsonb, true, 'B', true);
INSERT INTO public.persons (id, organization_id, household_id, role, first_name, last_name, birth_date, custom_fields, gdpr_consent_signed, safety_rating, is_active) VALUES ('44444444-4444-4444-0004-00000001', 'a0e0a0e0-a0e0-a0e0-a0e0-a0e0a0e0a0e0', '11111111-1111-1111-1111-000000000004', 'child', 'Michal', 'RĹŻĹľiÄŤka', '2019-01-12', '{"foster_care_type":"A","avatar_url":"https://images.unsplash.com/photo-1506794778202-cad84cf45f1d?w=150","hobby":"Florbal","school":"ZĹ  Merhautova Brno"}'::jsonb, true, 'C', true);
INSERT INTO public.persons (id, organization_id, household_id, role, first_name, last_name, birth_date, custom_fields, gdpr_consent_signed, safety_rating, is_active) VALUES ('55555555-5555-5555-0004-00000000', 'a0e0a0e0-a0e0-a0e0-a0e0-a0e0a0e0a0e0', '11111111-1111-1111-1111-000000000004', 'social_contact', 'Alena', 'NovotnĂˇ', '2020-08-23', '{"avatar_url":"https://images.unsplash.com/photo-1438761681033-6461ffad8d80?w=150","relationship_to_child":"BiologickĂˇ dcera"}'::jsonb, true, 'N', true);
INSERT INTO public.persons (id, organization_id, household_id, role, first_name, last_name, birth_date, custom_fields, gdpr_consent_signed, safety_rating, is_active) VALUES ('55555555-5555-5555-0004-00000001', 'a0e0a0e0-a0e0-a0e0-a0e0-a0e0a0e0a0e0', '11111111-1111-1111-1111-000000000004', 'social_contact', 'Tereza', 'NovotnĂˇ', '2017-05-28', '{"avatar_url":"https://images.unsplash.com/photo-1494790108377-be9c29b29330?w=150","relationship_to_child":"BiologickĂˇ dcera"}'::jsonb, true, 'N', true);
INSERT INTO public.persons (id, organization_id, household_id, role, first_name, last_name, birth_number, phone, gdpr_consent_signed, safety_rating, is_active) VALUES ('66666666-6666-6666-6666-000000000004', 'a0e0a0e0-a0e0-a0e0-a0e0-a0e0a0e0a0e0', '11111111-1111-1111-1111-000000000004', 'bio_parent', 'Tereza', 'KolĂˇĹ™ovĂˇ', '831012/7945', '+420756245537', true, 'C', true);
INSERT INTO public.events (id, organization_id, household_id, author_id, type, title, payload, occurred_at) VALUES ('77777777-7777-7777-0004-00000000', 'a0e0a0e0-a0e0-a0e0-a0e0-a0e0a0e0a0e0', '11111111-1111-1111-1111-000000000004', 'aecbcd51-1ae6-48b3-b641-a5c639b46fe6', 'regular_visit', 'PravidelnĂˇ pololetnĂ­ nĂˇvĹˇtÄ›va', '{"content":"NĂˇvĹˇtÄ›va v rodinÄ› probÄ›hla v poĹ™Ăˇdku. PÄ›stoun Jana NovotnĂˇ vzornÄ› spolupracuje, dÄ›ti se rozvĂ­jejĂ­ standardnÄ› podle IPOD.","summary":"PololetnĂ­ nĂˇvĹˇtÄ›va bez zjiĹˇtÄ›nĂ˝ch nedostatkĹŻ."}'::jsonb, '2026-03-25 22:32:44+02');

-- DomĂˇcnost 6: Marie NovotnĂˇ (FF-408-UAH)
INSERT INTO public.households (id, organization_id, branch_id, assigned_ko_id, foster_id, status, notes) VALUES ('11111111-1111-1111-1111-000000000005', 'a0e0a0e0-a0e0-a0e0-a0e0-a0e0a0e0a0e0', 'b0b0b0b0-b0b0-b0b0-b0b0-b0b0b0b0b0b0', 'aecbcd51-1ae6-48b3-b641-a5c639b46fe6', 'FF-408-UAH', 'active', 'PÄ›stounskĂˇ rodina: Marie NovotnĂˇ. DoprovĂˇzĂ­ Anna MĂˇlkovĂˇ.');
INSERT INTO public.persons (id, organization_id, household_id, role, first_name, last_name, birth_date, custom_fields, is_active) VALUES ('22222222-2222-2222-2222-000000000005', 'a0e0a0e0-a0e0-a0e0-a0e0-a0e0a0e0a0e0', '11111111-1111-1111-1111-000000000005', 'foster_parent', 'Marie', 'NovotnĂˇ', '1989-04-14', '{"profession":"ZahradnĂ­k","foster_care_type":"B","avatar_url":"https://images.unsplash.com/photo-1494790108377-be9c29b29330?w=150"}'::jsonb, true);
INSERT INTO public.person_addresses (id, person_id, type, street, city, zip, from_date) VALUES ('33333333-3333-3333-3333-000000000005', '22222222-2222-2222-2222-000000000005', 'actual', 'ĂšzkĂˇ 5', 'TiĹˇnov', '512 30', '2020-01-01');
INSERT INTO public.persons (id, organization_id, household_id, role, first_name, last_name, birth_date, custom_fields, gdpr_consent_signed, safety_rating, is_active) VALUES ('44444444-4444-4444-0005-00000000', 'a0e0a0e0-a0e0-a0e0-a0e0-a0e0a0e0a0e0', '11111111-1111-1111-1111-000000000005', 'child', 'KristĂ˝na', 'ProchĂˇzkovĂˇ', '2010-11-15', '{"foster_care_type":"B","avatar_url":"https://images.unsplash.com/photo-1438761681033-6461ffad8d80?w=150","hobby":"ÄŚtenĂ­","school":"ZĹ  Ăšvoz Brno"}'::jsonb, true, 'A', true);
INSERT INTO public.persons (id, organization_id, household_id, role, first_name, last_name, birth_date, custom_fields, gdpr_consent_signed, safety_rating, is_active) VALUES ('44444444-4444-4444-0005-00000001', 'a0e0a0e0-a0e0-a0e0-a0e0-a0e0a0e0a0e0', '11111111-1111-1111-1111-000000000005', 'child', 'Eva', 'KuÄŤerovĂˇ', '2015-07-03', '{"foster_care_type":"B","avatar_url":"https://images.unsplash.com/photo-1438761681033-6461ffad8d80?w=150","hobby":"Cyklistika","school":"ZĹ  Ĺ kolnĂ­ Hostomice"}'::jsonb, true, 'C', true);
INSERT INTO public.persons (id, organization_id, household_id, role, first_name, last_name, birth_date, custom_fields, gdpr_consent_signed, safety_rating, is_active) VALUES ('55555555-5555-5555-0005-00000000', 'a0e0a0e0-a0e0-a0e0-a0e0-a0e0a0e0a0e0', '11111111-1111-1111-1111-000000000005', 'social_contact', 'Jaroslav', 'NovotnĂˇ', '2015-11-13', '{"avatar_url":"https://images.unsplash.com/photo-1492562080023-ab3db95bfbce?w=150","relationship_to_child":"BiologickĂ˝ syn"}'::jsonb, true, 'N', true);
INSERT INTO public.persons (id, organization_id, household_id, role, first_name, last_name, birth_date, custom_fields, gdpr_consent_signed, safety_rating, is_active) VALUES ('55555555-5555-5555-0005-00000001', 'a0e0a0e0-a0e0-a0e0-a0e0-a0e0a0e0a0e0', '11111111-1111-1111-1111-000000000005', 'social_contact', 'AdĂ©la', 'NovotnĂˇ', '2018-12-28', '{"avatar_url":"https://images.unsplash.com/photo-1544005313-94ddf0286df2?w=150","relationship_to_child":"BiologickĂˇ dcera"}'::jsonb, true, 'N', true);
INSERT INTO public.persons (id, organization_id, household_id, role, first_name, last_name, birth_date, custom_fields, gdpr_consent_signed, safety_rating, is_active) VALUES ('55555555-5555-5555-0005-00000002', 'a0e0a0e0-a0e0-a0e0-a0e0-a0e0a0e0a0e0', '11111111-1111-1111-1111-000000000005', 'social_contact', 'AleĹˇ', 'NovotnĂˇ', '2007-10-04', '{"avatar_url":"https://images.unsplash.com/photo-1501196354995-cbb51c65aaea?w=150","relationship_to_child":"BiologickĂ˝ syn"}'::jsonb, true, 'N', true);
INSERT INTO public.persons (id, organization_id, household_id, role, first_name, last_name, birth_number, phone, gdpr_consent_signed, safety_rating, is_active) VALUES ('66666666-6666-6666-6666-000000000005', 'a0e0a0e0-a0e0-a0e0-a0e0-a0e0a0e0a0e0', '11111111-1111-1111-1111-000000000005', 'bio_parent', 'Radim', 'SedlĂˇÄŤek', '801007/3852', '+420685626443', false, 'B', true);
INSERT INTO public.events (id, organization_id, household_id, author_id, type, title, payload, occurred_at) VALUES ('77777777-7777-7777-0005-00000000', 'a0e0a0e0-a0e0-a0e0-a0e0-a0e0a0e0a0e0', '11111111-1111-1111-1111-000000000005', 'aecbcd51-1ae6-48b3-b641-a5c639b46fe6', 'phone_call', 'TelefonickĂ˝ kontakt s pÄ›stounem', '{"content":"TelefonickĂ˝ hovor s pÄ›stounem. ProbĂ­rali jsme chovĂˇnĂ­ dÄ›tĂ­ ve Ĺˇkole a plĂˇnovĂˇnĂ­ letnĂ­ch prĂˇzdninovĂ˝ch aktivit.","summary":"TelefonĂˇt ohlednÄ› prĂˇzdnin."}'::jsonb, '2026-04-25 22:32:44+02');

-- DomĂˇcnost 7: JiĹ™Ă­ HorĂˇk (FF-873-XDR)
INSERT INTO public.households (id, organization_id, branch_id, assigned_ko_id, foster_id, status, notes) VALUES ('11111111-1111-1111-1111-000000000006', 'a0e0a0e0-a0e0-a0e0-a0e0-a0e0a0e0a0e0', 'b0b0b0b0-b0b0-b0b0-b0b0-b0b0b0b0b0b0', 'aecbcd51-1ae6-48b3-b641-a5c639b46fe6', 'FF-873-XDR', 'active', 'PÄ›stounskĂˇ rodina: JiĹ™Ă­ HorĂˇk. DoprovĂˇzĂ­ Anna MĂˇlkovĂˇ.');
INSERT INTO public.persons (id, organization_id, household_id, role, first_name, last_name, birth_date, custom_fields, is_active) VALUES ('22222222-2222-2222-2222-000000000006', 'a0e0a0e0-a0e0-a0e0-a0e0-a0e0a0e0a0e0', '11111111-1111-1111-1111-000000000006', 'foster_parent', 'JiĹ™Ă­', 'HorĂˇk', '1968-07-21', '{"profession":"SociĂˇlnĂ­ pracovnĂ­k","foster_care_type":"B","avatar_url":"https://images.unsplash.com/photo-1507003211169-0a1dd7228f2d?w=150"}'::jsonb, true);
INSERT INTO public.person_addresses (id, person_id, type, street, city, zip, from_date) VALUES ('33333333-3333-3333-3333-000000000006', '22222222-2222-2222-2222-000000000006', 'actual', 'Merhautova 42', 'KuĹ™im', '130 66', '2020-01-01');
INSERT INTO public.persons (id, organization_id, household_id, role, first_name, last_name, birth_date, custom_fields, gdpr_consent_signed, safety_rating, is_active) VALUES ('44444444-4444-4444-0006-00000000', 'a0e0a0e0-a0e0-a0e0-a0e0-a0e0a0e0a0e0', '11111111-1111-1111-1111-000000000006', 'child', 'Jaroslav', 'DvoĹ™Ăˇk', '2019-04-16', '{"foster_care_type":"B","avatar_url":"https://images.unsplash.com/photo-1492562080023-ab3db95bfbce?w=150","hobby":"Skaut","school":"ZĹ  NĂˇdraĹľnĂ­ VyĹˇkov"}'::jsonb, true, 'C', true);
INSERT INTO public.persons (id, organization_id, household_id, role, first_name, last_name, birth_date, custom_fields, gdpr_consent_signed, safety_rating, is_active) VALUES ('55555555-5555-5555-0006-00000000', 'a0e0a0e0-a0e0-a0e0-a0e0-a0e0a0e0a0e0', '11111111-1111-1111-1111-000000000006', 'social_contact', 'Lenka', 'HorĂˇk', '2022-02-08', '{"avatar_url":"https://images.unsplash.com/photo-1438761681033-6461ffad8d80?w=150","relationship_to_child":"BiologickĂˇ dcera"}'::jsonb, true, 'N', true);
INSERT INTO public.persons (id, organization_id, household_id, role, first_name, last_name, birth_date, custom_fields, gdpr_consent_signed, safety_rating, is_active) VALUES ('55555555-5555-5555-0006-00000001', 'a0e0a0e0-a0e0-a0e0-a0e0-a0e0a0e0a0e0', '11111111-1111-1111-1111-000000000006', 'social_contact', 'Petr', 'HorĂˇk', '2019-10-21', '{"avatar_url":"https://images.unsplash.com/photo-1519085360753-af0119f7cbe7?w=150","relationship_to_child":"BiologickĂ˝ syn"}'::jsonb, true, 'N', true);
INSERT INTO public.persons (id, organization_id, household_id, role, first_name, last_name, birth_number, phone, gdpr_consent_signed, safety_rating, is_active) VALUES ('66666666-6666-6666-6666-000000000006', 'a0e0a0e0-a0e0-a0e0-a0e0-a0e0a0e0a0e0', '11111111-1111-1111-1111-000000000006', 'bio_parent', 'VĂˇclav', 'BeneĹˇ', '740906/5408', '+420672973413', false, 'C', true);
INSERT INTO public.events (id, organization_id, household_id, author_id, type, title, payload, occurred_at) VALUES ('77777777-7777-7777-0006-00000000', 'a0e0a0e0-a0e0-a0e0-a0e0-a0e0a0e0a0e0', '11111111-1111-1111-1111-000000000006', 'aecbcd51-1ae6-48b3-b641-a5c639b46fe6', 'regular_visit', 'PravidelnĂˇ pololetnĂ­ nĂˇvĹˇtÄ›va', '{"content":"NĂˇvĹˇtÄ›va v rodinÄ› probÄ›hla v poĹ™Ăˇdku. PÄ›stoun JiĹ™Ă­ HorĂˇk vzornÄ› spolupracuje, dÄ›ti se rozvĂ­jejĂ­ standardnÄ› podle IPOD.","summary":"PololetnĂ­ nĂˇvĹˇtÄ›va bez zjiĹˇtÄ›nĂ˝ch nedostatkĹŻ."}'::jsonb, '2026-05-09 22:32:44+02');
INSERT INTO public.events (id, organization_id, household_id, author_id, type, title, payload, occurred_at) VALUES ('77777777-7777-7777-0006-00000001', 'a0e0a0e0-a0e0-a0e0-a0e0-a0e0a0e0a0e0', '11111111-1111-1111-1111-000000000006', 'aecbcd51-1ae6-48b3-b641-a5c639b46fe6', 'crisis_event', 'Incident / PoruĹˇenĂ­ pravidel', '{"content":"HlĂˇĹˇen drobnĂ˝ incident v rodinÄ›: neshody ve Ĺˇkole ohlednÄ› prospÄ›chu. KlĂ­ÄŤovĂˇ osoba naplĂˇnovala spoleÄŤnĂ© jednĂˇnĂ­ s tĹ™Ă­dnĂ­m uÄŤitelem.","summary":"ĹeĹˇenĂ­ studijnĂ­ch problĂ©mĹŻ."}'::jsonb, '2026-05-02 22:32:44+02');

-- DomĂˇcnost 8: Radim BeneĹˇ (FF-129-UCA)
INSERT INTO public.households (id, organization_id, branch_id, assigned_ko_id, foster_id, status, notes) VALUES ('11111111-1111-1111-1111-000000000007', 'a0e0a0e0-a0e0-a0e0-a0e0-a0e0a0e0a0e0', 'b0b0b0b0-b0b0-b0b0-b0b0-b0b0b0b0b0b0', 'aecbcd51-1ae6-48b3-b641-a5c639b46fe6', 'FF-129-UCA', 'active', 'PÄ›stounskĂˇ rodina: Radim BeneĹˇ. DoprovĂˇzĂ­ Anna MĂˇlkovĂˇ.');
INSERT INTO public.persons (id, organization_id, household_id, role, first_name, last_name, birth_date, custom_fields, is_active) VALUES ('22222222-2222-2222-2222-000000000007', 'a0e0a0e0-a0e0-a0e0-a0e0-a0e0a0e0a0e0', '11111111-1111-1111-1111-000000000007', 'foster_parent', 'Radim', 'BeneĹˇ', '1967-02-22', '{"profession":"StavebnĂ­ inĹľenĂ˝r","foster_care_type":"C","avatar_url":"https://images.unsplash.com/photo-1492562080023-ab3db95bfbce?w=150","relationship_to_child":"strĂ˝c"}'::jsonb, true);
INSERT INTO public.person_addresses (id, person_id, type, street, city, zip, from_date) VALUES ('33333333-3333-3333-3333-000000000007', '22222222-2222-2222-2222-000000000007', 'actual', 'SportovnĂ­ 113', 'Brno', '723 12', '2020-01-01');
INSERT INTO public.persons (id, organization_id, household_id, role, first_name, last_name, birth_date, custom_fields, gdpr_consent_signed, safety_rating, is_active) VALUES ('44444444-4444-4444-0007-00000000', 'a0e0a0e0-a0e0-a0e0-a0e0-a0e0a0e0a0e0', '11111111-1111-1111-1111-000000000007', 'child', 'Hana', 'SedlĂˇÄŤkovĂˇ', '2020-08-05', '{"relationship_to_foster_parent":"neteĹ™","foster_care_type":"C","avatar_url":"https://images.unsplash.com/photo-1438761681033-6461ffad8d80?w=150","hobby":"ÄŚtenĂ­","school":"ZĹ  Merhautova Brno"}'::jsonb, true, 'A', true);
INSERT INTO public.persons (id, organization_id, household_id, role, first_name, last_name, birth_date, custom_fields, gdpr_consent_signed, safety_rating, is_active) VALUES ('44444444-4444-4444-0007-00000001', 'a0e0a0e0-a0e0-a0e0-a0e0-a0e0a0e0a0e0', '11111111-1111-1111-1111-000000000007', 'child', 'Alena', 'HorĂˇkovĂˇ', '2016-01-08', '{"relationship_to_foster_parent":"neteĹ™","foster_care_type":"C","avatar_url":"https://images.unsplash.com/photo-1544005313-94ddf0286df2?w=150","hobby":"Florbal","school":"ZĹ  Ĺ kolnĂ­ Hostomice"}'::jsonb, true, 'C', true);
INSERT INTO public.persons (id, organization_id, household_id, role, first_name, last_name, birth_date, custom_fields, gdpr_consent_signed, safety_rating, is_active) VALUES ('55555555-5555-5555-0007-00000000', 'a0e0a0e0-a0e0-a0e0-a0e0-a0e0a0e0a0e0', '11111111-1111-1111-1111-000000000007', 'social_contact', 'KristĂ˝na', 'BeneĹˇ', '2022-11-17', '{"avatar_url":"https://images.unsplash.com/photo-1517841905240-472988babdf9?w=150","relationship_to_child":"BiologickĂˇ dcera"}'::jsonb, true, 'N', true);
INSERT INTO public.persons (id, organization_id, household_id, role, first_name, last_name, birth_date, custom_fields, gdpr_consent_signed, safety_rating, is_active) VALUES ('55555555-5555-5555-0007-00000001', 'a0e0a0e0-a0e0-a0e0-a0e0-a0e0a0e0a0e0', '11111111-1111-1111-1111-000000000007', 'social_contact', 'TomĂˇĹˇ', 'BeneĹˇ', '2017-07-25', '{"avatar_url":"https://images.unsplash.com/photo-1500648767791-00dcc994a43e?w=150","relationship_to_child":"BiologickĂ˝ syn"}'::jsonb, true, 'N', true);
INSERT INTO public.persons (id, organization_id, household_id, role, first_name, last_name, birth_number, phone, gdpr_consent_signed, safety_rating, is_active) VALUES ('66666666-6666-6666-6666-000000000007', 'a0e0a0e0-a0e0-a0e0-a0e0-a0e0a0e0a0e0', '11111111-1111-1111-1111-000000000007', 'bio_parent', 'Josef', 'DvoĹ™Ăˇk', '960707/5201', '+420717691597', false, 'B', true);
INSERT INTO public.events (id, organization_id, household_id, author_id, type, title, payload, occurred_at) VALUES ('77777777-7777-7777-0007-00000000', 'a0e0a0e0-a0e0-a0e0-a0e0-a0e0a0e0a0e0', '11111111-1111-1111-1111-000000000007', 'aecbcd51-1ae6-48b3-b641-a5c639b46fe6', 'regular_visit', 'PravidelnĂˇ pololetnĂ­ nĂˇvĹˇtÄ›va', '{"content":"NĂˇvĹˇtÄ›va v rodinÄ› probÄ›hla v poĹ™Ăˇdku. PÄ›stoun Radim BeneĹˇ vzornÄ› spolupracuje, dÄ›ti se rozvĂ­jejĂ­ standardnÄ› podle IPOD.","summary":"PololetnĂ­ nĂˇvĹˇtÄ›va bez zjiĹˇtÄ›nĂ˝ch nedostatkĹŻ."}'::jsonb, '2026-03-22 22:32:44+02');

-- DomĂˇcnost 9: Hana ÄŚernĂˇ (FF-515-XCA)
INSERT INTO public.households (id, organization_id, branch_id, assigned_ko_id, foster_id, status, notes) VALUES ('11111111-1111-1111-1111-000000000008', 'a0e0a0e0-a0e0-a0e0-a0e0-a0e0a0e0a0e0', 'b0b0b0b0-b0b0-b0b0-b0b0-b0b0b0b0b0b0', 'aecbcd51-1ae6-48b3-b641-a5c639b46fe6', 'FF-515-XCA', 'active', 'PÄ›stounskĂˇ rodina: Hana ÄŚernĂˇ. DoprovĂˇzĂ­ Anna MĂˇlkovĂˇ.');
INSERT INTO public.persons (id, organization_id, household_id, role, first_name, last_name, birth_date, custom_fields, is_active) VALUES ('22222222-2222-2222-2222-000000000008', 'a0e0a0e0-a0e0-a0e0-a0e0-a0e0a0e0a0e0', '11111111-1111-1111-1111-000000000008', 'foster_parent', 'Hana', 'ÄŚernĂˇ', '1976-05-27', '{"profession":"ĂšÄŤetnĂ­","foster_care_type":"A","avatar_url":"https://images.unsplash.com/photo-1517841905240-472988babdf9?w=150"}'::jsonb, true);
INSERT INTO public.person_addresses (id, person_id, type, street, city, zip, from_date) VALUES ('33333333-3333-3333-3333-000000000008', '22222222-2222-2222-2222-000000000008', 'actual', 'Husova 24', 'KuĹ™im', '794 12', '2020-01-01');
INSERT INTO public.persons (id, organization_id, household_id, role, first_name, last_name, birth_date, custom_fields, gdpr_consent_signed, safety_rating, is_active) VALUES ('44444444-4444-4444-0008-00000000', 'a0e0a0e0-a0e0-a0e0-a0e0-a0e0a0e0a0e0', '11111111-1111-1111-1111-000000000008', 'child', 'Jaroslav', 'ProchĂˇzka', '2021-08-15', '{"foster_care_type":"A","avatar_url":"https://images.unsplash.com/photo-1500648767791-00dcc994a43e?w=150","hobby":"Florbal","school":"ZĹ  NĂˇdraĹľnĂ­ VyĹˇkov"}'::jsonb, true, 'B', true);
INSERT INTO public.persons (id, organization_id, household_id, role, first_name, last_name, birth_date, custom_fields, gdpr_consent_signed, safety_rating, is_active) VALUES ('55555555-5555-5555-0008-00000000', 'a0e0a0e0-a0e0-a0e0-a0e0-a0e0a0e0a0e0', '11111111-1111-1111-1111-000000000008', 'social_contact', 'Alena', 'ÄŚernĂˇ', '2012-12-26', '{"avatar_url":"https://images.unsplash.com/photo-1517841905240-472988babdf9?w=150","relationship_to_child":"BiologickĂˇ dcera"}'::jsonb, true, 'N', true);
INSERT INTO public.persons (id, organization_id, household_id, role, first_name, last_name, birth_date, custom_fields, gdpr_consent_signed, safety_rating, is_active) VALUES ('55555555-5555-5555-0008-00000001', 'a0e0a0e0-a0e0-a0e0-a0e0-a0e0a0e0a0e0', '11111111-1111-1111-1111-000000000008', 'social_contact', 'Alena', 'ÄŚernĂˇ', '2021-05-04', '{"avatar_url":"https://images.unsplash.com/photo-1494790108377-be9c29b29330?w=150","relationship_to_child":"BiologickĂˇ dcera"}'::jsonb, true, 'N', true);
INSERT INTO public.persons (id, organization_id, household_id, role, first_name, last_name, birth_number, phone, gdpr_consent_signed, safety_rating, is_active) VALUES ('66666666-6666-6666-6666-000000000008', 'a0e0a0e0-a0e0-a0e0-a0e0-a0e0a0e0a0e0', '11111111-1111-1111-1111-000000000008', 'bio_parent', 'JiĹ™Ă­', 'NovotnĂ˝', '760724/2780', '+420757247595', true, 'B', true);
INSERT INTO public.events (id, organization_id, household_id, author_id, type, title, payload, occurred_at) VALUES ('77777777-7777-7777-0008-00000000', 'a0e0a0e0-a0e0-a0e0-a0e0-a0e0a0e0a0e0', '11111111-1111-1111-1111-000000000008', 'aecbcd51-1ae6-48b3-b641-a5c639b46fe6', 'regular_visit', 'PravidelnĂˇ pololetnĂ­ nĂˇvĹˇtÄ›va', '{"content":"NĂˇvĹˇtÄ›va v rodinÄ› probÄ›hla v poĹ™Ăˇdku. PÄ›stoun Hana ÄŚernĂˇ vzornÄ› spolupracuje, dÄ›ti se rozvĂ­jejĂ­ standardnÄ› podle IPOD.","summary":"PololetnĂ­ nĂˇvĹˇtÄ›va bez zjiĹˇtÄ›nĂ˝ch nedostatkĹŻ."}'::jsonb, '2026-05-10 22:32:44+02');

-- DomĂˇcnost 10: Martin NovotnĂ˝ (FF-873-BFW)
INSERT INTO public.households (id, organization_id, branch_id, assigned_ko_id, foster_id, status, notes) VALUES ('11111111-1111-1111-1111-000000000009', 'a0e0a0e0-a0e0-a0e0-a0e0-a0e0a0e0a0e0', 'b0b0b0b0-b0b0-b0b0-b0b0-b0b0b0b0b0b0', 'aecbcd51-1ae6-48b3-b641-a5c639b46fe6', 'FF-873-BFW', 'active', 'PÄ›stounskĂˇ rodina: Martin NovotnĂ˝. DoprovĂˇzĂ­ Anna MĂˇlkovĂˇ.');
INSERT INTO public.persons (id, organization_id, household_id, role, first_name, last_name, birth_date, custom_fields, is_active) VALUES ('22222222-2222-2222-2222-000000000009', 'a0e0a0e0-a0e0-a0e0-a0e0-a0e0a0e0a0e0', '11111111-1111-1111-1111-000000000009', 'foster_parent', 'Martin', 'NovotnĂ˝', '1968-01-17', '{"profession":"ĹidiÄŤ","foster_care_type":"B","avatar_url":"https://images.unsplash.com/photo-1501196354995-cbb51c65aaea?w=150"}'::jsonb, true);
INSERT INTO public.person_addresses (id, person_id, type, street, city, zip, from_date) VALUES ('33333333-3333-3333-3333-000000000009', '22222222-2222-2222-2222-000000000009', 'actual', 'ZahradnĂ­ 128', 'Brno', '439 88', '2020-01-01');
INSERT INTO public.persons (id, organization_id, household_id, role, first_name, last_name, birth_date, custom_fields, gdpr_consent_signed, safety_rating, is_active) VALUES ('44444444-4444-4444-0009-00000000', 'a0e0a0e0-a0e0-a0e0-a0e0-a0e0a0e0a0e0', '11111111-1111-1111-1111-000000000009', 'child', 'Lucie', 'ÄŚernĂˇ', '2011-05-16', '{"foster_care_type":"B","avatar_url":"https://images.unsplash.com/photo-1438761681033-6461ffad8d80?w=150","hobby":"Fotbal","school":"ZĹ  NĂˇdraĹľnĂ­ VyĹˇkov"}'::jsonb, true, 'A', true);
INSERT INTO public.persons (id, organization_id, household_id, role, first_name, last_name, birth_date, custom_fields, gdpr_consent_signed, safety_rating, is_active) VALUES ('44444444-4444-4444-0009-00000001', 'a0e0a0e0-a0e0-a0e0-a0e0-a0e0a0e0a0e0', '11111111-1111-1111-1111-000000000009', 'child', 'Monika', 'KuÄŤerovĂˇ', '2017-03-15', '{"foster_care_type":"B","avatar_url":"https://images.unsplash.com/photo-1534528741775-53994a69daeb?w=150","hobby":"Skaut","school":"GymnĂˇzium Elgartova Brno"}'::jsonb, true, 'A', true);
INSERT INTO public.persons (id, organization_id, household_id, role, first_name, last_name, birth_date, custom_fields, gdpr_consent_signed, safety_rating, is_active) VALUES ('55555555-5555-5555-0009-00000000', 'a0e0a0e0-a0e0-a0e0-a0e0-a0e0a0e0a0e0', '11111111-1111-1111-1111-000000000009', 'social_contact', 'Michal', 'NovotnĂ˝', '2022-01-27', '{"avatar_url":"https://images.unsplash.com/photo-1519085360753-af0119f7cbe7?w=150","relationship_to_child":"BiologickĂ˝ syn"}'::jsonb, true, 'N', true);
INSERT INTO public.persons (id, organization_id, household_id, role, first_name, last_name, birth_date, custom_fields, gdpr_consent_signed, safety_rating, is_active) VALUES ('55555555-5555-5555-0009-00000001', 'a0e0a0e0-a0e0-a0e0-a0e0-a0e0a0e0a0e0', '11111111-1111-1111-1111-000000000009', 'social_contact', 'Petr', 'NovotnĂ˝', '2010-05-03', '{"avatar_url":"https://images.unsplash.com/photo-1519085360753-af0119f7cbe7?w=150","relationship_to_child":"BiologickĂ˝ syn"}'::jsonb, true, 'N', true);
INSERT INTO public.persons (id, organization_id, household_id, role, first_name, last_name, birth_number, phone, gdpr_consent_signed, safety_rating, is_active) VALUES ('66666666-6666-6666-6666-000000000009', 'a0e0a0e0-a0e0-a0e0-a0e0-a0e0a0e0a0e0', '11111111-1111-1111-1111-000000000009', 'bio_parent', 'AdĂ©la', 'FialovĂˇ', '830605/1742', '+420620371248', false, 'C', true);
INSERT INTO public.events (id, organization_id, household_id, author_id, type, title, payload, occurred_at) VALUES ('77777777-7777-7777-0009-00000000', 'a0e0a0e0-a0e0-a0e0-a0e0-a0e0a0e0a0e0', '11111111-1111-1111-1111-000000000009', 'aecbcd51-1ae6-48b3-b641-a5c639b46fe6', 'crisis_event', 'Incident / PoruĹˇenĂ­ pravidel', '{"content":"HlĂˇĹˇen drobnĂ˝ incident v rodinÄ›: neshody ve Ĺˇkole ohlednÄ› prospÄ›chu. KlĂ­ÄŤovĂˇ osoba naplĂˇnovala spoleÄŤnĂ© jednĂˇnĂ­ s tĹ™Ă­dnĂ­m uÄŤitelem.","summary":"ĹeĹˇenĂ­ studijnĂ­ch problĂ©mĹŻ."}'::jsonb, '2026-05-09 22:32:44+02');
INSERT INTO public.events (id, organization_id, household_id, author_id, type, title, payload, occurred_at) VALUES ('77777777-7777-7777-0009-00000001', 'a0e0a0e0-a0e0-a0e0-a0e0-a0e0a0e0a0e0', '11111111-1111-1111-1111-000000000009', 'aecbcd51-1ae6-48b3-b641-a5c639b46fe6', 'crisis_event', 'Incident / PoruĹˇenĂ­ pravidel', '{"content":"HlĂˇĹˇen drobnĂ˝ incident v rodinÄ›: neshody ve Ĺˇkole ohlednÄ› prospÄ›chu. KlĂ­ÄŤovĂˇ osoba naplĂˇnovala spoleÄŤnĂ© jednĂˇnĂ­ s tĹ™Ă­dnĂ­m uÄŤitelem.","summary":"ĹeĹˇenĂ­ studijnĂ­ch problĂ©mĹŻ."}'::jsonb, '2026-04-12 22:32:44+02');

-- DomĂˇcnost 11: Veronika PokornĂˇ (FF-222-VPP)
INSERT INTO public.households (id, organization_id, branch_id, assigned_ko_id, foster_id, status, notes) VALUES ('11111111-1111-1111-1111-000000000010', 'a0e0a0e0-a0e0-a0e0-a0e0-a0e0a0e0a0e0', 'b0b0b0b0-b0b0-b0b0-b0b0-b0b0b0b0b0b0', 'aecbcd51-1ae6-48b3-b641-a5c639b46fe6', 'FF-222-VPP', 'active', 'PÄ›stounskĂˇ rodina: Veronika PokornĂˇ. DoprovĂˇzĂ­ Anna MĂˇlkovĂˇ.');
INSERT INTO public.persons (id, organization_id, household_id, role, first_name, last_name, birth_date, custom_fields, is_active) VALUES ('22222222-2222-2222-2222-000000000010', 'a0e0a0e0-a0e0-a0e0-a0e0-a0e0a0e0a0e0', '11111111-1111-1111-1111-000000000010', 'foster_parent', 'Veronika', 'PokornĂˇ', '1984-11-20', '{"profession":"ZahradnĂ­k","foster_care_type":"A","avatar_url":"https://images.unsplash.com/photo-1534528741775-53994a69daeb?w=150"}'::jsonb, true);
INSERT INTO public.person_addresses (id, person_id, type, street, city, zip, from_date) VALUES ('33333333-3333-3333-3333-000000000010', '22222222-2222-2222-2222-000000000010', 'actual', 'Ĺ kolnĂ­ 33', 'Hostomice', '139 97', '2020-01-01');
INSERT INTO public.persons (id, organization_id, household_id, role, first_name, last_name, birth_date, custom_fields, gdpr_consent_signed, safety_rating, is_active) VALUES ('44444444-4444-4444-0010-00000000', 'a0e0a0e0-a0e0-a0e0-a0e0-a0e0a0e0a0e0', '11111111-1111-1111-1111-000000000010', 'child', 'Jaroslav', 'NovotnĂ˝', '2013-10-17', '{"foster_care_type":"A","avatar_url":"https://images.unsplash.com/photo-1519085360753-af0119f7cbe7?w=150","hobby":"Florbal","school":"ZĹ  Ĺ kolnĂ­ Hostomice"}'::jsonb, true, 'A', true);
INSERT INTO public.persons (id, organization_id, household_id, role, first_name, last_name, birth_date, custom_fields, gdpr_consent_signed, safety_rating, is_active) VALUES ('55555555-5555-5555-0010-00000000', 'a0e0a0e0-a0e0-a0e0-a0e0-a0e0a0e0a0e0', '11111111-1111-1111-1111-000000000010', 'social_contact', 'Veronika', 'PokornĂˇ', '2016-08-02', '{"avatar_url":"https://images.unsplash.com/photo-1517841905240-472988babdf9?w=150","relationship_to_child":"BiologickĂˇ dcera"}'::jsonb, true, 'N', true);
INSERT INTO public.persons (id, organization_id, household_id, role, first_name, last_name, birth_date, custom_fields, gdpr_consent_signed, safety_rating, is_active) VALUES ('55555555-5555-5555-0010-00000001', 'a0e0a0e0-a0e0-a0e0-a0e0-a0e0a0e0a0e0', '11111111-1111-1111-1111-000000000010', 'social_contact', 'Radim', 'PokornĂˇ', '2016-08-24', '{"avatar_url":"https://images.unsplash.com/photo-1506794778202-cad84cf45f1d?w=150","relationship_to_child":"BiologickĂ˝ syn"}'::jsonb, true, 'N', true);
INSERT INTO public.persons (id, organization_id, household_id, role, first_name, last_name, birth_date, custom_fields, gdpr_consent_signed, safety_rating, is_active) VALUES ('55555555-5555-5555-0010-00000002', 'a0e0a0e0-a0e0-a0e0-a0e0-a0e0a0e0a0e0', '11111111-1111-1111-1111-000000000010', 'social_contact', 'AleĹˇ', 'PokornĂˇ', '2011-05-25', '{"avatar_url":"https://images.unsplash.com/photo-1507003211169-0a1dd7228f2d?w=150","relationship_to_child":"BiologickĂ˝ syn"}'::jsonb, true, 'N', true);
INSERT INTO public.persons (id, organization_id, household_id, role, first_name, last_name, birth_number, phone, gdpr_consent_signed, safety_rating, is_active) VALUES ('66666666-6666-6666-6666-000000000010', 'a0e0a0e0-a0e0-a0e0-a0e0-a0e0a0e0a0e0', '11111111-1111-1111-1111-000000000010', 'bio_parent', 'Hana', 'ProchĂˇzkovĂˇ', '790823/7966', '+420649154353', false, 'C', true);
INSERT INTO public.events (id, organization_id, household_id, author_id, type, title, payload, occurred_at) VALUES ('77777777-7777-7777-0010-00000000', 'a0e0a0e0-a0e0-a0e0-a0e0-a0e0a0e0a0e0', '11111111-1111-1111-1111-000000000010', 'aecbcd51-1ae6-48b3-b641-a5c639b46fe6', 'crisis_event', 'Incident / PoruĹˇenĂ­ pravidel', '{"content":"HlĂˇĹˇen drobnĂ˝ incident v rodinÄ›: neshody ve Ĺˇkole ohlednÄ› prospÄ›chu. KlĂ­ÄŤovĂˇ osoba naplĂˇnovala spoleÄŤnĂ© jednĂˇnĂ­ s tĹ™Ă­dnĂ­m uÄŤitelem.","summary":"ĹeĹˇenĂ­ studijnĂ­ch problĂ©mĹŻ."}'::jsonb, '2026-04-14 22:32:44+02');
INSERT INTO public.events (id, organization_id, household_id, author_id, type, title, payload, occurred_at) VALUES ('77777777-7777-7777-0010-00000001', 'a0e0a0e0-a0e0-a0e0-a0e0-a0e0a0e0a0e0', '11111111-1111-1111-1111-000000000010', 'aecbcd51-1ae6-48b3-b641-a5c639b46fe6', 'crisis_event', 'Incident / PoruĹˇenĂ­ pravidel', '{"content":"HlĂˇĹˇen drobnĂ˝ incident v rodinÄ›: neshody ve Ĺˇkole ohlednÄ› prospÄ›chu. KlĂ­ÄŤovĂˇ osoba naplĂˇnovala spoleÄŤnĂ© jednĂˇnĂ­ s tĹ™Ă­dnĂ­m uÄŤitelem.","summary":"ĹeĹˇenĂ­ studijnĂ­ch problĂ©mĹŻ."}'::jsonb, '2026-05-27 22:32:44+02');

-- DomĂˇcnost 12: Anna VeselĂˇ (FF-994-HMG)
INSERT INTO public.households (id, organization_id, branch_id, assigned_ko_id, foster_id, status, notes) VALUES ('11111111-1111-1111-1111-000000000011', 'a0e0a0e0-a0e0-a0e0-a0e0-a0e0a0e0a0e0', 'b0b0b0b0-b0b0-b0b0-b0b0-b0b0b0b0b0b0', 'aecbcd51-1ae6-48b3-b641-a5c639b46fe6', 'FF-994-HMG', 'active', 'PÄ›stounskĂˇ rodina: Anna VeselĂˇ. DoprovĂˇzĂ­ Anna MĂˇlkovĂˇ.');
INSERT INTO public.persons (id, organization_id, household_id, role, first_name, last_name, birth_date, custom_fields, is_active) VALUES ('22222222-2222-2222-2222-000000000011', 'a0e0a0e0-a0e0-a0e0-a0e0-a0e0a0e0a0e0', '11111111-1111-1111-1111-000000000011', 'foster_parent', 'Anna', 'VeselĂˇ', '1980-01-16', '{"profession":"ZdravotnĂ­ sestra","foster_care_type":"C","avatar_url":"https://images.unsplash.com/photo-1494790108377-be9c29b29330?w=150","relationship_to_child":"babiÄŤka"}'::jsonb, true);
INSERT INTO public.person_addresses (id, person_id, type, street, city, zip, from_date) VALUES ('33333333-3333-3333-3333-000000000011', '22222222-2222-2222-2222-000000000011', 'actual', 'ZahradnĂ­ 19', 'Hostomice', '799 93', '2020-01-01');
INSERT INTO public.persons (id, organization_id, household_id, role, first_name, last_name, birth_date, custom_fields, gdpr_consent_signed, safety_rating, is_active) VALUES ('44444444-4444-4444-0011-00000000', 'a0e0a0e0-a0e0-a0e0-a0e0-a0e0a0e0a0e0', '11111111-1111-1111-1111-000000000011', 'child', 'KateĹ™ina', 'FialovĂˇ', '2019-10-08', '{"relationship_to_foster_parent":"vnuÄŤka","foster_care_type":"C","avatar_url":"https://images.unsplash.com/photo-1494790108377-be9c29b29330?w=150","hobby":"Skaut","school":"ZĹ  KĹ™Ă­dlovickĂˇ Brno"}'::jsonb, true, 'A', true);
INSERT INTO public.persons (id, organization_id, household_id, role, first_name, last_name, birth_date, custom_fields, gdpr_consent_signed, safety_rating, is_active) VALUES ('55555555-5555-5555-0011-00000000', 'a0e0a0e0-a0e0-a0e0-a0e0-a0e0a0e0a0e0', '11111111-1111-1111-1111-000000000011', 'social_contact', 'Radim', 'VeselĂˇ', '2010-04-19', '{"avatar_url":"https://images.unsplash.com/photo-1506794778202-cad84cf45f1d?w=150","relationship_to_child":"BiologickĂ˝ syn"}'::jsonb, true, 'N', true);
INSERT INTO public.persons (id, organization_id, household_id, role, first_name, last_name, birth_date, custom_fields, gdpr_consent_signed, safety_rating, is_active) VALUES ('55555555-5555-5555-0011-00000001', 'a0e0a0e0-a0e0-a0e0-a0e0-a0e0a0e0a0e0', '11111111-1111-1111-1111-000000000011', 'social_contact', 'Jana', 'VeselĂˇ', '2017-10-14', '{"avatar_url":"https://images.unsplash.com/photo-1438761681033-6461ffad8d80?w=150","relationship_to_child":"BiologickĂˇ dcera"}'::jsonb, true, 'N', true);
INSERT INTO public.persons (id, organization_id, household_id, role, first_name, last_name, birth_number, phone, gdpr_consent_signed, safety_rating, is_active) VALUES ('66666666-6666-6666-6666-000000000011', 'a0e0a0e0-a0e0-a0e0-a0e0-a0e0a0e0a0e0', '11111111-1111-1111-1111-000000000011', 'bio_parent', 'Monika', 'DvoĹ™ĂˇkovĂˇ', '740326/5790', '+420684145769', false, 'B', true);
INSERT INTO public.events (id, organization_id, household_id, author_id, type, title, payload, occurred_at) VALUES ('77777777-7777-7777-0011-00000000', 'a0e0a0e0-a0e0-a0e0-a0e0-a0e0a0e0a0e0', '11111111-1111-1111-1111-000000000011', 'aecbcd51-1ae6-48b3-b641-a5c639b46fe6', 'crisis_event', 'Incident / PoruĹˇenĂ­ pravidel', '{"content":"HlĂˇĹˇen drobnĂ˝ incident v rodinÄ›: neshody ve Ĺˇkole ohlednÄ› prospÄ›chu. KlĂ­ÄŤovĂˇ osoba naplĂˇnovala spoleÄŤnĂ© jednĂˇnĂ­ s tĹ™Ă­dnĂ­m uÄŤitelem.","summary":"ĹeĹˇenĂ­ studijnĂ­ch problĂ©mĹŻ."}'::jsonb, '2026-04-28 22:32:44+02');

-- DomĂˇcnost 13: Michaela JelĂ­nkovĂˇ (FF-826-LNC)
INSERT INTO public.households (id, organization_id, branch_id, assigned_ko_id, foster_id, status, notes) VALUES ('11111111-1111-1111-1111-000000000012', 'a0e0a0e0-a0e0-a0e0-a0e0-a0e0a0e0a0e0', 'b0b0b0b0-b0b0-b0b0-b0b0-b0b0b0b0b0b0', 'aecbcd51-1ae6-48b3-b641-a5c639b46fe6', 'FF-826-LNC', 'active', 'PÄ›stounskĂˇ rodina: Michaela JelĂ­nkovĂˇ. DoprovĂˇzĂ­ Anna MĂˇlkovĂˇ.');
INSERT INTO public.persons (id, organization_id, household_id, role, first_name, last_name, birth_date, custom_fields, is_active) VALUES ('22222222-2222-2222-2222-000000000012', 'a0e0a0e0-a0e0-a0e0-a0e0-a0e0a0e0a0e0', '11111111-1111-1111-1111-000000000012', 'foster_parent', 'Michaela', 'JelĂ­nkovĂˇ', '1977-12-01', '{"profession":"StavebnĂ­ inĹľenĂ˝r","foster_care_type":"B","avatar_url":"https://images.unsplash.com/photo-1517841905240-472988babdf9?w=150"}'::jsonb, true);
INSERT INTO public.person_addresses (id, person_id, type, street, city, zip, from_date) VALUES ('33333333-3333-3333-3333-000000000012', '22222222-2222-2222-2222-000000000012', 'actual', 'PekaĹ™skĂˇ 93', 'TiĹˇnov', '404 57', '2020-01-01');
INSERT INTO public.persons (id, organization_id, household_id, role, first_name, last_name, birth_date, custom_fields, gdpr_consent_signed, safety_rating, is_active) VALUES ('44444444-4444-4444-0012-00000000', 'a0e0a0e0-a0e0-a0e0-a0e0-a0e0a0e0a0e0', '11111111-1111-1111-1111-000000000012', 'child', 'Jan', 'RĹŻĹľiÄŤka', '2012-10-03', '{"foster_care_type":"B","avatar_url":"https://images.unsplash.com/photo-1507003211169-0a1dd7228f2d?w=150","hobby":"Hra na klavĂ­r","school":"ZĹ  NĂˇdraĹľnĂ­ VyĹˇkov"}'::jsonb, true, 'A', true);
INSERT INTO public.persons (id, organization_id, household_id, role, first_name, last_name, birth_date, custom_fields, gdpr_consent_signed, safety_rating, is_active) VALUES ('44444444-4444-4444-0012-00000001', 'a0e0a0e0-a0e0-a0e0-a0e0-a0e0a0e0a0e0', '11111111-1111-1111-1111-000000000012', 'child', 'Miroslav', 'Zeman', '2012-10-07', '{"foster_care_type":"B","avatar_url":"https://images.unsplash.com/photo-1500648767791-00dcc994a43e?w=150","hobby":"PlavĂˇnĂ­","school":"ZĹ  Ăšvoz Brno"}'::jsonb, true, 'B', true);
INSERT INTO public.persons (id, organization_id, household_id, role, first_name, last_name, birth_date, custom_fields, gdpr_consent_signed, safety_rating, is_active) VALUES ('55555555-5555-5555-0012-00000000', 'a0e0a0e0-a0e0-a0e0-a0e0-a0e0a0e0a0e0', '11111111-1111-1111-1111-000000000012', 'social_contact', 'Michaela', 'JelĂ­nkovĂˇ', '2012-09-28', '{"avatar_url":"https://images.unsplash.com/photo-1494790108377-be9c29b29330?w=150","relationship_to_child":"BiologickĂˇ dcera"}'::jsonb, true, 'N', true);
INSERT INTO public.persons (id, organization_id, household_id, role, first_name, last_name, birth_number, phone, gdpr_consent_signed, safety_rating, is_active) VALUES ('66666666-6666-6666-6666-000000000012', 'a0e0a0e0-a0e0-a0e0-a0e0-a0e0a0e0a0e0', '11111111-1111-1111-1111-000000000012', 'bio_parent', 'Tereza', 'SvobodovĂˇ', '961012/7101', '+420608230022', true, 'C', true);
INSERT INTO public.events (id, organization_id, household_id, author_id, type, title, payload, occurred_at) VALUES ('77777777-7777-7777-0012-00000000', 'a0e0a0e0-a0e0-a0e0-a0e0-a0e0a0e0a0e0', '11111111-1111-1111-1111-000000000012', 'aecbcd51-1ae6-48b3-b641-a5c639b46fe6', 'regular_visit', 'PravidelnĂˇ pololetnĂ­ nĂˇvĹˇtÄ›va', '{"content":"NĂˇvĹˇtÄ›va v rodinÄ› probÄ›hla v poĹ™Ăˇdku. PÄ›stoun Michaela JelĂ­nkovĂˇ vzornÄ› spolupracuje, dÄ›ti se rozvĂ­jejĂ­ standardnÄ› podle IPOD.","summary":"PololetnĂ­ nĂˇvĹˇtÄ›va bez zjiĹˇtÄ›nĂ˝ch nedostatkĹŻ."}'::jsonb, '2026-05-01 22:32:44+02');
INSERT INTO public.events (id, organization_id, household_id, author_id, type, title, payload, occurred_at) VALUES ('77777777-7777-7777-0012-00000001', 'a0e0a0e0-a0e0-a0e0-a0e0-a0e0a0e0a0e0', '11111111-1111-1111-1111-000000000012', 'aecbcd51-1ae6-48b3-b641-a5c639b46fe6', 'regular_visit', 'PravidelnĂˇ pololetnĂ­ nĂˇvĹˇtÄ›va', '{"content":"NĂˇvĹˇtÄ›va v rodinÄ› probÄ›hla v poĹ™Ăˇdku. PÄ›stoun Michaela JelĂ­nkovĂˇ vzornÄ› spolupracuje, dÄ›ti se rozvĂ­jejĂ­ standardnÄ› podle IPOD.","summary":"PololetnĂ­ nĂˇvĹˇtÄ›va bez zjiĹˇtÄ›nĂ˝ch nedostatkĹŻ."}'::jsonb, '2026-03-26 22:32:44+02');

-- DomĂˇcnost 14: KristĂ˝na PokornĂˇ (FF-686-UGA)
INSERT INTO public.households (id, organization_id, branch_id, assigned_ko_id, foster_id, status, notes) VALUES ('11111111-1111-1111-1111-000000000013', 'a0e0a0e0-a0e0-a0e0-a0e0-a0e0a0e0a0e0', 'b0b0b0b0-b0b0-b0b0-b0b0-b0b0b0b0b0b0', 'aecbcd51-1ae6-48b3-b641-a5c639b46fe6', 'FF-686-UGA', 'active', 'PÄ›stounskĂˇ rodina: KristĂ˝na PokornĂˇ. DoprovĂˇzĂ­ Anna MĂˇlkovĂˇ.');
INSERT INTO public.persons (id, organization_id, household_id, role, first_name, last_name, birth_date, custom_fields, is_active) VALUES ('22222222-2222-2222-2222-000000000013', 'a0e0a0e0-a0e0-a0e0-a0e0-a0e0a0e0a0e0', '11111111-1111-1111-1111-000000000013', 'foster_parent', 'KristĂ˝na', 'PokornĂˇ', '1984-07-15', '{"profession":"Podnikatel","foster_care_type":"B","avatar_url":"https://images.unsplash.com/photo-1488426862026-3ee34a7d66df?w=150"}'::jsonb, true);
INSERT INTO public.person_addresses (id, person_id, type, street, city, zip, from_date) VALUES ('33333333-3333-3333-3333-000000000013', '22222222-2222-2222-2222-000000000013', 'actual', 'Ĺ kolnĂ­ 34', 'Slavkov u Brna', '347 37', '2020-01-01');
INSERT INTO public.persons (id, organization_id, household_id, role, first_name, last_name, birth_date, custom_fields, gdpr_consent_signed, safety_rating, is_active) VALUES ('44444444-4444-4444-0013-00000000', 'a0e0a0e0-a0e0-a0e0-a0e0-a0e0a0e0a0e0', '11111111-1111-1111-1111-000000000013', 'child', 'Martin', 'Svoboda', '2013-02-24', '{"foster_care_type":"B","avatar_url":"https://images.unsplash.com/photo-1500648767791-00dcc994a43e?w=150","hobby":"Keramika","school":"ZĹ  KĹ™Ă­dlovickĂˇ Brno"}'::jsonb, true, 'A', true);
INSERT INTO public.persons (id, organization_id, household_id, role, first_name, last_name, birth_date, custom_fields, gdpr_consent_signed, safety_rating, is_active) VALUES ('55555555-5555-5555-0013-00000000', 'a0e0a0e0-a0e0-a0e0-a0e0-a0e0a0e0a0e0', '11111111-1111-1111-1111-000000000013', 'social_contact', 'Petra', 'PokornĂˇ', '2009-07-23', '{"avatar_url":"https://images.unsplash.com/photo-1544005313-94ddf0286df2?w=150","relationship_to_child":"BiologickĂˇ dcera"}'::jsonb, true, 'N', true);
INSERT INTO public.persons (id, organization_id, household_id, role, first_name, last_name, birth_date, custom_fields, gdpr_consent_signed, safety_rating, is_active) VALUES ('55555555-5555-5555-0013-00000001', 'a0e0a0e0-a0e0-a0e0-a0e0-a0e0a0e0a0e0', '11111111-1111-1111-1111-000000000013', 'social_contact', 'Jaroslav', 'PokornĂˇ', '2011-03-14', '{"avatar_url":"https://images.unsplash.com/photo-1500648767791-00dcc994a43e?w=150","relationship_to_child":"BiologickĂ˝ syn"}'::jsonb, true, 'N', true);
INSERT INTO public.persons (id, organization_id, household_id, role, first_name, last_name, birth_number, phone, gdpr_consent_signed, safety_rating, is_active) VALUES ('66666666-6666-6666-6666-000000000013', 'a0e0a0e0-a0e0-a0e0-a0e0-a0e0a0e0a0e0', '11111111-1111-1111-1111-000000000013', 'bio_parent', 'Monika', 'ZemanovĂˇ', '720610/1775', '+420760762059', false, 'B', true);
INSERT INTO public.events (id, organization_id, household_id, author_id, type, title, payload, occurred_at) VALUES ('77777777-7777-7777-0013-00000000', 'a0e0a0e0-a0e0-a0e0-a0e0-a0e0a0e0a0e0', '11111111-1111-1111-1111-000000000013', 'aecbcd51-1ae6-48b3-b641-a5c639b46fe6', 'crisis_event', 'Incident / PoruĹˇenĂ­ pravidel', '{"content":"HlĂˇĹˇen drobnĂ˝ incident v rodinÄ›: neshody ve Ĺˇkole ohlednÄ› prospÄ›chu. KlĂ­ÄŤovĂˇ osoba naplĂˇnovala spoleÄŤnĂ© jednĂˇnĂ­ s tĹ™Ă­dnĂ­m uÄŤitelem.","summary":"ĹeĹˇenĂ­ studijnĂ­ch problĂ©mĹŻ."}'::jsonb, '2026-05-24 22:32:44+02');

-- DomĂˇcnost 15: David RĹŻĹľiÄŤka (FF-623-SCK)
INSERT INTO public.households (id, organization_id, branch_id, assigned_ko_id, foster_id, status, notes) VALUES ('11111111-1111-1111-1111-000000000014', 'a0e0a0e0-a0e0-a0e0-a0e0-a0e0a0e0a0e0', 'b0b0b0b0-b0b0-b0b0-b0b0-b0b0b0b0b0b0', 'aecbcd51-1ae6-48b3-b641-a5c639b46fe6', 'FF-623-SCK', 'active', 'PÄ›stounskĂˇ rodina: David RĹŻĹľiÄŤka. DoprovĂˇzĂ­ Anna MĂˇlkovĂˇ.');
INSERT INTO public.persons (id, organization_id, household_id, role, first_name, last_name, birth_date, custom_fields, is_active) VALUES ('22222222-2222-2222-2222-000000000014', 'a0e0a0e0-a0e0-a0e0-a0e0-a0e0a0e0a0e0', '11111111-1111-1111-1111-000000000014', 'foster_parent', 'David', 'RĹŻĹľiÄŤka', '1979-02-27', '{"profession":"DĹŻchodce","foster_care_type":"C","avatar_url":"https://images.unsplash.com/photo-1506794778202-cad84cf45f1d?w=150","relationship_to_child":"strĂ˝c"}'::jsonb, true);
INSERT INTO public.person_addresses (id, person_id, type, street, city, zip, from_date) VALUES ('33333333-3333-3333-3333-000000000014', '22222222-2222-2222-2222-000000000014', 'actual', 'ĂšdolnĂ­ 142', 'ModĹ™ice', '308 83', '2020-01-01');
INSERT INTO public.persons (id, organization_id, household_id, role, first_name, last_name, birth_date, custom_fields, gdpr_consent_signed, safety_rating, is_active) VALUES ('44444444-4444-4444-0014-00000000', 'a0e0a0e0-a0e0-a0e0-a0e0-a0e0a0e0a0e0', '11111111-1111-1111-1111-000000000014', 'child', 'Petra', 'DvoĹ™ĂˇkovĂˇ', '2013-06-06', '{"relationship_to_foster_parent":"neteĹ™","foster_care_type":"C","avatar_url":"https://images.unsplash.com/photo-1517841905240-472988babdf9?w=150","hobby":"ModelĂˇĹ™stvĂ­","school":"ZĹ  Merhautova Brno"}'::jsonb, true, 'A', true);
INSERT INTO public.persons (id, organization_id, household_id, role, first_name, last_name, birth_date, custom_fields, gdpr_consent_signed, safety_rating, is_active) VALUES ('55555555-5555-5555-0014-00000000', 'a0e0a0e0-a0e0-a0e0-a0e0-a0e0a0e0a0e0', '11111111-1111-1111-1111-000000000014', 'social_contact', 'TomĂˇĹˇ', 'RĹŻĹľiÄŤka', '2010-10-26', '{"avatar_url":"https://images.unsplash.com/photo-1501196354995-cbb51c65aaea?w=150","relationship_to_child":"BiologickĂ˝ syn"}'::jsonb, true, 'N', true);
INSERT INTO public.persons (id, organization_id, household_id, role, first_name, last_name, birth_date, custom_fields, gdpr_consent_signed, safety_rating, is_active) VALUES ('55555555-5555-5555-0014-00000001', 'a0e0a0e0-a0e0-a0e0-a0e0-a0e0a0e0a0e0', '11111111-1111-1111-1111-000000000014', 'social_contact', 'AdĂ©la', 'RĹŻĹľiÄŤka', '2016-08-11', '{"avatar_url":"https://images.unsplash.com/photo-1494790108377-be9c29b29330?w=150","relationship_to_child":"BiologickĂˇ dcera"}'::jsonb, true, 'N', true);
INSERT INTO public.persons (id, organization_id, household_id, role, first_name, last_name, birth_date, custom_fields, gdpr_consent_signed, safety_rating, is_active) VALUES ('55555555-5555-5555-0014-00000002', 'a0e0a0e0-a0e0-a0e0-a0e0-a0e0a0e0a0e0', '11111111-1111-1111-1111-000000000014', 'social_contact', 'David', 'RĹŻĹľiÄŤka', '2011-08-22', '{"avatar_url":"https://images.unsplash.com/photo-1492562080023-ab3db95bfbce?w=150","relationship_to_child":"BiologickĂ˝ syn"}'::jsonb, true, 'N', true);
INSERT INTO public.persons (id, organization_id, household_id, role, first_name, last_name, birth_number, phone, gdpr_consent_signed, safety_rating, is_active) VALUES ('66666666-6666-6666-6666-000000000014', 'a0e0a0e0-a0e0-a0e0-a0e0-a0e0a0e0a0e0', '11111111-1111-1111-1111-000000000014', 'bio_parent', 'Lenka', 'BeneĹˇovĂˇ', '821109/2023', '+420733518890', false, 'Z', true);
INSERT INTO public.events (id, organization_id, household_id, author_id, type, title, payload, occurred_at) VALUES ('77777777-7777-7777-0014-00000000', 'a0e0a0e0-a0e0-a0e0-a0e0-a0e0a0e0a0e0', '11111111-1111-1111-1111-000000000014', 'aecbcd51-1ae6-48b3-b641-a5c639b46fe6', 'crisis_event', 'Pokus o kontakt biologickĂ©ho otce', '{"content":"BiologickĂ˝ rodiÄŤ Lenka BeneĹˇovĂˇ se pokusil kontaktovat dĂ­tÄ› navzdory soudnĂ­Ĺˇemu zĂˇkazu styku. PÄ›stoun okamĹľitÄ› kontaktoval naĹˇi klĂ­ÄŤovou osobu. Incident hlĂˇĹˇen na OSPOD.","summary":"PoruĹˇenĂ­ zĂˇkazu styku biologickĂ˝m rodiÄŤem."}'::jsonb, '2026-06-02 22:32:44+02');
INSERT INTO public.events (id, organization_id, household_id, author_id, type, title, payload, occurred_at) VALUES ('77777777-7777-7777-0014-00000001', 'a0e0a0e0-a0e0-a0e0-a0e0-a0e0a0e0a0e0', '11111111-1111-1111-1111-000000000014', 'aecbcd51-1ae6-48b3-b641-a5c639b46fe6', 'crisis_event', 'Pokus o kontakt biologickĂ©ho otce', '{"content":"BiologickĂ˝ rodiÄŤ Lenka BeneĹˇovĂˇ se pokusil kontaktovat dĂ­tÄ› navzdory soudnĂ­Ĺˇemu zĂˇkazu styku. PÄ›stoun okamĹľitÄ› kontaktoval naĹˇi klĂ­ÄŤovou osobu. Incident hlĂˇĹˇen na OSPOD.","summary":"PoruĹˇenĂ­ zĂˇkazu styku biologickĂ˝m rodiÄŤem."}'::jsonb, '2026-06-07 22:32:44+02');

-- DomĂˇcnost 16: JiĹ™Ă­ Marek (FF-236-GRE)
INSERT INTO public.households (id, organization_id, branch_id, assigned_ko_id, foster_id, status, notes) VALUES ('11111111-1111-1111-1111-000000000015', 'a0e0a0e0-a0e0-a0e0-a0e0-a0e0a0e0a0e0', 'b0b0b0b0-b0b0-b0b0-b0b0-b0b0b0b0b0b0', 'aecbcd51-1ae6-48b3-b641-a5c639b46fe6', 'FF-236-GRE', 'active', 'PÄ›stounskĂˇ rodina: JiĹ™Ă­ Marek. DoprovĂˇzĂ­ Anna MĂˇlkovĂˇ.');
INSERT INTO public.persons (id, organization_id, household_id, role, first_name, last_name, birth_date, custom_fields, is_active) VALUES ('22222222-2222-2222-2222-000000000015', 'a0e0a0e0-a0e0-a0e0-a0e0-a0e0a0e0a0e0', '11111111-1111-1111-1111-000000000015', 'foster_parent', 'JiĹ™Ă­', 'Marek', '1977-12-23', '{"profession":"Podnikatel","foster_care_type":"B","avatar_url":"https://images.unsplash.com/photo-1519085360753-af0119f7cbe7?w=150"}'::jsonb, true);
INSERT INTO public.person_addresses (id, person_id, type, street, city, zip, from_date) VALUES ('33333333-3333-3333-3333-000000000015', '22222222-2222-2222-2222-000000000015', 'actual', 'PekaĹ™skĂˇ 106', 'ModĹ™ice', '147 36', '2020-01-01');
INSERT INTO public.persons (id, organization_id, household_id, role, first_name, last_name, birth_date, custom_fields, gdpr_consent_signed, safety_rating, is_active) VALUES ('44444444-4444-4444-0015-00000000', 'a0e0a0e0-a0e0-a0e0-a0e0-a0e0a0e0a0e0', '11111111-1111-1111-1111-000000000015', 'child', 'Radim', 'KuÄŤera', '2019-04-02', '{"foster_care_type":"B","avatar_url":"https://images.unsplash.com/photo-1501196354995-cbb51c65aaea?w=150","hobby":"Keramika","school":"ZĹ  Merhautova Brno"}'::jsonb, true, 'A', true);
INSERT INTO public.persons (id, organization_id, household_id, role, first_name, last_name, birth_date, custom_fields, gdpr_consent_signed, safety_rating, is_active) VALUES ('44444444-4444-4444-0015-00000001', 'a0e0a0e0-a0e0-a0e0-a0e0-a0e0a0e0a0e0', '11111111-1111-1111-1111-000000000015', 'child', 'VĂˇclav', 'DvoĹ™Ăˇk', '2021-06-03', '{"foster_care_type":"B","avatar_url":"https://images.unsplash.com/photo-1501196354995-cbb51c65aaea?w=150","hobby":"Fotbal","school":"ZĹ  NĂˇdraĹľnĂ­ VyĹˇkov"}'::jsonb, true, 'C', true);
INSERT INTO public.persons (id, organization_id, household_id, role, first_name, last_name, birth_date, custom_fields, gdpr_consent_signed, safety_rating, is_active) VALUES ('55555555-5555-5555-0015-00000000', 'a0e0a0e0-a0e0-a0e0-a0e0-a0e0a0e0a0e0', '11111111-1111-1111-1111-000000000015', 'social_contact', 'Radim', 'Marek', '2011-08-28', '{"avatar_url":"https://images.unsplash.com/photo-1519085360753-af0119f7cbe7?w=150","relationship_to_child":"BiologickĂ˝ syn"}'::jsonb, true, 'N', true);
INSERT INTO public.persons (id, organization_id, household_id, role, first_name, last_name, birth_date, custom_fields, gdpr_consent_signed, safety_rating, is_active) VALUES ('55555555-5555-5555-0015-00000001', 'a0e0a0e0-a0e0-a0e0-a0e0-a0e0a0e0a0e0', '11111111-1111-1111-1111-000000000015', 'social_contact', 'Tereza', 'Marek', '2005-12-01', '{"avatar_url":"https://images.unsplash.com/photo-1517841905240-472988babdf9?w=150","relationship_to_child":"BiologickĂˇ dcera"}'::jsonb, true, 'N', true);
INSERT INTO public.persons (id, organization_id, household_id, role, first_name, last_name, birth_number, phone, gdpr_consent_signed, safety_rating, is_active) VALUES ('66666666-6666-6666-6666-000000000015', 'a0e0a0e0-a0e0-a0e0-a0e0-a0e0a0e0a0e0', '11111111-1111-1111-1111-000000000015', 'bio_parent', 'Radim', 'Svoboda', '950423/5873', '+420672829162', true, 'Z', true);
INSERT INTO public.events (id, organization_id, household_id, author_id, type, title, payload, occurred_at) VALUES ('77777777-7777-7777-0015-00000000', 'a0e0a0e0-a0e0-a0e0-a0e0-a0e0a0e0a0e0', '11111111-1111-1111-1111-000000000015', 'aecbcd51-1ae6-48b3-b641-a5c639b46fe6', 'crisis_event', 'Pokus o kontakt biologickĂ©ho otce', '{"content":"BiologickĂ˝ rodiÄŤ Radim Svoboda se pokusil kontaktovat dĂ­tÄ› navzdory soudnĂ­Ĺˇemu zĂˇkazu styku. PÄ›stoun okamĹľitÄ› kontaktoval naĹˇi klĂ­ÄŤovou osobu. Incident hlĂˇĹˇen na OSPOD.","summary":"PoruĹˇenĂ­ zĂˇkazu styku biologickĂ˝m rodiÄŤem."}'::jsonb, '2026-04-10 22:32:44+02');

-- DomĂˇcnost 17: Veronika JelĂ­nkovĂˇ (FF-216-XPB)
INSERT INTO public.households (id, organization_id, branch_id, assigned_ko_id, foster_id, status, notes) VALUES ('11111111-1111-1111-1111-000000000016', 'a0e0a0e0-a0e0-a0e0-a0e0-a0e0a0e0a0e0', 'b0b0b0b0-b0b0-b0b0-b0b0-b0b0b0b0b0b0', 'aecbcd51-1ae6-48b3-b641-a5c639b46fe6', 'FF-216-XPB', 'active', 'PÄ›stounskĂˇ rodina: Veronika JelĂ­nkovĂˇ. DoprovĂˇzĂ­ Anna MĂˇlkovĂˇ.');
INSERT INTO public.persons (id, organization_id, household_id, role, first_name, last_name, birth_date, custom_fields, is_active) VALUES ('22222222-2222-2222-2222-000000000016', 'a0e0a0e0-a0e0-a0e0-a0e0-a0e0a0e0a0e0', '11111111-1111-1111-1111-000000000016', 'foster_parent', 'Veronika', 'JelĂ­nkovĂˇ', '1969-06-06', '{"profession":"ProdavaÄŤ","foster_care_type":"A","avatar_url":"https://images.unsplash.com/photo-1544005313-94ddf0286df2?w=150"}'::jsonb, true);
INSERT INTO public.person_addresses (id, person_id, type, street, city, zip, from_date) VALUES ('33333333-3333-3333-3333-000000000016', '22222222-2222-2222-2222-000000000016', 'actual', 'ZahradnĂ­ 133', 'ModĹ™ice', '613 85', '2020-01-01');
INSERT INTO public.persons (id, organization_id, household_id, role, first_name, last_name, birth_date, custom_fields, gdpr_consent_signed, safety_rating, is_active) VALUES ('44444444-4444-4444-0016-00000000', 'a0e0a0e0-a0e0-a0e0-a0e0-a0e0a0e0a0e0', '11111111-1111-1111-1111-000000000016', 'child', 'Monika', 'ZemanovĂˇ', '2018-11-09', '{"foster_care_type":"A","avatar_url":"https://images.unsplash.com/photo-1544005313-94ddf0286df2?w=150","hobby":"ModelĂˇĹ™stvĂ­","school":"ZĹ  Ăšvoz Brno"}'::jsonb, true, 'C', true);
INSERT INTO public.persons (id, organization_id, household_id, role, first_name, last_name, birth_date, custom_fields, gdpr_consent_signed, safety_rating, is_active) VALUES ('44444444-4444-4444-0016-00000001', 'a0e0a0e0-a0e0-a0e0-a0e0-a0e0a0e0a0e0', '11111111-1111-1111-1111-000000000016', 'child', 'Jan', 'HorĂˇk', '2012-02-28', '{"foster_care_type":"A","avatar_url":"https://images.unsplash.com/photo-1507003211169-0a1dd7228f2d?w=150","hobby":"Ĺ achy","school":"ZĹ  Ĺ kolnĂ­ Hostomice"}'::jsonb, true, 'B', true);
INSERT INTO public.persons (id, organization_id, household_id, role, first_name, last_name, birth_date, custom_fields, gdpr_consent_signed, safety_rating, is_active) VALUES ('55555555-5555-5555-0016-00000000', 'a0e0a0e0-a0e0-a0e0-a0e0-a0e0a0e0a0e0', '11111111-1111-1111-1111-000000000016', 'social_contact', 'KateĹ™ina', 'JelĂ­nkovĂˇ', '2008-11-06', '{"avatar_url":"https://images.unsplash.com/photo-1438761681033-6461ffad8d80?w=150","relationship_to_child":"BiologickĂˇ dcera"}'::jsonb, true, 'N', true);
INSERT INTO public.persons (id, organization_id, household_id, role, first_name, last_name, birth_date, custom_fields, gdpr_consent_signed, safety_rating, is_active) VALUES ('55555555-5555-5555-0016-00000001', 'a0e0a0e0-a0e0-a0e0-a0e0-a0e0a0e0a0e0', '11111111-1111-1111-1111-000000000016', 'social_contact', 'FrantiĹˇek', 'JelĂ­nkovĂˇ', '2016-08-09', '{"avatar_url":"https://images.unsplash.com/photo-1507003211169-0a1dd7228f2d?w=150","relationship_to_child":"BiologickĂ˝ syn"}'::jsonb, true, 'N', true);
INSERT INTO public.persons (id, organization_id, household_id, role, first_name, last_name, birth_date, custom_fields, gdpr_consent_signed, safety_rating, is_active) VALUES ('55555555-5555-5555-0016-00000002', 'a0e0a0e0-a0e0-a0e0-a0e0-a0e0a0e0a0e0', '11111111-1111-1111-1111-000000000016', 'social_contact', 'JiĹ™Ă­', 'JelĂ­nkovĂˇ', '2017-09-22', '{"avatar_url":"https://images.unsplash.com/photo-1500648767791-00dcc994a43e?w=150","relationship_to_child":"BiologickĂ˝ syn"}'::jsonb, true, 'N', true);
INSERT INTO public.persons (id, organization_id, household_id, role, first_name, last_name, birth_number, phone, gdpr_consent_signed, safety_rating, is_active) VALUES ('66666666-6666-6666-6666-000000000016', 'a0e0a0e0-a0e0-a0e0-a0e0-a0e0a0e0a0e0', '11111111-1111-1111-1111-000000000016', 'bio_parent', 'David', 'NovotnĂ˝', '820708/2101', '+420634856505', false, 'C', true);
INSERT INTO public.events (id, organization_id, household_id, author_id, type, title, payload, occurred_at) VALUES ('77777777-7777-7777-0016-00000000', 'a0e0a0e0-a0e0-a0e0-a0e0-a0e0a0e0a0e0', '11111111-1111-1111-1111-000000000016', 'aecbcd51-1ae6-48b3-b641-a5c639b46fe6', 'regular_visit', 'PravidelnĂˇ pololetnĂ­ nĂˇvĹˇtÄ›va', '{"content":"NĂˇvĹˇtÄ›va v rodinÄ› probÄ›hla v poĹ™Ăˇdku. PÄ›stoun Veronika JelĂ­nkovĂˇ vzornÄ› spolupracuje, dÄ›ti se rozvĂ­jejĂ­ standardnÄ› podle IPOD.","summary":"PololetnĂ­ nĂˇvĹˇtÄ›va bez zjiĹˇtÄ›nĂ˝ch nedostatkĹŻ."}'::jsonb, '2026-05-25 22:32:44+02');

-- DomĂˇcnost 18: KristĂ˝na NovĂˇkovĂˇ (FF-918-JNJ)
INSERT INTO public.households (id, organization_id, branch_id, assigned_ko_id, foster_id, status, notes) VALUES ('11111111-1111-1111-1111-000000000017', 'a0e0a0e0-a0e0-a0e0-a0e0-a0e0a0e0a0e0', 'b0b0b0b0-b0b0-b0b0-b0b0-b0b0b0b0b0b0', 'aecbcd51-1ae6-48b3-b641-a5c639b46fe6', 'FF-918-JNJ', 'active', 'PÄ›stounskĂˇ rodina: KristĂ˝na NovĂˇkovĂˇ. DoprovĂˇzĂ­ Anna MĂˇlkovĂˇ.');
INSERT INTO public.persons (id, organization_id, household_id, role, first_name, last_name, birth_date, custom_fields, is_active) VALUES ('22222222-2222-2222-2222-000000000017', 'a0e0a0e0-a0e0-a0e0-a0e0-a0e0a0e0a0e0', '11111111-1111-1111-1111-000000000017', 'foster_parent', 'KristĂ˝na', 'NovĂˇkovĂˇ', '1966-05-24', '{"profession":"SociĂˇlnĂ­ pracovnĂ­k","foster_care_type":"A","avatar_url":"https://images.unsplash.com/photo-1494790108377-be9c29b29330?w=150"}'::jsonb, true);
INSERT INTO public.person_addresses (id, person_id, type, street, city, zip, from_date) VALUES ('33333333-3333-3333-3333-000000000017', '22222222-2222-2222-2222-000000000017', 'actual', 'Merhautova 7', 'VyĹˇkov', '708 71', '2020-01-01');
INSERT INTO public.persons (id, organization_id, household_id, role, first_name, last_name, birth_date, custom_fields, gdpr_consent_signed, safety_rating, is_active) VALUES ('44444444-4444-4444-0017-00000000', 'a0e0a0e0-a0e0-a0e0-a0e0-a0e0a0e0a0e0', '11111111-1111-1111-1111-000000000017', 'child', 'Anna', 'KuÄŤerovĂˇ', '2016-11-13', '{"foster_care_type":"A","avatar_url":"https://images.unsplash.com/photo-1438761681033-6461ffad8d80?w=150","hobby":"Ĺ achy","school":"ZĹ  Ĺ kolnĂ­ Hostomice"}'::jsonb, true, 'A', true);
INSERT INTO public.persons (id, organization_id, household_id, role, first_name, last_name, birth_date, custom_fields, gdpr_consent_signed, safety_rating, is_active) VALUES ('44444444-4444-4444-0017-00000001', 'a0e0a0e0-a0e0-a0e0-a0e0-a0e0a0e0a0e0', '11111111-1111-1111-1111-000000000017', 'child', 'EliĹˇka', 'SvobodovĂˇ', '2021-01-19', '{"foster_care_type":"A","avatar_url":"https://images.unsplash.com/photo-1534528741775-53994a69daeb?w=150","hobby":"Florbal","school":"ZĹ  NĂˇdraĹľnĂ­ VyĹˇkov"}'::jsonb, true, 'C', true);
INSERT INTO public.persons (id, organization_id, household_id, role, first_name, last_name, birth_date, custom_fields, gdpr_consent_signed, safety_rating, is_active) VALUES ('55555555-5555-5555-0017-00000000', 'a0e0a0e0-a0e0-a0e0-a0e0-a0e0a0e0a0e0', '11111111-1111-1111-1111-000000000017', 'social_contact', 'Radim', 'NovĂˇkovĂˇ', '2009-04-18', '{"avatar_url":"https://images.unsplash.com/photo-1492562080023-ab3db95bfbce?w=150","relationship_to_child":"BiologickĂ˝ syn"}'::jsonb, true, 'N', true);
INSERT INTO public.persons (id, organization_id, household_id, role, first_name, last_name, birth_number, phone, gdpr_consent_signed, safety_rating, is_active) VALUES ('66666666-6666-6666-6666-000000000017', 'a0e0a0e0-a0e0-a0e0-a0e0-a0e0a0e0a0e0', '11111111-1111-1111-1111-000000000017', 'bio_parent', 'VĂˇclav', 'VeselĂ˝', '780718/5658', '+420725687727', true, 'Z', true);
INSERT INTO public.events (id, organization_id, household_id, author_id, type, title, payload, occurred_at) VALUES ('77777777-7777-7777-0017-00000000', 'a0e0a0e0-a0e0-a0e0-a0e0-a0e0a0e0a0e0', '11111111-1111-1111-1111-000000000017', 'aecbcd51-1ae6-48b3-b641-a5c639b46fe6', 'crisis_event', 'Pokus o kontakt biologickĂ©ho otce', '{"content":"BiologickĂ˝ rodiÄŤ VĂˇclav VeselĂ˝ se pokusil kontaktovat dĂ­tÄ› navzdory soudnĂ­Ĺˇemu zĂˇkazu styku. PÄ›stoun okamĹľitÄ› kontaktoval naĹˇi klĂ­ÄŤovou osobu. Incident hlĂˇĹˇen na OSPOD.","summary":"PoruĹˇenĂ­ zĂˇkazu styku biologickĂ˝m rodiÄŤem."}'::jsonb, '2026-05-20 22:32:44+02');

-- DomĂˇcnost 19: Michal DvoĹ™Ăˇk (FF-057-RZV)
INSERT INTO public.households (id, organization_id, branch_id, assigned_ko_id, foster_id, status, notes) VALUES ('11111111-1111-1111-1111-000000000018', 'a0e0a0e0-a0e0-a0e0-a0e0-a0e0a0e0a0e0', 'b0b0b0b0-b0b0-b0b0-b0b0-b0b0b0b0b0b0', 'aecbcd51-1ae6-48b3-b641-a5c639b46fe6', 'FF-057-RZV', 'active', 'PÄ›stounskĂˇ rodina: Michal DvoĹ™Ăˇk. DoprovĂˇzĂ­ Anna MĂˇlkovĂˇ.');
INSERT INTO public.persons (id, organization_id, household_id, role, first_name, last_name, birth_date, custom_fields, is_active) VALUES ('22222222-2222-2222-2222-000000000018', 'a0e0a0e0-a0e0-a0e0-a0e0-a0e0a0e0a0e0', '11111111-1111-1111-1111-000000000018', 'foster_parent', 'Michal', 'DvoĹ™Ăˇk', '1967-02-07', '{"profession":"ĹidiÄŤ","foster_care_type":"B","avatar_url":"https://images.unsplash.com/photo-1501196354995-cbb51c65aaea?w=150"}'::jsonb, true);
INSERT INTO public.person_addresses (id, person_id, type, street, city, zip, from_date) VALUES ('33333333-3333-3333-3333-000000000018', '22222222-2222-2222-2222-000000000018', 'actual', 'SportovnĂ­ 82', 'Blansko', '292 20', '2020-01-01');
INSERT INTO public.persons (id, organization_id, household_id, role, first_name, last_name, birth_date, custom_fields, gdpr_consent_signed, safety_rating, is_active) VALUES ('44444444-4444-4444-0018-00000000', 'a0e0a0e0-a0e0-a0e0-a0e0-a0e0a0e0a0e0', '11111111-1111-1111-1111-000000000018', 'child', 'Filip', 'PokornĂ˝', '2021-08-14', '{"foster_care_type":"B","avatar_url":"https://images.unsplash.com/photo-1507003211169-0a1dd7228f2d?w=150","hobby":"Cyklistika","school":"GymnĂˇzium Elgartova Brno"}'::jsonb, true, 'A', true);
INSERT INTO public.persons (id, organization_id, household_id, role, first_name, last_name, birth_date, custom_fields, gdpr_consent_signed, safety_rating, is_active) VALUES ('44444444-4444-4444-0018-00000001', 'a0e0a0e0-a0e0-a0e0-a0e0-a0e0a0e0a0e0', '11111111-1111-1111-1111-000000000018', 'child', 'Barbora', 'MarkovĂˇ', '2014-11-28', '{"foster_care_type":"B","avatar_url":"https://images.unsplash.com/photo-1534528741775-53994a69daeb?w=150","hobby":"PlavĂˇnĂ­","school":"ZĹ  NĂˇdraĹľnĂ­ VyĹˇkov"}'::jsonb, true, 'A', true);
INSERT INTO public.persons (id, organization_id, household_id, role, first_name, last_name, birth_date, custom_fields, gdpr_consent_signed, safety_rating, is_active) VALUES ('55555555-5555-5555-0018-00000000', 'a0e0a0e0-a0e0-a0e0-a0e0-a0e0a0e0a0e0', '11111111-1111-1111-1111-000000000018', 'social_contact', 'VÄ›ra', 'DvoĹ™Ăˇk', '2015-09-14', '{"avatar_url":"https://images.unsplash.com/photo-1438761681033-6461ffad8d80?w=150","relationship_to_child":"BiologickĂˇ dcera"}'::jsonb, true, 'N', true);
INSERT INTO public.persons (id, organization_id, household_id, role, first_name, last_name, birth_number, phone, gdpr_consent_signed, safety_rating, is_active) VALUES ('66666666-6666-6666-6666-000000000018', 'a0e0a0e0-a0e0-a0e0-a0e0-a0e0a0e0a0e0', '11111111-1111-1111-1111-000000000018', 'bio_parent', 'David', 'Zeman', '870717/6906', '+420738131808', false, 'C', true);
INSERT INTO public.events (id, organization_id, household_id, author_id, type, title, payload, occurred_at) VALUES ('77777777-7777-7777-0018-00000000', 'a0e0a0e0-a0e0-a0e0-a0e0-a0e0a0e0a0e0', '11111111-1111-1111-1111-000000000018', 'aecbcd51-1ae6-48b3-b641-a5c639b46fe6', 'regular_visit', 'PravidelnĂˇ pololetnĂ­ nĂˇvĹˇtÄ›va', '{"content":"NĂˇvĹˇtÄ›va v rodinÄ› probÄ›hla v poĹ™Ăˇdku. PÄ›stoun Michal DvoĹ™Ăˇk vzornÄ› spolupracuje, dÄ›ti se rozvĂ­jejĂ­ standardnÄ› podle IPOD.","summary":"PololetnĂ­ nĂˇvĹˇtÄ›va bez zjiĹˇtÄ›nĂ˝ch nedostatkĹŻ."}'::jsonb, '2026-05-16 22:32:44+02');
INSERT INTO public.events (id, organization_id, household_id, author_id, type, title, payload, occurred_at) VALUES ('77777777-7777-7777-0018-00000001', 'a0e0a0e0-a0e0-a0e0-a0e0-a0e0a0e0a0e0', '11111111-1111-1111-1111-000000000018', 'aecbcd51-1ae6-48b3-b641-a5c639b46fe6', 'phone_call', 'TelefonickĂ˝ kontakt s pÄ›stounem', '{"content":"TelefonickĂ˝ hovor s pÄ›stounem. ProbĂ­rali jsme chovĂˇnĂ­ dÄ›tĂ­ ve Ĺˇkole a plĂˇnovĂˇnĂ­ letnĂ­ch prĂˇzdninovĂ˝ch aktivit.","summary":"TelefonĂˇt ohlednÄ› prĂˇzdnin."}'::jsonb, '2026-04-02 22:32:44+02');

-- DomĂˇcnost 20: Marie SedlĂˇÄŤkovĂˇ (FF-419-TQR)
INSERT INTO public.households (id, organization_id, branch_id, assigned_ko_id, foster_id, status, notes) VALUES ('11111111-1111-1111-1111-000000000019', 'a0e0a0e0-a0e0-a0e0-a0e0-a0e0a0e0a0e0', 'b0b0b0b0-b0b0-b0b0-b0b0-b0b0b0b0b0b0', 'aecbcd51-1ae6-48b3-b641-a5c639b46fe6', 'FF-419-TQR', 'active', 'PÄ›stounskĂˇ rodina: Marie SedlĂˇÄŤkovĂˇ. DoprovĂˇzĂ­ Anna MĂˇlkovĂˇ.');
INSERT INTO public.persons (id, organization_id, household_id, role, first_name, last_name, birth_date, custom_fields, is_active) VALUES ('22222222-2222-2222-2222-000000000019', 'a0e0a0e0-a0e0-a0e0-a0e0-a0e0a0e0a0e0', '11111111-1111-1111-1111-000000000019', 'foster_parent', 'Marie', 'SedlĂˇÄŤkovĂˇ', '1969-04-23', '{"profession":"DĹŻchodce","foster_care_type":"A","avatar_url":"https://images.unsplash.com/photo-1438761681033-6461ffad8d80?w=150"}'::jsonb, true);
INSERT INTO public.person_addresses (id, person_id, type, street, city, zip, from_date) VALUES ('33333333-3333-3333-3333-000000000019', '22222222-2222-2222-2222-000000000019', 'actual', 'Merhautova 1', 'ModĹ™ice', '692 87', '2020-01-01');
INSERT INTO public.persons (id, organization_id, household_id, role, first_name, last_name, birth_date, custom_fields, gdpr_consent_signed, safety_rating, is_active) VALUES ('44444444-4444-4444-0019-00000000', 'a0e0a0e0-a0e0-a0e0-a0e0-a0e0a0e0a0e0', '11111111-1111-1111-1111-000000000019', 'child', 'Lenka', 'HorĂˇkovĂˇ', '2021-04-08', '{"foster_care_type":"A","avatar_url":"https://images.unsplash.com/photo-1438761681033-6461ffad8d80?w=150","hobby":"PlavĂˇnĂ­","school":"ZĹ  Ăšvoz Brno"}'::jsonb, true, 'C', true);
INSERT INTO public.persons (id, organization_id, household_id, role, first_name, last_name, birth_date, custom_fields, gdpr_consent_signed, safety_rating, is_active) VALUES ('55555555-5555-5555-0019-00000000', 'a0e0a0e0-a0e0-a0e0-a0e0-a0e0a0e0a0e0', '11111111-1111-1111-1111-000000000019', 'social_contact', 'David', 'SedlĂˇÄŤkovĂˇ', '2020-02-24', '{"avatar_url":"https://images.unsplash.com/photo-1519085360753-af0119f7cbe7?w=150","relationship_to_child":"BiologickĂ˝ syn"}'::jsonb, true, 'N', true);
INSERT INTO public.persons (id, organization_id, household_id, role, first_name, last_name, birth_date, custom_fields, gdpr_consent_signed, safety_rating, is_active) VALUES ('55555555-5555-5555-0019-00000001', 'a0e0a0e0-a0e0-a0e0-a0e0-a0e0a0e0a0e0', '11111111-1111-1111-1111-000000000019', 'social_contact', 'Lucie', 'SedlĂˇÄŤkovĂˇ', '2011-10-23', '{"avatar_url":"https://images.unsplash.com/photo-1438761681033-6461ffad8d80?w=150","relationship_to_child":"BiologickĂˇ dcera"}'::jsonb, true, 'N', true);
INSERT INTO public.persons (id, organization_id, household_id, role, first_name, last_name, birth_number, phone, gdpr_consent_signed, safety_rating, is_active) VALUES ('66666666-6666-6666-6666-000000000019', 'a0e0a0e0-a0e0-a0e0-a0e0-a0e0a0e0a0e0', '11111111-1111-1111-1111-000000000019', 'bio_parent', 'LukĂˇĹˇ', 'ÄŚernĂ˝', '890917/2985', '+420741894563', false, 'B', true);
INSERT INTO public.events (id, organization_id, household_id, author_id, type, title, payload, occurred_at) VALUES ('77777777-7777-7777-0019-00000000', 'a0e0a0e0-a0e0-a0e0-a0e0-a0e0a0e0a0e0', '11111111-1111-1111-1111-000000000019', 'aecbcd51-1ae6-48b3-b641-a5c639b46fe6', 'phone_call', 'TelefonickĂ˝ kontakt s pÄ›stounem', '{"content":"TelefonickĂ˝ hovor s pÄ›stounem. ProbĂ­rali jsme chovĂˇnĂ­ dÄ›tĂ­ ve Ĺˇkole a plĂˇnovĂˇnĂ­ letnĂ­ch prĂˇzdninovĂ˝ch aktivit.","summary":"TelefonĂˇt ohlednÄ› prĂˇzdnin."}'::jsonb, '2026-04-30 22:32:44+02');
INSERT INTO public.events (id, organization_id, household_id, author_id, type, title, payload, occurred_at) VALUES ('77777777-7777-7777-0019-00000001', 'a0e0a0e0-a0e0-a0e0-a0e0-a0e0a0e0a0e0', '11111111-1111-1111-1111-000000000019', 'aecbcd51-1ae6-48b3-b641-a5c639b46fe6', 'phone_call', 'TelefonickĂ˝ kontakt s pÄ›stounem', '{"content":"TelefonickĂ˝ hovor s pÄ›stounem. ProbĂ­rali jsme chovĂˇnĂ­ dÄ›tĂ­ ve Ĺˇkole a plĂˇnovĂˇnĂ­ letnĂ­ch prĂˇzdninovĂ˝ch aktivit.","summary":"TelefonĂˇt ohlednÄ› prĂˇzdnin."}'::jsonb, '2026-06-08 22:32:44+02');

-- DomĂˇcnost 21: VÄ›ra FialovĂˇ (FF-381-THG)
INSERT INTO public.households (id, organization_id, branch_id, assigned_ko_id, foster_id, status, notes) VALUES ('11111111-1111-1111-1111-000000000020', 'a0e0a0e0-a0e0-a0e0-a0e0-a0e0a0e0a0e0', 'b0b0b0b0-b0b0-b0b0-b0b0-b0b0b0b0b0b0', 'f1520cd2-38d3-49fc-a40b-e6c4524983c8', 'FF-381-THG', 'active', 'PÄ›stounskĂˇ rodina: VÄ›ra FialovĂˇ. DoprovĂˇzĂ­ Anna MĂˇlkovĂˇ.');
INSERT INTO public.persons (id, organization_id, household_id, role, first_name, last_name, birth_date, custom_fields, is_active) VALUES ('22222222-2222-2222-2222-000000000020', 'a0e0a0e0-a0e0-a0e0-a0e0-a0e0a0e0a0e0', '11111111-1111-1111-1111-000000000020', 'foster_parent', 'VÄ›ra', 'FialovĂˇ', '1968-08-28', '{"profession":"ĂšÄŤetnĂ­","foster_care_type":"B","avatar_url":"https://images.unsplash.com/photo-1544005313-94ddf0286df2?w=150"}'::jsonb, true);
INSERT INTO public.person_addresses (id, person_id, type, street, city, zip, from_date) VALUES ('33333333-3333-3333-3333-000000000020', '22222222-2222-2222-2222-000000000020', 'actual', 'SportovnĂ­ 147', 'Blansko', '271 81', '2020-01-01');
INSERT INTO public.persons (id, organization_id, household_id, role, first_name, last_name, birth_date, custom_fields, gdpr_consent_signed, safety_rating, is_active) VALUES ('44444444-4444-4444-0020-00000000', 'a0e0a0e0-a0e0-a0e0-a0e0-a0e0a0e0a0e0', '11111111-1111-1111-1111-000000000020', 'child', 'JiĹ™Ă­', 'ProchĂˇzka', '2014-10-12', '{"foster_care_type":"B","avatar_url":"https://images.unsplash.com/photo-1500648767791-00dcc994a43e?w=150","hobby":"Skaut","school":"ZĹ  Ĺ kolnĂ­ Hostomice"}'::jsonb, true, 'B', true);
INSERT INTO public.persons (id, organization_id, household_id, role, first_name, last_name, birth_date, custom_fields, gdpr_consent_signed, safety_rating, is_active) VALUES ('55555555-5555-5555-0020-00000000', 'a0e0a0e0-a0e0-a0e0-a0e0-a0e0a0e0a0e0', '11111111-1111-1111-1111-000000000020', 'social_contact', 'Marie', 'FialovĂˇ', '2008-05-03', '{"avatar_url":"https://images.unsplash.com/photo-1517841905240-472988babdf9?w=150","relationship_to_child":"BiologickĂˇ dcera"}'::jsonb, true, 'N', true);
INSERT INTO public.persons (id, organization_id, household_id, role, first_name, last_name, birth_date, custom_fields, gdpr_consent_signed, safety_rating, is_active) VALUES ('55555555-5555-5555-0020-00000001', 'a0e0a0e0-a0e0-a0e0-a0e0-a0e0a0e0a0e0', '11111111-1111-1111-1111-000000000020', 'social_contact', 'Petr', 'FialovĂˇ', '2006-05-03', '{"avatar_url":"https://images.unsplash.com/photo-1519085360753-af0119f7cbe7?w=150","relationship_to_child":"BiologickĂ˝ syn"}'::jsonb, true, 'N', true);
INSERT INTO public.persons (id, organization_id, household_id, role, first_name, last_name, birth_date, custom_fields, gdpr_consent_signed, safety_rating, is_active) VALUES ('55555555-5555-5555-0020-00000002', 'a0e0a0e0-a0e0-a0e0-a0e0-a0e0a0e0a0e0', '11111111-1111-1111-1111-000000000020', 'social_contact', 'Veronika', 'FialovĂˇ', '2015-10-09', '{"avatar_url":"https://images.unsplash.com/photo-1517841905240-472988babdf9?w=150","relationship_to_child":"BiologickĂˇ dcera"}'::jsonb, true, 'N', true);
INSERT INTO public.persons (id, organization_id, household_id, role, first_name, last_name, birth_number, phone, gdpr_consent_signed, safety_rating, is_active) VALUES ('66666666-6666-6666-6666-000000000020', 'a0e0a0e0-a0e0-a0e0-a0e0-a0e0a0e0a0e0', '11111111-1111-1111-1111-000000000020', 'bio_parent', 'Jaroslav', 'NovotnĂ˝', '900923/2037', '+420701930513', false, 'Z', true);
INSERT INTO public.events (id, organization_id, household_id, author_id, type, title, payload, occurred_at) VALUES ('77777777-7777-7777-0020-00000000', 'a0e0a0e0-a0e0-a0e0-a0e0-a0e0a0e0a0e0', '11111111-1111-1111-1111-000000000020', 'f1520cd2-38d3-49fc-a40b-e6c4524983c8', 'crisis_event', 'Pokus o kontakt biologickĂ©ho otce', '{"content":"BiologickĂ˝ rodiÄŤ Jaroslav NovotnĂ˝ se pokusil kontaktovat dĂ­tÄ› navzdory soudnĂ­Ĺˇemu zĂˇkazu styku. PÄ›stoun okamĹľitÄ› kontaktoval naĹˇi klĂ­ÄŤovou osobu. Incident hlĂˇĹˇen na OSPOD.","summary":"PoruĹˇenĂ­ zĂˇkazu styku biologickĂ˝m rodiÄŤem."}'::jsonb, '2026-04-06 22:32:44+02');
INSERT INTO public.events (id, organization_id, household_id, author_id, type, title, payload, occurred_at) VALUES ('77777777-7777-7777-0020-00000001', 'a0e0a0e0-a0e0-a0e0-a0e0-a0e0a0e0a0e0', '11111111-1111-1111-1111-000000000020', 'f1520cd2-38d3-49fc-a40b-e6c4524983c8', 'crisis_event', 'Pokus o kontakt biologickĂ©ho otce', '{"content":"BiologickĂ˝ rodiÄŤ Jaroslav NovotnĂ˝ se pokusil kontaktovat dĂ­tÄ› navzdory soudnĂ­Ĺˇemu zĂˇkazu styku. PÄ›stoun okamĹľitÄ› kontaktoval naĹˇi klĂ­ÄŤovou osobu. Incident hlĂˇĹˇen na OSPOD.","summary":"PoruĹˇenĂ­ zĂˇkazu styku biologickĂ˝m rodiÄŤem."}'::jsonb, '2026-04-29 22:32:44+02');

-- DomĂˇcnost 22: TomĂˇĹˇ NovĂˇk (FF-615-KFF)
INSERT INTO public.households (id, organization_id, branch_id, assigned_ko_id, foster_id, status, notes) VALUES ('11111111-1111-1111-1111-000000000021', 'a0e0a0e0-a0e0-a0e0-a0e0-a0e0a0e0a0e0', 'b0b0b0b0-b0b0-b0b0-b0b0-b0b0b0b0b0b0', 'f1520cd2-38d3-49fc-a40b-e6c4524983c8', 'FF-615-KFF', 'active', 'PÄ›stounskĂˇ rodina: TomĂˇĹˇ NovĂˇk. DoprovĂˇzĂ­ Anna MĂˇlkovĂˇ.');
INSERT INTO public.persons (id, organization_id, household_id, role, first_name, last_name, birth_date, custom_fields, is_active) VALUES ('22222222-2222-2222-2222-000000000021', 'a0e0a0e0-a0e0-a0e0-a0e0-a0e0a0e0a0e0', '11111111-1111-1111-1111-000000000021', 'foster_parent', 'TomĂˇĹˇ', 'NovĂˇk', '1977-04-15', '{"profession":"ĹidiÄŤ","foster_care_type":"A","avatar_url":"https://images.unsplash.com/photo-1506794778202-cad84cf45f1d?w=150"}'::jsonb, true);
INSERT INTO public.person_addresses (id, person_id, type, street, city, zip, from_date) VALUES ('33333333-3333-3333-3333-000000000021', '22222222-2222-2222-2222-000000000021', 'actual', 'Husova 94', 'ModĹ™ice', '728 55', '2020-01-01');
INSERT INTO public.persons (id, organization_id, household_id, role, first_name, last_name, birth_date, custom_fields, gdpr_consent_signed, safety_rating, is_active) VALUES ('44444444-4444-4444-0021-00000000', 'a0e0a0e0-a0e0-a0e0-a0e0-a0e0a0e0a0e0', '11111111-1111-1111-1111-000000000021', 'child', 'VÄ›ra', 'JelĂ­nkovĂˇ', '2011-02-03', '{"foster_care_type":"A","avatar_url":"https://images.unsplash.com/photo-1544005313-94ddf0286df2?w=150","hobby":"ModelĂˇĹ™stvĂ­","school":"ZĹ  NĂˇdraĹľnĂ­ VyĹˇkov"}'::jsonb, true, 'A', true);
INSERT INTO public.persons (id, organization_id, household_id, role, first_name, last_name, birth_date, custom_fields, gdpr_consent_signed, safety_rating, is_active) VALUES ('55555555-5555-5555-0021-00000000', 'a0e0a0e0-a0e0-a0e0-a0e0-a0e0a0e0a0e0', '11111111-1111-1111-1111-000000000021', 'social_contact', 'KristĂ˝na', 'NovĂˇk', '2005-06-25', '{"avatar_url":"https://images.unsplash.com/photo-1494790108377-be9c29b29330?w=150","relationship_to_child":"BiologickĂˇ dcera"}'::jsonb, true, 'N', true);
INSERT INTO public.persons (id, organization_id, household_id, role, first_name, last_name, birth_date, custom_fields, gdpr_consent_signed, safety_rating, is_active) VALUES ('55555555-5555-5555-0021-00000001', 'a0e0a0e0-a0e0-a0e0-a0e0-a0e0a0e0a0e0', '11111111-1111-1111-1111-000000000021', 'social_contact', 'Jana', 'NovĂˇk', '2006-06-26', '{"avatar_url":"https://images.unsplash.com/photo-1544005313-94ddf0286df2?w=150","relationship_to_child":"BiologickĂˇ dcera"}'::jsonb, true, 'N', true);
INSERT INTO public.persons (id, organization_id, household_id, role, first_name, last_name, birth_number, phone, gdpr_consent_signed, safety_rating, is_active) VALUES ('66666666-6666-6666-6666-000000000021', 'a0e0a0e0-a0e0-a0e0-a0e0-a0e0a0e0a0e0', '11111111-1111-1111-1111-000000000021', 'bio_parent', 'VÄ›ra', 'ProchĂˇzkovĂˇ', '720213/7415', '+420777457640', false, 'B', true);
INSERT INTO public.events (id, organization_id, household_id, author_id, type, title, payload, occurred_at) VALUES ('77777777-7777-7777-0021-00000000', 'a0e0a0e0-a0e0-a0e0-a0e0-a0e0a0e0a0e0', '11111111-1111-1111-1111-000000000021', 'f1520cd2-38d3-49fc-a40b-e6c4524983c8', 'phone_call', 'TelefonickĂ˝ kontakt s pÄ›stounem', '{"content":"TelefonickĂ˝ hovor s pÄ›stounem. ProbĂ­rali jsme chovĂˇnĂ­ dÄ›tĂ­ ve Ĺˇkole a plĂˇnovĂˇnĂ­ letnĂ­ch prĂˇzdninovĂ˝ch aktivit.","summary":"TelefonĂˇt ohlednÄ› prĂˇzdnin."}'::jsonb, '2026-05-23 22:32:44+02');

-- DomĂˇcnost 23: Filip NÄ›mec (FF-599-KEW)
INSERT INTO public.households (id, organization_id, branch_id, assigned_ko_id, foster_id, status, notes) VALUES ('11111111-1111-1111-1111-000000000022', 'a0e0a0e0-a0e0-a0e0-a0e0-a0e0a0e0a0e0', 'b0b0b0b0-b0b0-b0b0-b0b0-b0b0b0b0b0b0', 'f1520cd2-38d3-49fc-a40b-e6c4524983c8', 'FF-599-KEW', 'active', 'PÄ›stounskĂˇ rodina: Filip NÄ›mec. DoprovĂˇzĂ­ Anna MĂˇlkovĂˇ.');
INSERT INTO public.persons (id, organization_id, household_id, role, first_name, last_name, birth_date, custom_fields, is_active) VALUES ('22222222-2222-2222-2222-000000000022', 'a0e0a0e0-a0e0-a0e0-a0e0-a0e0a0e0a0e0', '11111111-1111-1111-1111-000000000022', 'foster_parent', 'Filip', 'NÄ›mec', '1984-07-25', '{"profession":"Podnikatel","foster_care_type":"B","avatar_url":"https://images.unsplash.com/photo-1492562080023-ab3db95bfbce?w=150"}'::jsonb, true);
INSERT INTO public.person_addresses (id, person_id, type, street, city, zip, from_date) VALUES ('33333333-3333-3333-3333-000000000022', '22222222-2222-2222-2222-000000000022', 'actual', 'KoneÄŤnĂ©ho nĂˇmÄ›stĂ­ 58', 'Hostomice', '506 92', '2020-01-01');
INSERT INTO public.persons (id, organization_id, household_id, role, first_name, last_name, birth_date, custom_fields, gdpr_consent_signed, safety_rating, is_active) VALUES ('44444444-4444-4444-0022-00000000', 'a0e0a0e0-a0e0-a0e0-a0e0-a0e0a0e0a0e0', '11111111-1111-1111-1111-000000000022', 'child', 'Jaroslav', 'RĹŻĹľiÄŤka', '2015-07-28', '{"foster_care_type":"B","avatar_url":"https://images.unsplash.com/photo-1519085360753-af0119f7cbe7?w=150","hobby":"PlavĂˇnĂ­","school":"ZĹ  Ĺ kolnĂ­ Hostomice"}'::jsonb, true, 'A', true);
INSERT INTO public.persons (id, organization_id, household_id, role, first_name, last_name, birth_date, custom_fields, gdpr_consent_signed, safety_rating, is_active) VALUES ('55555555-5555-5555-0022-00000000', 'a0e0a0e0-a0e0-a0e0-a0e0-a0e0a0e0a0e0', '11111111-1111-1111-1111-000000000022', 'social_contact', 'AleĹˇ', 'NÄ›mec', '2007-09-20', '{"avatar_url":"https://images.unsplash.com/photo-1519085360753-af0119f7cbe7?w=150","relationship_to_child":"BiologickĂ˝ syn"}'::jsonb, true, 'N', true);
INSERT INTO public.persons (id, organization_id, household_id, role, first_name, last_name, birth_date, custom_fields, gdpr_consent_signed, safety_rating, is_active) VALUES ('55555555-5555-5555-0022-00000001', 'a0e0a0e0-a0e0-a0e0-a0e0-a0e0a0e0a0e0', '11111111-1111-1111-1111-000000000022', 'social_contact', 'Anna', 'NÄ›mec', '2005-08-01', '{"avatar_url":"https://images.unsplash.com/photo-1488426862026-3ee34a7d66df?w=150","relationship_to_child":"BiologickĂˇ dcera"}'::jsonb, true, 'N', true);
INSERT INTO public.persons (id, organization_id, household_id, role, first_name, last_name, birth_number, phone, gdpr_consent_signed, safety_rating, is_active) VALUES ('66666666-6666-6666-6666-000000000022', 'a0e0a0e0-a0e0-a0e0-a0e0-a0e0a0e0a0e0', '11111111-1111-1111-1111-000000000022', 'bio_parent', 'LukĂˇĹˇ', 'VeselĂ˝', '710704/1826', '+420631417171', false, 'B', true);
INSERT INTO public.events (id, organization_id, household_id, author_id, type, title, payload, occurred_at) VALUES ('77777777-7777-7777-0022-00000000', 'a0e0a0e0-a0e0-a0e0-a0e0-a0e0a0e0a0e0', '11111111-1111-1111-1111-000000000022', 'f1520cd2-38d3-49fc-a40b-e6c4524983c8', 'regular_visit', 'PravidelnĂˇ pololetnĂ­ nĂˇvĹˇtÄ›va', '{"content":"NĂˇvĹˇtÄ›va v rodinÄ› probÄ›hla v poĹ™Ăˇdku. PÄ›stoun Filip NÄ›mec vzornÄ› spolupracuje, dÄ›ti se rozvĂ­jejĂ­ standardnÄ› podle IPOD.","summary":"PololetnĂ­ nĂˇvĹˇtÄ›va bez zjiĹˇtÄ›nĂ˝ch nedostatkĹŻ."}'::jsonb, '2026-05-20 22:32:44+02');

-- DomĂˇcnost 24: FrantiĹˇek RĹŻĹľiÄŤka (FF-699-WMN)
INSERT INTO public.households (id, organization_id, branch_id, assigned_ko_id, foster_id, status, notes) VALUES ('11111111-1111-1111-1111-000000000023', 'a0e0a0e0-a0e0-a0e0-a0e0-a0e0a0e0a0e0', 'b0b0b0b0-b0b0-b0b0-b0b0-b0b0b0b0b0b0', 'f1520cd2-38d3-49fc-a40b-e6c4524983c8', 'FF-699-WMN', 'active', 'PÄ›stounskĂˇ rodina: FrantiĹˇek RĹŻĹľiÄŤka. DoprovĂˇzĂ­ Anna MĂˇlkovĂˇ.');
INSERT INTO public.persons (id, organization_id, household_id, role, first_name, last_name, birth_date, custom_fields, is_active) VALUES ('22222222-2222-2222-2222-000000000023', 'a0e0a0e0-a0e0-a0e0-a0e0-a0e0a0e0a0e0', '11111111-1111-1111-1111-000000000023', 'foster_parent', 'FrantiĹˇek', 'RĹŻĹľiÄŤka', '1968-11-27', '{"profession":"StavebnĂ­ inĹľenĂ˝r","foster_care_type":"B","avatar_url":"https://images.unsplash.com/photo-1501196354995-cbb51c65aaea?w=150"}'::jsonb, true);
INSERT INTO public.person_addresses (id, person_id, type, street, city, zip, from_date) VALUES ('33333333-3333-3333-3333-000000000023', '22222222-2222-2222-2222-000000000023', 'actual', 'ZahradnĂ­ 140', 'Hostomice', '236 63', '2020-01-01');
INSERT INTO public.persons (id, organization_id, household_id, role, first_name, last_name, birth_date, custom_fields, gdpr_consent_signed, safety_rating, is_active) VALUES ('44444444-4444-4444-0023-00000000', 'a0e0a0e0-a0e0-a0e0-a0e0-a0e0a0e0a0e0', '11111111-1111-1111-1111-000000000023', 'child', 'Marek', 'NovĂˇk', '2017-03-28', '{"foster_care_type":"B","avatar_url":"https://images.unsplash.com/photo-1500648767791-00dcc994a43e?w=150","hobby":"Hra na klavĂ­r","school":"ZĹ  Ăšvoz Brno"}'::jsonb, true, 'A', true);
INSERT INTO public.persons (id, organization_id, household_id, role, first_name, last_name, birth_date, custom_fields, gdpr_consent_signed, safety_rating, is_active) VALUES ('44444444-4444-4444-0023-00000001', 'a0e0a0e0-a0e0-a0e0-a0e0-a0e0a0e0a0e0', '11111111-1111-1111-1111-000000000023', 'child', 'Anna', 'VeselĂˇ', '2017-04-22', '{"foster_care_type":"B","avatar_url":"https://images.unsplash.com/photo-1517841905240-472988babdf9?w=150","hobby":"Fotbal","school":"ZĹ  KĹ™Ă­dlovickĂˇ Brno"}'::jsonb, true, 'A', true);
INSERT INTO public.persons (id, organization_id, household_id, role, first_name, last_name, birth_date, custom_fields, gdpr_consent_signed, safety_rating, is_active) VALUES ('55555555-5555-5555-0023-00000000', 'a0e0a0e0-a0e0-a0e0-a0e0-a0e0a0e0a0e0', '11111111-1111-1111-1111-000000000023', 'social_contact', 'Jakub', 'RĹŻĹľiÄŤka', '2017-06-20', '{"avatar_url":"https://images.unsplash.com/photo-1492562080023-ab3db95bfbce?w=150","relationship_to_child":"BiologickĂ˝ syn"}'::jsonb, true, 'N', true);
INSERT INTO public.persons (id, organization_id, household_id, role, first_name, last_name, birth_date, custom_fields, gdpr_consent_signed, safety_rating, is_active) VALUES ('55555555-5555-5555-0023-00000001', 'a0e0a0e0-a0e0-a0e0-a0e0-a0e0a0e0a0e0', '11111111-1111-1111-1111-000000000023', 'social_contact', 'Jan', 'RĹŻĹľiÄŤka', '2020-07-18', '{"avatar_url":"https://images.unsplash.com/photo-1507003211169-0a1dd7228f2d?w=150","relationship_to_child":"BiologickĂ˝ syn"}'::jsonb, true, 'N', true);
INSERT INTO public.persons (id, organization_id, household_id, role, first_name, last_name, birth_date, custom_fields, gdpr_consent_signed, safety_rating, is_active) VALUES ('55555555-5555-5555-0023-00000002', 'a0e0a0e0-a0e0-a0e0-a0e0-a0e0a0e0a0e0', '11111111-1111-1111-1111-000000000023', 'social_contact', 'Jana', 'RĹŻĹľiÄŤka', '2021-11-08', '{"avatar_url":"https://images.unsplash.com/photo-1544005313-94ddf0286df2?w=150","relationship_to_child":"BiologickĂˇ dcera"}'::jsonb, true, 'N', true);
INSERT INTO public.persons (id, organization_id, household_id, role, first_name, last_name, birth_number, phone, gdpr_consent_signed, safety_rating, is_active) VALUES ('66666666-6666-6666-6666-000000000023', 'a0e0a0e0-a0e0-a0e0-a0e0-a0e0a0e0a0e0', '11111111-1111-1111-1111-000000000023', 'bio_parent', 'Monika', 'PokornĂˇ', '990109/9719', '+420655101463', true, 'Z', true);
INSERT INTO public.events (id, organization_id, household_id, author_id, type, title, payload, occurred_at) VALUES ('77777777-7777-7777-0023-00000000', 'a0e0a0e0-a0e0-a0e0-a0e0-a0e0a0e0a0e0', '11111111-1111-1111-1111-000000000023', 'f1520cd2-38d3-49fc-a40b-e6c4524983c8', 'crisis_event', 'Pokus o kontakt biologickĂ©ho otce', '{"content":"BiologickĂ˝ rodiÄŤ Monika PokornĂˇ se pokusil kontaktovat dĂ­tÄ› navzdory soudnĂ­Ĺˇemu zĂˇkazu styku. PÄ›stoun okamĹľitÄ› kontaktoval naĹˇi klĂ­ÄŤovou osobu. Incident hlĂˇĹˇen na OSPOD.","summary":"PoruĹˇenĂ­ zĂˇkazu styku biologickĂ˝m rodiÄŤem."}'::jsonb, '2026-06-11 22:32:44+02');

-- DomĂˇcnost 25: Petr KuÄŤera (FF-036-FPM)
INSERT INTO public.households (id, organization_id, branch_id, assigned_ko_id, foster_id, status, notes) VALUES ('11111111-1111-1111-1111-000000000024', 'a0e0a0e0-a0e0-a0e0-a0e0-a0e0a0e0a0e0', 'b0b0b0b0-b0b0-b0b0-b0b0-b0b0b0b0b0b0', 'f1520cd2-38d3-49fc-a40b-e6c4524983c8', 'FF-036-FPM', 'active', 'PÄ›stounskĂˇ rodina: Petr KuÄŤera. DoprovĂˇzĂ­ Anna MĂˇlkovĂˇ.');
INSERT INTO public.persons (id, organization_id, household_id, role, first_name, last_name, birth_date, custom_fields, is_active) VALUES ('22222222-2222-2222-2222-000000000024', 'a0e0a0e0-a0e0-a0e0-a0e0-a0e0a0e0a0e0', '11111111-1111-1111-1111-000000000024', 'foster_parent', 'Petr', 'KuÄŤera', '1978-06-16', '{"profession":"ZdravotnĂ­ sestra","foster_care_type":"B","avatar_url":"https://images.unsplash.com/photo-1506794778202-cad84cf45f1d?w=150"}'::jsonb, true);
INSERT INTO public.person_addresses (id, person_id, type, street, city, zip, from_date) VALUES ('33333333-3333-3333-3333-000000000024', '22222222-2222-2222-2222-000000000024', 'actual', 'ZahradnĂ­ 95', 'Blansko', '669 45', '2020-01-01');
INSERT INTO public.persons (id, organization_id, household_id, role, first_name, last_name, birth_date, custom_fields, gdpr_consent_signed, safety_rating, is_active) VALUES ('44444444-4444-4444-0024-00000000', 'a0e0a0e0-a0e0-a0e0-a0e0-a0e0a0e0a0e0', '11111111-1111-1111-1111-000000000024', 'child', 'Jan', 'KrĂˇl', '2018-08-11', '{"foster_care_type":"B","avatar_url":"https://images.unsplash.com/photo-1501196354995-cbb51c65aaea?w=150","hobby":"PlavĂˇnĂ­","school":"ZĹ  NĂˇdraĹľnĂ­ VyĹˇkov"}'::jsonb, true, 'A', true);
INSERT INTO public.persons (id, organization_id, household_id, role, first_name, last_name, birth_date, custom_fields, gdpr_consent_signed, safety_rating, is_active) VALUES ('44444444-4444-4444-0024-00000001', 'a0e0a0e0-a0e0-a0e0-a0e0-a0e0a0e0a0e0', '11111111-1111-1111-1111-000000000024', 'child', 'Jaroslav', 'Svoboda', '2017-07-15', '{"foster_care_type":"B","avatar_url":"https://images.unsplash.com/photo-1492562080023-ab3db95bfbce?w=150","hobby":"PlavĂˇnĂ­","school":"ZĹ  KĹ™Ă­dlovickĂˇ Brno"}'::jsonb, true, 'C', true);
INSERT INTO public.persons (id, organization_id, household_id, role, first_name, last_name, birth_date, custom_fields, gdpr_consent_signed, safety_rating, is_active) VALUES ('55555555-5555-5555-0024-00000000', 'a0e0a0e0-a0e0-a0e0-a0e0-a0e0a0e0a0e0', '11111111-1111-1111-1111-000000000024', 'social_contact', 'JiĹ™Ă­', 'KuÄŤera', '2014-06-16', '{"avatar_url":"https://images.unsplash.com/photo-1506794778202-cad84cf45f1d?w=150","relationship_to_child":"BiologickĂ˝ syn"}'::jsonb, true, 'N', true);
INSERT INTO public.persons (id, organization_id, household_id, role, first_name, last_name, birth_date, custom_fields, gdpr_consent_signed, safety_rating, is_active) VALUES ('55555555-5555-5555-0024-00000001', 'a0e0a0e0-a0e0-a0e0-a0e0-a0e0a0e0a0e0', '11111111-1111-1111-1111-000000000024', 'social_contact', 'Michal', 'KuÄŤera', '2012-01-04', '{"avatar_url":"https://images.unsplash.com/photo-1519085360753-af0119f7cbe7?w=150","relationship_to_child":"BiologickĂ˝ syn"}'::jsonb, true, 'N', true);
INSERT INTO public.persons (id, organization_id, household_id, role, first_name, last_name, birth_number, phone, gdpr_consent_signed, safety_rating, is_active) VALUES ('66666666-6666-6666-6666-000000000024', 'a0e0a0e0-a0e0-a0e0-a0e0-a0e0a0e0a0e0', '11111111-1111-1111-1111-000000000024', 'bio_parent', 'JiĹ™Ă­', 'DvoĹ™Ăˇk', '720911/9077', '+420611777429', false, 'B', true);
INSERT INTO public.events (id, organization_id, household_id, author_id, type, title, payload, occurred_at) VALUES ('77777777-7777-7777-0024-00000000', 'a0e0a0e0-a0e0-a0e0-a0e0-a0e0a0e0a0e0', '11111111-1111-1111-1111-000000000024', 'f1520cd2-38d3-49fc-a40b-e6c4524983c8', 'regular_visit', 'PravidelnĂˇ pololetnĂ­ nĂˇvĹˇtÄ›va', '{"content":"NĂˇvĹˇtÄ›va v rodinÄ› probÄ›hla v poĹ™Ăˇdku. PÄ›stoun Petr KuÄŤera vzornÄ› spolupracuje, dÄ›ti se rozvĂ­jejĂ­ standardnÄ› podle IPOD.","summary":"PololetnĂ­ nĂˇvĹˇtÄ›va bez zjiĹˇtÄ›nĂ˝ch nedostatkĹŻ."}'::jsonb, '2026-04-03 22:32:44+02');

-- DomĂˇcnost 26: AleĹˇ KuÄŤera (FF-905-FZJ)
INSERT INTO public.households (id, organization_id, branch_id, assigned_ko_id, foster_id, status, notes) VALUES ('11111111-1111-1111-1111-000000000025', 'a0e0a0e0-a0e0-a0e0-a0e0-a0e0a0e0a0e0', 'b0b0b0b0-b0b0-b0b0-b0b0-b0b0b0b0b0b0', 'f1520cd2-38d3-49fc-a40b-e6c4524983c8', 'FF-905-FZJ', 'active', 'PÄ›stounskĂˇ rodina: AleĹˇ KuÄŤera. DoprovĂˇzĂ­ Anna MĂˇlkovĂˇ.');
INSERT INTO public.persons (id, organization_id, household_id, role, first_name, last_name, birth_date, custom_fields, is_active) VALUES ('22222222-2222-2222-2222-000000000025', 'a0e0a0e0-a0e0-a0e0-a0e0-a0e0a0e0a0e0', '11111111-1111-1111-1111-000000000025', 'foster_parent', 'AleĹˇ', 'KuÄŤera', '1979-08-15', '{"profession":"StavebnĂ­ inĹľenĂ˝r","foster_care_type":"B","avatar_url":"https://images.unsplash.com/photo-1501196354995-cbb51c65aaea?w=150"}'::jsonb, true);
INSERT INTO public.person_addresses (id, person_id, type, street, city, zip, from_date) VALUES ('33333333-3333-3333-3333-000000000025', '22222222-2222-2222-2222-000000000025', 'actual', 'Merhautova 5', 'Brno', '221 86', '2020-01-01');
INSERT INTO public.persons (id, organization_id, household_id, role, first_name, last_name, birth_date, custom_fields, gdpr_consent_signed, safety_rating, is_active) VALUES ('44444444-4444-4444-0025-00000000', 'a0e0a0e0-a0e0-a0e0-a0e0-a0e0a0e0a0e0', '11111111-1111-1111-1111-000000000025', 'child', 'LukĂˇĹˇ', 'JelĂ­nek', '2011-05-19', '{"foster_care_type":"B","avatar_url":"https://images.unsplash.com/photo-1500648767791-00dcc994a43e?w=150","hobby":"Florbal","school":"ZĹ  Merhautova Brno"}'::jsonb, true, 'A', true);
INSERT INTO public.persons (id, organization_id, household_id, role, first_name, last_name, birth_date, custom_fields, gdpr_consent_signed, safety_rating, is_active) VALUES ('55555555-5555-5555-0025-00000000', 'a0e0a0e0-a0e0-a0e0-a0e0-a0e0a0e0a0e0', '11111111-1111-1111-1111-000000000025', 'social_contact', 'Jakub', 'KuÄŤera', '2016-04-15', '{"avatar_url":"https://images.unsplash.com/photo-1500648767791-00dcc994a43e?w=150","relationship_to_child":"BiologickĂ˝ syn"}'::jsonb, true, 'N', true);
INSERT INTO public.persons (id, organization_id, household_id, role, first_name, last_name, birth_number, phone, gdpr_consent_signed, safety_rating, is_active) VALUES ('66666666-6666-6666-6666-000000000025', 'a0e0a0e0-a0e0-a0e0-a0e0-a0e0a0e0a0e0', '11111111-1111-1111-1111-000000000025', 'bio_parent', 'Veronika', 'ProchĂˇzkovĂˇ', '871116/1762', '+420722189113', false, 'C', true);
INSERT INTO public.events (id, organization_id, household_id, author_id, type, title, payload, occurred_at) VALUES ('77777777-7777-7777-0025-00000000', 'a0e0a0e0-a0e0-a0e0-a0e0-a0e0a0e0a0e0', '11111111-1111-1111-1111-000000000025', 'f1520cd2-38d3-49fc-a40b-e6c4524983c8', 'phone_call', 'TelefonickĂ˝ kontakt s pÄ›stounem', '{"content":"TelefonickĂ˝ hovor s pÄ›stounem. ProbĂ­rali jsme chovĂˇnĂ­ dÄ›tĂ­ ve Ĺˇkole a plĂˇnovĂˇnĂ­ letnĂ­ch prĂˇzdninovĂ˝ch aktivit.","summary":"TelefonĂˇt ohlednÄ› prĂˇzdnin."}'::jsonb, '2026-05-18 22:32:44+02');

-- DomĂˇcnost 27: Martin JelĂ­nek (FF-905-NBR)
INSERT INTO public.households (id, organization_id, branch_id, assigned_ko_id, foster_id, status, notes) VALUES ('11111111-1111-1111-1111-000000000026', 'a0e0a0e0-a0e0-a0e0-a0e0-a0e0a0e0a0e0', 'b0b0b0b0-b0b0-b0b0-b0b0-b0b0b0b0b0b0', 'f1520cd2-38d3-49fc-a40b-e6c4524983c8', 'FF-905-NBR', 'active', 'PÄ›stounskĂˇ rodina: Martin JelĂ­nek. DoprovĂˇzĂ­ Anna MĂˇlkovĂˇ.');
INSERT INTO public.persons (id, organization_id, household_id, role, first_name, last_name, birth_date, custom_fields, is_active) VALUES ('22222222-2222-2222-2222-000000000026', 'a0e0a0e0-a0e0-a0e0-a0e0-a0e0a0e0a0e0', '11111111-1111-1111-1111-000000000026', 'foster_parent', 'Martin', 'JelĂ­nek', '1986-10-02', '{"profession":"ĂšÄŤetnĂ­","foster_care_type":"C","avatar_url":"https://images.unsplash.com/photo-1501196354995-cbb51c65aaea?w=150","relationship_to_child":"strĂ˝c"}'::jsonb, true);
INSERT INTO public.person_addresses (id, person_id, type, street, city, zip, from_date) VALUES ('33333333-3333-3333-3333-000000000026', '22222222-2222-2222-2222-000000000026', 'actual', 'DlouhĂˇ 13', 'ModĹ™ice', '616 91', '2020-01-01');
INSERT INTO public.persons (id, organization_id, household_id, role, first_name, last_name, birth_date, custom_fields, gdpr_consent_signed, safety_rating, is_active) VALUES ('44444444-4444-4444-0026-00000000', 'a0e0a0e0-a0e0-a0e0-a0e0-a0e0a0e0a0e0', '11111111-1111-1111-1111-000000000026', 'child', 'Jakub', 'PokornĂ˝', '2017-11-16', '{"relationship_to_foster_parent":"synovec","foster_care_type":"C","avatar_url":"https://images.unsplash.com/photo-1500648767791-00dcc994a43e?w=150","hobby":"Skaut","school":"ZĹ  Ăšvoz Brno"}'::jsonb, true, 'B', true);
INSERT INTO public.persons (id, organization_id, household_id, role, first_name, last_name, birth_date, custom_fields, gdpr_consent_signed, safety_rating, is_active) VALUES ('55555555-5555-5555-0026-00000000', 'a0e0a0e0-a0e0-a0e0-a0e0-a0e0a0e0a0e0', '11111111-1111-1111-1111-000000000026', 'social_contact', 'Veronika', 'JelĂ­nek', '2013-02-10', '{"avatar_url":"https://images.unsplash.com/photo-1534528741775-53994a69daeb?w=150","relationship_to_child":"BiologickĂˇ dcera"}'::jsonb, true, 'N', true);
INSERT INTO public.persons (id, organization_id, household_id, role, first_name, last_name, birth_date, custom_fields, gdpr_consent_signed, safety_rating, is_active) VALUES ('55555555-5555-5555-0026-00000001', 'a0e0a0e0-a0e0-a0e0-a0e0-a0e0a0e0a0e0', '11111111-1111-1111-1111-000000000026', 'social_contact', 'Petra', 'JelĂ­nek', '2013-02-11', '{"avatar_url":"https://images.unsplash.com/photo-1438761681033-6461ffad8d80?w=150","relationship_to_child":"BiologickĂˇ dcera"}'::jsonb, true, 'N', true);
INSERT INTO public.persons (id, organization_id, household_id, role, first_name, last_name, birth_number, phone, gdpr_consent_signed, safety_rating, is_active) VALUES ('66666666-6666-6666-6666-000000000026', 'a0e0a0e0-a0e0-a0e0-a0e0-a0e0a0e0a0e0', '11111111-1111-1111-1111-000000000026', 'bio_parent', 'Veronika', 'ZemanovĂˇ', '950328/4657', '+420698586566', true, 'Z', true);
INSERT INTO public.events (id, organization_id, household_id, author_id, type, title, payload, occurred_at) VALUES ('77777777-7777-7777-0026-00000000', 'a0e0a0e0-a0e0-a0e0-a0e0-a0e0a0e0a0e0', '11111111-1111-1111-1111-000000000026', 'f1520cd2-38d3-49fc-a40b-e6c4524983c8', 'crisis_event', 'Pokus o kontakt biologickĂ©ho otce', '{"content":"BiologickĂ˝ rodiÄŤ Veronika ZemanovĂˇ se pokusil kontaktovat dĂ­tÄ› navzdory soudnĂ­Ĺˇemu zĂˇkazu styku. PÄ›stoun okamĹľitÄ› kontaktoval naĹˇi klĂ­ÄŤovou osobu. Incident hlĂˇĹˇen na OSPOD.","summary":"PoruĹˇenĂ­ zĂˇkazu styku biologickĂ˝m rodiÄŤem."}'::jsonb, '2026-05-16 22:32:45+02');
INSERT INTO public.events (id, organization_id, household_id, author_id, type, title, payload, occurred_at) VALUES ('77777777-7777-7777-0026-00000001', 'a0e0a0e0-a0e0-a0e0-a0e0-a0e0a0e0a0e0', '11111111-1111-1111-1111-000000000026', 'f1520cd2-38d3-49fc-a40b-e6c4524983c8', 'crisis_event', 'Pokus o kontakt biologickĂ©ho otce', '{"content":"BiologickĂ˝ rodiÄŤ Veronika ZemanovĂˇ se pokusil kontaktovat dĂ­tÄ› navzdory soudnĂ­Ĺˇemu zĂˇkazu styku. PÄ›stoun okamĹľitÄ› kontaktoval naĹˇi klĂ­ÄŤovou osobu. Incident hlĂˇĹˇen na OSPOD.","summary":"PoruĹˇenĂ­ zĂˇkazu styku biologickĂ˝m rodiÄŤem."}'::jsonb, '2026-04-13 22:32:45+02');

-- DomĂˇcnost 28: KateĹ™ina JelĂ­nkovĂˇ (FF-470-GZT)
INSERT INTO public.households (id, organization_id, branch_id, assigned_ko_id, foster_id, status, notes) VALUES ('11111111-1111-1111-1111-000000000027', 'a0e0a0e0-a0e0-a0e0-a0e0-a0e0a0e0a0e0', 'b0b0b0b0-b0b0-b0b0-b0b0-b0b0b0b0b0b0', 'f1520cd2-38d3-49fc-a40b-e6c4524983c8', 'FF-470-GZT', 'active', 'PÄ›stounskĂˇ rodina: KateĹ™ina JelĂ­nkovĂˇ. DoprovĂˇzĂ­ Anna MĂˇlkovĂˇ.');
INSERT INTO public.persons (id, organization_id, household_id, role, first_name, last_name, birth_date, custom_fields, is_active) VALUES ('22222222-2222-2222-2222-000000000027', 'a0e0a0e0-a0e0-a0e0-a0e0-a0e0a0e0a0e0', '11111111-1111-1111-1111-000000000027', 'foster_parent', 'KateĹ™ina', 'JelĂ­nkovĂˇ', '1987-10-23', '{"profession":"UÄŤitel","foster_care_type":"C","avatar_url":"https://images.unsplash.com/photo-1534528741775-53994a69daeb?w=150","relationship_to_child":"babiÄŤka"}'::jsonb, true);
INSERT INTO public.person_addresses (id, person_id, type, street, city, zip, from_date) VALUES ('33333333-3333-3333-3333-000000000027', '22222222-2222-2222-2222-000000000027', 'actual', 'Merhautova 43', 'Blansko', '583 65', '2020-01-01');
INSERT INTO public.persons (id, organization_id, household_id, role, first_name, last_name, birth_date, custom_fields, gdpr_consent_signed, safety_rating, is_active) VALUES ('44444444-4444-4444-0027-00000000', 'a0e0a0e0-a0e0-a0e0-a0e0-a0e0a0e0a0e0', '11111111-1111-1111-1111-000000000027', 'child', 'Michal', 'ProchĂˇzka', '2011-06-08', '{"relationship_to_foster_parent":"vnuk","foster_care_type":"C","avatar_url":"https://images.unsplash.com/photo-1519085360753-af0119f7cbe7?w=150","hobby":"VĂ˝tvarnĂ˝ krouĹľek","school":"GymnĂˇzium Elgartova Brno"}'::jsonb, true, 'A', true);
INSERT INTO public.persons (id, organization_id, household_id, role, first_name, last_name, birth_date, custom_fields, gdpr_consent_signed, safety_rating, is_active) VALUES ('55555555-5555-5555-0027-00000000', 'a0e0a0e0-a0e0-a0e0-a0e0-a0e0a0e0a0e0', '11111111-1111-1111-1111-000000000027', 'social_contact', 'Michal', 'JelĂ­nkovĂˇ', '2009-04-15', '{"avatar_url":"https://images.unsplash.com/photo-1507003211169-0a1dd7228f2d?w=150","relationship_to_child":"BiologickĂ˝ syn"}'::jsonb, true, 'N', true);
INSERT INTO public.persons (id, organization_id, household_id, role, first_name, last_name, birth_date, custom_fields, gdpr_consent_signed, safety_rating, is_active) VALUES ('55555555-5555-5555-0027-00000001', 'a0e0a0e0-a0e0-a0e0-a0e0-a0e0a0e0a0e0', '11111111-1111-1111-1111-000000000027', 'social_contact', 'KateĹ™ina', 'JelĂ­nkovĂˇ', '2011-10-18', '{"avatar_url":"https://images.unsplash.com/photo-1438761681033-6461ffad8d80?w=150","relationship_to_child":"BiologickĂˇ dcera"}'::jsonb, true, 'N', true);
INSERT INTO public.persons (id, organization_id, household_id, role, first_name, last_name, birth_date, custom_fields, gdpr_consent_signed, safety_rating, is_active) VALUES ('55555555-5555-5555-0027-00000002', 'a0e0a0e0-a0e0-a0e0-a0e0-a0e0a0e0a0e0', '11111111-1111-1111-1111-000000000027', 'social_contact', 'Petr', 'JelĂ­nkovĂˇ', '2019-01-14', '{"avatar_url":"https://images.unsplash.com/photo-1506794778202-cad84cf45f1d?w=150","relationship_to_child":"BiologickĂ˝ syn"}'::jsonb, true, 'N', true);
INSERT INTO public.persons (id, organization_id, household_id, role, first_name, last_name, birth_number, phone, gdpr_consent_signed, safety_rating, is_active) VALUES ('66666666-6666-6666-6666-000000000027', 'a0e0a0e0-a0e0-a0e0-a0e0-a0e0a0e0a0e0', '11111111-1111-1111-1111-000000000027', 'bio_parent', 'VĂˇclav', 'NovotnĂ˝', '760220/8836', '+420758209585', false, 'C', true);
INSERT INTO public.events (id, organization_id, household_id, author_id, type, title, payload, occurred_at) VALUES ('77777777-7777-7777-0027-00000000', 'a0e0a0e0-a0e0-a0e0-a0e0-a0e0a0e0a0e0', '11111111-1111-1111-1111-000000000027', 'f1520cd2-38d3-49fc-a40b-e6c4524983c8', 'crisis_event', 'Incident / PoruĹˇenĂ­ pravidel', '{"content":"HlĂˇĹˇen drobnĂ˝ incident v rodinÄ›: neshody ve Ĺˇkole ohlednÄ› prospÄ›chu. KlĂ­ÄŤovĂˇ osoba naplĂˇnovala spoleÄŤnĂ© jednĂˇnĂ­ s tĹ™Ă­dnĂ­m uÄŤitelem.","summary":"ĹeĹˇenĂ­ studijnĂ­ch problĂ©mĹŻ."}'::jsonb, '2026-05-11 22:32:45+02');

-- DomĂˇcnost 29: AleĹˇ ProchĂˇzka (FF-391-ZAH)
INSERT INTO public.households (id, organization_id, branch_id, assigned_ko_id, foster_id, status, notes) VALUES ('11111111-1111-1111-1111-000000000028', 'a0e0a0e0-a0e0-a0e0-a0e0-a0e0a0e0a0e0', 'b0b0b0b0-b0b0-b0b0-b0b0-b0b0b0b0b0b0', 'f1520cd2-38d3-49fc-a40b-e6c4524983c8', 'FF-391-ZAH', 'active', 'PÄ›stounskĂˇ rodina: AleĹˇ ProchĂˇzka. DoprovĂˇzĂ­ Anna MĂˇlkovĂˇ.');
INSERT INTO public.persons (id, organization_id, household_id, role, first_name, last_name, birth_date, custom_fields, is_active) VALUES ('22222222-2222-2222-2222-000000000028', 'a0e0a0e0-a0e0-a0e0-a0e0-a0e0a0e0a0e0', '11111111-1111-1111-1111-000000000028', 'foster_parent', 'AleĹˇ', 'ProchĂˇzka', '1975-06-10', '{"profession":"StavebnĂ­ inĹľenĂ˝r","foster_care_type":"B","avatar_url":"https://images.unsplash.com/photo-1506794778202-cad84cf45f1d?w=150"}'::jsonb, true);
INSERT INTO public.person_addresses (id, person_id, type, street, city, zip, from_date) VALUES ('33333333-3333-3333-3333-000000000028', '22222222-2222-2222-2222-000000000028', 'actual', 'SportovnĂ­ 8', 'Brno', '512 86', '2020-01-01');
INSERT INTO public.persons (id, organization_id, household_id, role, first_name, last_name, birth_date, custom_fields, gdpr_consent_signed, safety_rating, is_active) VALUES ('44444444-4444-4444-0028-00000000', 'a0e0a0e0-a0e0-a0e0-a0e0-a0e0a0e0a0e0', '11111111-1111-1111-1111-000000000028', 'child', 'EliĹˇka', 'RĹŻĹľiÄŤkovĂˇ', '2010-01-20', '{"foster_care_type":"B","avatar_url":"https://images.unsplash.com/photo-1544005313-94ddf0286df2?w=150","hobby":"PlavĂˇnĂ­","school":"ZĹ  NĂˇdraĹľnĂ­ VyĹˇkov"}'::jsonb, true, 'A', true);
INSERT INTO public.persons (id, organization_id, household_id, role, first_name, last_name, birth_date, custom_fields, gdpr_consent_signed, safety_rating, is_active) VALUES ('44444444-4444-4444-0028-00000001', 'a0e0a0e0-a0e0-a0e0-a0e0-a0e0a0e0a0e0', '11111111-1111-1111-1111-000000000028', 'child', 'Alena', 'FialovĂˇ', '2016-05-19', '{"foster_care_type":"B","avatar_url":"https://images.unsplash.com/photo-1534528741775-53994a69daeb?w=150","hobby":"TaneÄŤnĂ­ krouĹľek","school":"ZĹ  Ăšvoz Brno"}'::jsonb, true, 'A', true);
INSERT INTO public.persons (id, organization_id, household_id, role, first_name, last_name, birth_date, custom_fields, gdpr_consent_signed, safety_rating, is_active) VALUES ('55555555-5555-5555-0028-00000000', 'a0e0a0e0-a0e0-a0e0-a0e0-a0e0a0e0a0e0', '11111111-1111-1111-1111-000000000028', 'social_contact', 'AdĂ©la', 'ProchĂˇzka', '2014-08-18', '{"avatar_url":"https://images.unsplash.com/photo-1544005313-94ddf0286df2?w=150","relationship_to_child":"BiologickĂˇ dcera"}'::jsonb, true, 'N', true);
INSERT INTO public.persons (id, organization_id, household_id, role, first_name, last_name, birth_date, custom_fields, gdpr_consent_signed, safety_rating, is_active) VALUES ('55555555-5555-5555-0028-00000001', 'a0e0a0e0-a0e0-a0e0-a0e0-a0e0a0e0a0e0', '11111111-1111-1111-1111-000000000028', 'social_contact', 'Radim', 'ProchĂˇzka', '2018-08-01', '{"avatar_url":"https://images.unsplash.com/photo-1501196354995-cbb51c65aaea?w=150","relationship_to_child":"BiologickĂ˝ syn"}'::jsonb, true, 'N', true);
INSERT INTO public.persons (id, organization_id, household_id, role, first_name, last_name, birth_number, phone, gdpr_consent_signed, safety_rating, is_active) VALUES ('66666666-6666-6666-6666-000000000028', 'a0e0a0e0-a0e0-a0e0-a0e0-a0e0a0e0a0e0', '11111111-1111-1111-1111-000000000028', 'bio_parent', 'OndĹ™ej', 'SedlĂˇÄŤek', '810525/2077', '+420729204800', true, 'B', true);
INSERT INTO public.events (id, organization_id, household_id, author_id, type, title, payload, occurred_at) VALUES ('77777777-7777-7777-0028-00000000', 'a0e0a0e0-a0e0-a0e0-a0e0-a0e0a0e0a0e0', '11111111-1111-1111-1111-000000000028', 'f1520cd2-38d3-49fc-a40b-e6c4524983c8', 'phone_call', 'TelefonickĂ˝ kontakt s pÄ›stounem', '{"content":"TelefonickĂ˝ hovor s pÄ›stounem. ProbĂ­rali jsme chovĂˇnĂ­ dÄ›tĂ­ ve Ĺˇkole a plĂˇnovĂˇnĂ­ letnĂ­ch prĂˇzdninovĂ˝ch aktivit.","summary":"TelefonĂˇt ohlednÄ› prĂˇzdnin."}'::jsonb, '2026-04-08 22:32:45+02');
INSERT INTO public.events (id, organization_id, household_id, author_id, type, title, payload, occurred_at) VALUES ('77777777-7777-7777-0028-00000001', 'a0e0a0e0-a0e0-a0e0-a0e0-a0e0a0e0a0e0', '11111111-1111-1111-1111-000000000028', 'f1520cd2-38d3-49fc-a40b-e6c4524983c8', 'regular_visit', 'PravidelnĂˇ pololetnĂ­ nĂˇvĹˇtÄ›va', '{"content":"NĂˇvĹˇtÄ›va v rodinÄ› probÄ›hla v poĹ™Ăˇdku. PÄ›stoun AleĹˇ ProchĂˇzka vzornÄ› spolupracuje, dÄ›ti se rozvĂ­jejĂ­ standardnÄ› podle IPOD.","summary":"PololetnĂ­ nĂˇvĹˇtÄ›va bez zjiĹˇtÄ›nĂ˝ch nedostatkĹŻ."}'::jsonb, '2026-06-16 22:32:45+02');

-- DomĂˇcnost 30: Hana NÄ›mcovĂˇ (FF-502-GYB)
INSERT INTO public.households (id, organization_id, branch_id, assigned_ko_id, foster_id, status, notes) VALUES ('11111111-1111-1111-1111-000000000029', 'a0e0a0e0-a0e0-a0e0-a0e0-a0e0a0e0a0e0', 'b0b0b0b0-b0b0-b0b0-b0b0-b0b0b0b0b0b0', 'f1520cd2-38d3-49fc-a40b-e6c4524983c8', 'FF-502-GYB', 'active', 'PÄ›stounskĂˇ rodina: Hana NÄ›mcovĂˇ. DoprovĂˇzĂ­ Anna MĂˇlkovĂˇ.');
INSERT INTO public.persons (id, organization_id, household_id, role, first_name, last_name, birth_date, custom_fields, is_active) VALUES ('22222222-2222-2222-2222-000000000029', 'a0e0a0e0-a0e0-a0e0-a0e0-a0e0a0e0a0e0', '11111111-1111-1111-1111-000000000029', 'foster_parent', 'Hana', 'NÄ›mcovĂˇ', '1968-08-23', '{"profession":"Podnikatel","foster_care_type":"C","avatar_url":"https://images.unsplash.com/photo-1517841905240-472988babdf9?w=150","relationship_to_child":"babiÄŤka"}'::jsonb, true);
INSERT INTO public.person_addresses (id, person_id, type, street, city, zip, from_date) VALUES ('33333333-3333-3333-3333-000000000029', '22222222-2222-2222-2222-000000000029', 'actual', 'ZahradnĂ­ 63', 'TiĹˇnov', '471 81', '2020-01-01');
INSERT INTO public.persons (id, organization_id, household_id, role, first_name, last_name, birth_date, custom_fields, gdpr_consent_signed, safety_rating, is_active) VALUES ('44444444-4444-4444-0029-00000000', 'a0e0a0e0-a0e0-a0e0-a0e0-a0e0a0e0a0e0', '11111111-1111-1111-1111-000000000029', 'child', 'Jakub', 'BeneĹˇ', '2020-04-14', '{"relationship_to_foster_parent":"vnuk","foster_care_type":"C","avatar_url":"https://images.unsplash.com/photo-1492562080023-ab3db95bfbce?w=150","hobby":"VĂ˝tvarnĂ˝ krouĹľek","school":"ZĹ  NĂˇdraĹľnĂ­ VyĹˇkov"}'::jsonb, true, 'A', true);
INSERT INTO public.persons (id, organization_id, household_id, role, first_name, last_name, birth_date, custom_fields, gdpr_consent_signed, safety_rating, is_active) VALUES ('44444444-4444-4444-0029-00000001', 'a0e0a0e0-a0e0-a0e0-a0e0-a0e0a0e0a0e0', '11111111-1111-1111-1111-000000000029', 'child', 'VÄ›ra', 'DvoĹ™ĂˇkovĂˇ', '2014-04-01', '{"relationship_to_foster_parent":"vnuÄŤka","foster_care_type":"C","avatar_url":"https://images.unsplash.com/photo-1494790108377-be9c29b29330?w=150","hobby":"Keramika","school":"ZĹ  NĂˇdraĹľnĂ­ VyĹˇkov"}'::jsonb, true, 'A', true);
INSERT INTO public.persons (id, organization_id, household_id, role, first_name, last_name, birth_date, custom_fields, gdpr_consent_signed, safety_rating, is_active) VALUES ('55555555-5555-5555-0029-00000000', 'a0e0a0e0-a0e0-a0e0-a0e0-a0e0a0e0a0e0', '11111111-1111-1111-1111-000000000029', 'social_contact', 'Radim', 'NÄ›mcovĂˇ', '2022-08-10', '{"avatar_url":"https://images.unsplash.com/photo-1506794778202-cad84cf45f1d?w=150","relationship_to_child":"BiologickĂ˝ syn"}'::jsonb, true, 'N', true);
INSERT INTO public.persons (id, organization_id, household_id, role, first_name, last_name, birth_date, custom_fields, gdpr_consent_signed, safety_rating, is_active) VALUES ('55555555-5555-5555-0029-00000001', 'a0e0a0e0-a0e0-a0e0-a0e0-a0e0a0e0a0e0', '11111111-1111-1111-1111-000000000029', 'social_contact', 'JiĹ™Ă­', 'NÄ›mcovĂˇ', '2021-02-22', '{"avatar_url":"https://images.unsplash.com/photo-1519085360753-af0119f7cbe7?w=150","relationship_to_child":"BiologickĂ˝ syn"}'::jsonb, true, 'N', true);
INSERT INTO public.persons (id, organization_id, household_id, role, first_name, last_name, birth_number, phone, gdpr_consent_signed, safety_rating, is_active) VALUES ('66666666-6666-6666-6666-000000000029', 'a0e0a0e0-a0e0-a0e0-a0e0-a0e0a0e0a0e0', '11111111-1111-1111-1111-000000000029', 'bio_parent', 'David', 'Marek', '880415/4900', '+420627514231', false, 'B', true);
INSERT INTO public.events (id, organization_id, household_id, author_id, type, title, payload, occurred_at) VALUES ('77777777-7777-7777-0029-00000000', 'a0e0a0e0-a0e0-a0e0-a0e0-a0e0a0e0a0e0', '11111111-1111-1111-1111-000000000029', 'f1520cd2-38d3-49fc-a40b-e6c4524983c8', 'phone_call', 'TelefonickĂ˝ kontakt s pÄ›stounem', '{"content":"TelefonickĂ˝ hovor s pÄ›stounem. ProbĂ­rali jsme chovĂˇnĂ­ dÄ›tĂ­ ve Ĺˇkole a plĂˇnovĂˇnĂ­ letnĂ­ch prĂˇzdninovĂ˝ch aktivit.","summary":"TelefonĂˇt ohlednÄ› prĂˇzdnin."}'::jsonb, '2026-03-28 22:32:45+02');
INSERT INTO public.events (id, organization_id, household_id, author_id, type, title, payload, occurred_at) VALUES ('77777777-7777-7777-0029-00000001', 'a0e0a0e0-a0e0-a0e0-a0e0-a0e0a0e0a0e0', '11111111-1111-1111-1111-000000000029', 'f1520cd2-38d3-49fc-a40b-e6c4524983c8', 'regular_visit', 'PravidelnĂˇ pololetnĂ­ nĂˇvĹˇtÄ›va', '{"content":"NĂˇvĹˇtÄ›va v rodinÄ› probÄ›hla v poĹ™Ăˇdku. PÄ›stoun Hana NÄ›mcovĂˇ vzornÄ› spolupracuje, dÄ›ti se rozvĂ­jejĂ­ standardnÄ› podle IPOD.","summary":"PololetnĂ­ nĂˇvĹˇtÄ›va bez zjiĹˇtÄ›nĂ˝ch nedostatkĹŻ."}'::jsonb, '2026-06-11 22:32:45+02');

-- DomĂˇcnost 31: Michal HorĂˇk (FF-697-HZH)
INSERT INTO public.households (id, organization_id, branch_id, assigned_ko_id, foster_id, status, notes) VALUES ('11111111-1111-1111-1111-000000000030', 'a0e0a0e0-a0e0-a0e0-a0e0-a0e0a0e0a0e0', 'b0b0b0b0-b0b0-b0b0-b0b0-b0b0b0b0b0b0', 'f1520cd2-38d3-49fc-a40b-e6c4524983c8', 'FF-697-HZH', 'active', 'PÄ›stounskĂˇ rodina: Michal HorĂˇk. DoprovĂˇzĂ­ Anna MĂˇlkovĂˇ.');
INSERT INTO public.persons (id, organization_id, household_id, role, first_name, last_name, birth_date, custom_fields, is_active) VALUES ('22222222-2222-2222-2222-000000000030', 'a0e0a0e0-a0e0-a0e0-a0e0-a0e0a0e0a0e0', '11111111-1111-1111-1111-000000000030', 'foster_parent', 'Michal', 'HorĂˇk', '1979-04-22', '{"profession":"ĂšÄŤetnĂ­","foster_care_type":"C","avatar_url":"https://images.unsplash.com/photo-1501196354995-cbb51c65aaea?w=150","relationship_to_child":"strĂ˝c"}'::jsonb, true);
INSERT INTO public.person_addresses (id, person_id, type, street, city, zip, from_date) VALUES ('33333333-3333-3333-3333-000000000030', '22222222-2222-2222-2222-000000000030', 'actual', 'PekaĹ™skĂˇ 81', 'ModĹ™ice', '204 91', '2020-01-01');
INSERT INTO public.persons (id, organization_id, household_id, role, first_name, last_name, birth_date, custom_fields, gdpr_consent_signed, safety_rating, is_active) VALUES ('44444444-4444-4444-0030-00000000', 'a0e0a0e0-a0e0-a0e0-a0e0-a0e0a0e0a0e0', '11111111-1111-1111-1111-000000000030', 'child', 'EliĹˇka', 'RĹŻĹľiÄŤkovĂˇ', '2019-07-25', '{"relationship_to_foster_parent":"neteĹ™","foster_care_type":"C","avatar_url":"https://images.unsplash.com/photo-1488426862026-3ee34a7d66df?w=150","hobby":"Hra na klavĂ­r","school":"GymnĂˇzium Elgartova Brno"}'::jsonb, true, 'A', true);
INSERT INTO public.persons (id, organization_id, household_id, role, first_name, last_name, birth_date, custom_fields, gdpr_consent_signed, safety_rating, is_active) VALUES ('44444444-4444-4444-0030-00000001', 'a0e0a0e0-a0e0-a0e0-a0e0-a0e0a0e0a0e0', '11111111-1111-1111-1111-000000000030', 'child', 'KristĂ˝na', 'KrĂˇlovĂˇ', '2012-03-05', '{"relationship_to_foster_parent":"neteĹ™","foster_care_type":"C","avatar_url":"https://images.unsplash.com/photo-1544005313-94ddf0286df2?w=150","hobby":"TaneÄŤnĂ­ krouĹľek","school":"ZĹ  Ăšvoz Brno"}'::jsonb, true, 'A', true);
INSERT INTO public.persons (id, organization_id, household_id, role, first_name, last_name, birth_date, custom_fields, gdpr_consent_signed, safety_rating, is_active) VALUES ('55555555-5555-5555-0030-00000000', 'a0e0a0e0-a0e0-a0e0-a0e0-a0e0a0e0a0e0', '11111111-1111-1111-1111-000000000030', 'social_contact', 'OndĹ™ej', 'HorĂˇk', '2010-10-07', '{"avatar_url":"https://images.unsplash.com/photo-1519085360753-af0119f7cbe7?w=150","relationship_to_child":"BiologickĂ˝ syn"}'::jsonb, true, 'N', true);
INSERT INTO public.persons (id, organization_id, household_id, role, first_name, last_name, birth_date, custom_fields, gdpr_consent_signed, safety_rating, is_active) VALUES ('55555555-5555-5555-0030-00000001', 'a0e0a0e0-a0e0-a0e0-a0e0-a0e0a0e0a0e0', '11111111-1111-1111-1111-000000000030', 'social_contact', 'FrantiĹˇek', 'HorĂˇk', '2014-10-24', '{"avatar_url":"https://images.unsplash.com/photo-1501196354995-cbb51c65aaea?w=150","relationship_to_child":"BiologickĂ˝ syn"}'::jsonb, true, 'N', true);
INSERT INTO public.persons (id, organization_id, household_id, role, first_name, last_name, birth_date, custom_fields, gdpr_consent_signed, safety_rating, is_active) VALUES ('55555555-5555-5555-0030-00000002', 'a0e0a0e0-a0e0-a0e0-a0e0-a0e0a0e0a0e0', '11111111-1111-1111-1111-000000000030', 'social_contact', 'Martina', 'HorĂˇk', '2016-11-18', '{"avatar_url":"https://images.unsplash.com/photo-1544005313-94ddf0286df2?w=150","relationship_to_child":"BiologickĂˇ dcera"}'::jsonb, true, 'N', true);
INSERT INTO public.persons (id, organization_id, household_id, role, first_name, last_name, birth_number, phone, gdpr_consent_signed, safety_rating, is_active) VALUES ('66666666-6666-6666-6666-000000000030', 'a0e0a0e0-a0e0-a0e0-a0e0-a0e0a0e0a0e0', '11111111-1111-1111-1111-000000000030', 'bio_parent', 'Barbora', 'PokornĂˇ', '960514/3110', '+420696448913', false, 'Z', true);
INSERT INTO public.events (id, organization_id, household_id, author_id, type, title, payload, occurred_at) VALUES ('77777777-7777-7777-0030-00000000', 'a0e0a0e0-a0e0-a0e0-a0e0-a0e0a0e0a0e0', '11111111-1111-1111-1111-000000000030', 'f1520cd2-38d3-49fc-a40b-e6c4524983c8', 'crisis_event', 'Pokus o kontakt biologickĂ©ho otce', '{"content":"BiologickĂ˝ rodiÄŤ Barbora PokornĂˇ se pokusil kontaktovat dĂ­tÄ› navzdory soudnĂ­Ĺˇemu zĂˇkazu styku. PÄ›stoun okamĹľitÄ› kontaktoval naĹˇi klĂ­ÄŤovou osobu. Incident hlĂˇĹˇen na OSPOD.","summary":"PoruĹˇenĂ­ zĂˇkazu styku biologickĂ˝m rodiÄŤem."}'::jsonb, '2026-03-29 22:32:45+02');

-- DomĂˇcnost 32: Michaela HorĂˇkovĂˇ (FF-503-EEE)
INSERT INTO public.households (id, organization_id, branch_id, assigned_ko_id, foster_id, status, notes) VALUES ('11111111-1111-1111-1111-000000000031', 'a0e0a0e0-a0e0-a0e0-a0e0-a0e0a0e0a0e0', 'b0b0b0b0-b0b0-b0b0-b0b0-b0b0b0b0b0b0', 'f1520cd2-38d3-49fc-a40b-e6c4524983c8', 'FF-503-EEE', 'active', 'PÄ›stounskĂˇ rodina: Michaela HorĂˇkovĂˇ. DoprovĂˇzĂ­ Anna MĂˇlkovĂˇ.');
INSERT INTO public.persons (id, organization_id, household_id, role, first_name, last_name, birth_date, custom_fields, is_active) VALUES ('22222222-2222-2222-2222-000000000031', 'a0e0a0e0-a0e0-a0e0-a0e0-a0e0a0e0a0e0', '11111111-1111-1111-1111-000000000031', 'foster_parent', 'Michaela', 'HorĂˇkovĂˇ', '1974-12-08', '{"profession":"ZdravotnĂ­ sestra","foster_care_type":"C","avatar_url":"https://images.unsplash.com/photo-1534528741775-53994a69daeb?w=150","relationship_to_child":"teta"}'::jsonb, true);
INSERT INTO public.person_addresses (id, person_id, type, street, city, zip, from_date) VALUES ('33333333-3333-3333-3333-000000000031', '22222222-2222-2222-2222-000000000031', 'actual', 'PekaĹ™skĂˇ 4', 'TiĹˇnov', '660 16', '2020-01-01');
INSERT INTO public.persons (id, organization_id, household_id, role, first_name, last_name, birth_date, custom_fields, gdpr_consent_signed, safety_rating, is_active) VALUES ('44444444-4444-4444-0031-00000000', 'a0e0a0e0-a0e0-a0e0-a0e0-a0e0a0e0a0e0', '11111111-1111-1111-1111-000000000031', 'child', 'Martin', 'JelĂ­nek', '2019-02-17', '{"relationship_to_foster_parent":"synovec","foster_care_type":"C","avatar_url":"https://images.unsplash.com/photo-1519085360753-af0119f7cbe7?w=150","hobby":"Florbal","school":"ZĹ  Ĺ kolnĂ­ Hostomice"}'::jsonb, true, 'C', true);
INSERT INTO public.persons (id, organization_id, household_id, role, first_name, last_name, birth_date, custom_fields, gdpr_consent_signed, safety_rating, is_active) VALUES ('55555555-5555-5555-0031-00000000', 'a0e0a0e0-a0e0-a0e0-a0e0-a0e0a0e0a0e0', '11111111-1111-1111-1111-000000000031', 'social_contact', 'Hana', 'HorĂˇkovĂˇ', '2012-04-09', '{"avatar_url":"https://images.unsplash.com/photo-1438761681033-6461ffad8d80?w=150","relationship_to_child":"BiologickĂˇ dcera"}'::jsonb, true, 'N', true);
INSERT INTO public.persons (id, organization_id, household_id, role, first_name, last_name, birth_date, custom_fields, gdpr_consent_signed, safety_rating, is_active) VALUES ('55555555-5555-5555-0031-00000001', 'a0e0a0e0-a0e0-a0e0-a0e0-a0e0a0e0a0e0', '11111111-1111-1111-1111-000000000031', 'social_contact', 'Monika', 'HorĂˇkovĂˇ', '2019-12-14', '{"avatar_url":"https://images.unsplash.com/photo-1517841905240-472988babdf9?w=150","relationship_to_child":"BiologickĂˇ dcera"}'::jsonb, true, 'N', true);
INSERT INTO public.persons (id, organization_id, household_id, role, first_name, last_name, birth_number, phone, gdpr_consent_signed, safety_rating, is_active) VALUES ('66666666-6666-6666-6666-000000000031', 'a0e0a0e0-a0e0-a0e0-a0e0-a0e0a0e0a0e0', '11111111-1111-1111-1111-000000000031', 'bio_parent', 'VĂˇclav', 'JelĂ­nek', '940920/5738', '+420707257720', true, 'Z', true);
INSERT INTO public.events (id, organization_id, household_id, author_id, type, title, payload, occurred_at) VALUES ('77777777-7777-7777-0031-00000000', 'a0e0a0e0-a0e0-a0e0-a0e0-a0e0a0e0a0e0', '11111111-1111-1111-1111-000000000031', 'f1520cd2-38d3-49fc-a40b-e6c4524983c8', 'crisis_event', 'Pokus o kontakt biologickĂ©ho otce', '{"content":"BiologickĂ˝ rodiÄŤ VĂˇclav JelĂ­nek se pokusil kontaktovat dĂ­tÄ› navzdory soudnĂ­Ĺˇemu zĂˇkazu styku. PÄ›stoun okamĹľitÄ› kontaktoval naĹˇi klĂ­ÄŤovou osobu. Incident hlĂˇĹˇen na OSPOD.","summary":"PoruĹˇenĂ­ zĂˇkazu styku biologickĂ˝m rodiÄŤem."}'::jsonb, '2026-04-27 22:32:45+02');

-- DomĂˇcnost 33: AdĂ©la ZemanovĂˇ (FF-384-TWM)
INSERT INTO public.households (id, organization_id, branch_id, assigned_ko_id, foster_id, status, notes) VALUES ('11111111-1111-1111-1111-000000000032', 'a0e0a0e0-a0e0-a0e0-a0e0-a0e0a0e0a0e0', 'b0b0b0b0-b0b0-b0b0-b0b0-b0b0b0b0b0b0', 'f1520cd2-38d3-49fc-a40b-e6c4524983c8', 'FF-384-TWM', 'active', 'PÄ›stounskĂˇ rodina: AdĂ©la ZemanovĂˇ. DoprovĂˇzĂ­ Anna MĂˇlkovĂˇ.');
INSERT INTO public.persons (id, organization_id, household_id, role, first_name, last_name, birth_date, custom_fields, is_active) VALUES ('22222222-2222-2222-2222-000000000032', 'a0e0a0e0-a0e0-a0e0-a0e0-a0e0a0e0a0e0', '11111111-1111-1111-1111-000000000032', 'foster_parent', 'AdĂ©la', 'ZemanovĂˇ', '1982-06-27', '{"profession":"DĹŻchodce","foster_care_type":"A","avatar_url":"https://images.unsplash.com/photo-1494790108377-be9c29b29330?w=150"}'::jsonb, true);
INSERT INTO public.person_addresses (id, person_id, type, street, city, zip, from_date) VALUES ('33333333-3333-3333-3333-000000000032', '22222222-2222-2222-2222-000000000032', 'actual', 'Ĺ kolnĂ­ 144', 'Blansko', '136 95', '2020-01-01');
INSERT INTO public.persons (id, organization_id, household_id, role, first_name, last_name, birth_date, custom_fields, gdpr_consent_signed, safety_rating, is_active) VALUES ('44444444-4444-4444-0032-00000000', 'a0e0a0e0-a0e0-a0e0-a0e0-a0e0a0e0a0e0', '11111111-1111-1111-1111-000000000032', 'child', 'EliĹˇka', 'KolĂˇĹ™ovĂˇ', '2021-04-22', '{"foster_care_type":"A","avatar_url":"https://images.unsplash.com/photo-1494790108377-be9c29b29330?w=150","hobby":"VĂ˝tvarnĂ˝ krouĹľek","school":"ZĹ  Merhautova Brno"}'::jsonb, true, 'B', true);
INSERT INTO public.persons (id, organization_id, household_id, role, first_name, last_name, birth_date, custom_fields, gdpr_consent_signed, safety_rating, is_active) VALUES ('44444444-4444-4444-0032-00000001', 'a0e0a0e0-a0e0-a0e0-a0e0-a0e0a0e0a0e0', '11111111-1111-1111-1111-000000000032', 'child', 'Alena', 'SvobodovĂˇ', '2012-04-10', '{"foster_care_type":"A","avatar_url":"https://images.unsplash.com/photo-1544005313-94ddf0286df2?w=150","hobby":"VĂ˝tvarnĂ˝ krouĹľek","school":"ZĹ  Ĺ kolnĂ­ Hostomice"}'::jsonb, true, 'A', true);
INSERT INTO public.persons (id, organization_id, household_id, role, first_name, last_name, birth_date, custom_fields, gdpr_consent_signed, safety_rating, is_active) VALUES ('55555555-5555-5555-0032-00000000', 'a0e0a0e0-a0e0-a0e0-a0e0-a0e0a0e0a0e0', '11111111-1111-1111-1111-000000000032', 'social_contact', 'Michal', 'ZemanovĂˇ', '2009-06-12', '{"avatar_url":"https://images.unsplash.com/photo-1501196354995-cbb51c65aaea?w=150","relationship_to_child":"BiologickĂ˝ syn"}'::jsonb, true, 'N', true);
INSERT INTO public.persons (id, organization_id, household_id, role, first_name, last_name, birth_date, custom_fields, gdpr_consent_signed, safety_rating, is_active) VALUES ('55555555-5555-5555-0032-00000001', 'a0e0a0e0-a0e0-a0e0-a0e0-a0e0a0e0a0e0', '11111111-1111-1111-1111-000000000032', 'social_contact', 'KateĹ™ina', 'ZemanovĂˇ', '2005-07-02', '{"avatar_url":"https://images.unsplash.com/photo-1494790108377-be9c29b29330?w=150","relationship_to_child":"BiologickĂˇ dcera"}'::jsonb, true, 'N', true);
INSERT INTO public.persons (id, organization_id, household_id, role, first_name, last_name, birth_date, custom_fields, gdpr_consent_signed, safety_rating, is_active) VALUES ('55555555-5555-5555-0032-00000002', 'a0e0a0e0-a0e0-a0e0-a0e0-a0e0a0e0a0e0', '11111111-1111-1111-1111-000000000032', 'social_contact', 'Monika', 'ZemanovĂˇ', '2013-10-18', '{"avatar_url":"https://images.unsplash.com/photo-1534528741775-53994a69daeb?w=150","relationship_to_child":"BiologickĂˇ dcera"}'::jsonb, true, 'N', true);
INSERT INTO public.persons (id, organization_id, household_id, role, first_name, last_name, birth_number, phone, gdpr_consent_signed, safety_rating, is_active) VALUES ('66666666-6666-6666-6666-000000000032', 'a0e0a0e0-a0e0-a0e0-a0e0-a0e0a0e0a0e0', '11111111-1111-1111-1111-000000000032', 'bio_parent', 'Petr', 'KolĂˇĹ™', '700407/8950', '+420719824547', false, 'Z', true);
INSERT INTO public.events (id, organization_id, household_id, author_id, type, title, payload, occurred_at) VALUES ('77777777-7777-7777-0032-00000000', 'a0e0a0e0-a0e0-a0e0-a0e0-a0e0a0e0a0e0', '11111111-1111-1111-1111-000000000032', 'f1520cd2-38d3-49fc-a40b-e6c4524983c8', 'crisis_event', 'Pokus o kontakt biologickĂ©ho otce', '{"content":"BiologickĂ˝ rodiÄŤ Petr KolĂˇĹ™ se pokusil kontaktovat dĂ­tÄ› navzdory soudnĂ­Ĺˇemu zĂˇkazu styku. PÄ›stoun okamĹľitÄ› kontaktoval naĹˇi klĂ­ÄŤovou osobu. Incident hlĂˇĹˇen na OSPOD.","summary":"PoruĹˇenĂ­ zĂˇkazu styku biologickĂ˝m rodiÄŤem."}'::jsonb, '2026-04-29 22:32:45+02');

-- DomĂˇcnost 34: Michaela NÄ›mcovĂˇ (FF-465-JZZ)
INSERT INTO public.households (id, organization_id, branch_id, assigned_ko_id, foster_id, status, notes) VALUES ('11111111-1111-1111-1111-000000000033', 'a0e0a0e0-a0e0-a0e0-a0e0-a0e0a0e0a0e0', 'b0b0b0b0-b0b0-b0b0-b0b0-b0b0b0b0b0b0', 'f1520cd2-38d3-49fc-a40b-e6c4524983c8', 'FF-465-JZZ', 'active', 'PÄ›stounskĂˇ rodina: Michaela NÄ›mcovĂˇ. DoprovĂˇzĂ­ Anna MĂˇlkovĂˇ.');
INSERT INTO public.persons (id, organization_id, household_id, role, first_name, last_name, birth_date, custom_fields, is_active) VALUES ('22222222-2222-2222-2222-000000000033', 'a0e0a0e0-a0e0-a0e0-a0e0-a0e0a0e0a0e0', '11111111-1111-1111-1111-000000000033', 'foster_parent', 'Michaela', 'NÄ›mcovĂˇ', '1986-05-24', '{"profession":"StavebnĂ­ inĹľenĂ˝r","foster_care_type":"B","avatar_url":"https://images.unsplash.com/photo-1438761681033-6461ffad8d80?w=150"}'::jsonb, true);
INSERT INTO public.person_addresses (id, person_id, type, street, city, zip, from_date) VALUES ('33333333-3333-3333-3333-000000000033', '22222222-2222-2222-2222-000000000033', 'actual', 'ZahradnĂ­ 80', 'Slavkov u Brna', '181 56', '2020-01-01');
INSERT INTO public.persons (id, organization_id, household_id, role, first_name, last_name, birth_date, custom_fields, gdpr_consent_signed, safety_rating, is_active) VALUES ('44444444-4444-4444-0033-00000000', 'a0e0a0e0-a0e0-a0e0-a0e0-a0e0a0e0a0e0', '11111111-1111-1111-1111-000000000033', 'child', 'KristĂ˝na', 'ZemanovĂˇ', '2013-05-09', '{"foster_care_type":"B","avatar_url":"https://images.unsplash.com/photo-1488426862026-3ee34a7d66df?w=150","hobby":"ÄŚtenĂ­","school":"ZĹ  KĹ™Ă­dlovickĂˇ Brno"}'::jsonb, true, 'B', true);
INSERT INTO public.persons (id, organization_id, household_id, role, first_name, last_name, birth_date, custom_fields, gdpr_consent_signed, safety_rating, is_active) VALUES ('55555555-5555-5555-0033-00000000', 'a0e0a0e0-a0e0-a0e0-a0e0-a0e0a0e0a0e0', '11111111-1111-1111-1111-000000000033', 'social_contact', 'Jana', 'NÄ›mcovĂˇ', '2020-03-20', '{"avatar_url":"https://images.unsplash.com/photo-1438761681033-6461ffad8d80?w=150","relationship_to_child":"BiologickĂˇ dcera"}'::jsonb, true, 'N', true);
INSERT INTO public.persons (id, organization_id, household_id, role, first_name, last_name, birth_date, custom_fields, gdpr_consent_signed, safety_rating, is_active) VALUES ('55555555-5555-5555-0033-00000001', 'a0e0a0e0-a0e0-a0e0-a0e0-a0e0a0e0a0e0', '11111111-1111-1111-1111-000000000033', 'social_contact', 'Hana', 'NÄ›mcovĂˇ', '2006-09-28', '{"avatar_url":"https://images.unsplash.com/photo-1544005313-94ddf0286df2?w=150","relationship_to_child":"BiologickĂˇ dcera"}'::jsonb, true, 'N', true);
INSERT INTO public.persons (id, organization_id, household_id, role, first_name, last_name, birth_number, phone, gdpr_consent_signed, safety_rating, is_active) VALUES ('66666666-6666-6666-6666-000000000033', 'a0e0a0e0-a0e0-a0e0-a0e0-a0e0a0e0a0e0', '11111111-1111-1111-1111-000000000033', 'bio_parent', 'Marek', 'JelĂ­nek', '981225/4243', '+420755451095', false, 'C', true);
INSERT INTO public.events (id, organization_id, household_id, author_id, type, title, payload, occurred_at) VALUES ('77777777-7777-7777-0033-00000000', 'a0e0a0e0-a0e0-a0e0-a0e0-a0e0a0e0a0e0', '11111111-1111-1111-1111-000000000033', 'f1520cd2-38d3-49fc-a40b-e6c4524983c8', 'phone_call', 'TelefonickĂ˝ kontakt s pÄ›stounem', '{"content":"TelefonickĂ˝ hovor s pÄ›stounem. ProbĂ­rali jsme chovĂˇnĂ­ dÄ›tĂ­ ve Ĺˇkole a plĂˇnovĂˇnĂ­ letnĂ­ch prĂˇzdninovĂ˝ch aktivit.","summary":"TelefonĂˇt ohlednÄ› prĂˇzdnin."}'::jsonb, '2026-04-10 22:32:45+02');

-- DomĂˇcnost 35: Petr KrĂˇl (FF-546-RXT)
INSERT INTO public.households (id, organization_id, branch_id, assigned_ko_id, foster_id, status, notes) VALUES ('11111111-1111-1111-1111-000000000034', 'a0e0a0e0-a0e0-a0e0-a0e0-a0e0a0e0a0e0', 'b0b0b0b0-b0b0-b0b0-b0b0-b0b0b0b0b0b0', 'f1520cd2-38d3-49fc-a40b-e6c4524983c8', 'FF-546-RXT', 'active', 'PÄ›stounskĂˇ rodina: Petr KrĂˇl. DoprovĂˇzĂ­ Anna MĂˇlkovĂˇ.');
INSERT INTO public.persons (id, organization_id, household_id, role, first_name, last_name, birth_date, custom_fields, is_active) VALUES ('22222222-2222-2222-2222-000000000034', 'a0e0a0e0-a0e0-a0e0-a0e0-a0e0a0e0a0e0', '11111111-1111-1111-1111-000000000034', 'foster_parent', 'Petr', 'KrĂˇl', '1983-12-11', '{"profession":"StavebnĂ­ inĹľenĂ˝r","foster_care_type":"A","avatar_url":"https://images.unsplash.com/photo-1507003211169-0a1dd7228f2d?w=150"}'::jsonb, true);
INSERT INTO public.person_addresses (id, person_id, type, street, city, zip, from_date) VALUES ('33333333-3333-3333-3333-000000000034', '22222222-2222-2222-2222-000000000034', 'actual', 'Merhautova 9', 'Brno', '141 30', '2020-01-01');
INSERT INTO public.persons (id, organization_id, household_id, role, first_name, last_name, birth_date, custom_fields, gdpr_consent_signed, safety_rating, is_active) VALUES ('44444444-4444-4444-0034-00000000', 'a0e0a0e0-a0e0-a0e0-a0e0-a0e0a0e0a0e0', '11111111-1111-1111-1111-000000000034', 'child', 'Lenka', 'SedlĂˇÄŤkovĂˇ', '2020-03-09', '{"foster_care_type":"A","avatar_url":"https://images.unsplash.com/photo-1534528741775-53994a69daeb?w=150","hobby":"PlavĂˇnĂ­","school":"ZĹ  Merhautova Brno"}'::jsonb, true, 'A', true);
INSERT INTO public.persons (id, organization_id, household_id, role, first_name, last_name, birth_date, custom_fields, gdpr_consent_signed, safety_rating, is_active) VALUES ('55555555-5555-5555-0034-00000000', 'a0e0a0e0-a0e0-a0e0-a0e0-a0e0a0e0a0e0', '11111111-1111-1111-1111-000000000034', 'social_contact', 'LukĂˇĹˇ', 'KrĂˇl', '2012-02-23', '{"avatar_url":"https://images.unsplash.com/photo-1506794778202-cad84cf45f1d?w=150","relationship_to_child":"BiologickĂ˝ syn"}'::jsonb, true, 'N', true);
INSERT INTO public.persons (id, organization_id, household_id, role, first_name, last_name, birth_date, custom_fields, gdpr_consent_signed, safety_rating, is_active) VALUES ('55555555-5555-5555-0034-00000001', 'a0e0a0e0-a0e0-a0e0-a0e0-a0e0a0e0a0e0', '11111111-1111-1111-1111-000000000034', 'social_contact', 'EliĹˇka', 'KrĂˇl', '2015-10-10', '{"avatar_url":"https://images.unsplash.com/photo-1494790108377-be9c29b29330?w=150","relationship_to_child":"BiologickĂˇ dcera"}'::jsonb, true, 'N', true);
INSERT INTO public.persons (id, organization_id, household_id, role, first_name, last_name, birth_number, phone, gdpr_consent_signed, safety_rating, is_active) VALUES ('66666666-6666-6666-6666-000000000034', 'a0e0a0e0-a0e0-a0e0-a0e0-a0e0a0e0a0e0', '11111111-1111-1111-1111-000000000034', 'bio_parent', 'Hana', 'KuÄŤerovĂˇ', '930412/3305', '+420651981640', false, 'B', true);
INSERT INTO public.events (id, organization_id, household_id, author_id, type, title, payload, occurred_at) VALUES ('77777777-7777-7777-0034-00000000', 'a0e0a0e0-a0e0-a0e0-a0e0-a0e0a0e0a0e0', '11111111-1111-1111-1111-000000000034', 'f1520cd2-38d3-49fc-a40b-e6c4524983c8', 'crisis_event', 'Incident / PoruĹˇenĂ­ pravidel', '{"content":"HlĂˇĹˇen drobnĂ˝ incident v rodinÄ›: neshody ve Ĺˇkole ohlednÄ› prospÄ›chu. KlĂ­ÄŤovĂˇ osoba naplĂˇnovala spoleÄŤnĂ© jednĂˇnĂ­ s tĹ™Ă­dnĂ­m uÄŤitelem.","summary":"ĹeĹˇenĂ­ studijnĂ­ch problĂ©mĹŻ."}'::jsonb, '2026-03-22 22:32:45+02');
INSERT INTO public.events (id, organization_id, household_id, author_id, type, title, payload, occurred_at) VALUES ('77777777-7777-7777-0034-00000001', 'a0e0a0e0-a0e0-a0e0-a0e0-a0e0a0e0a0e0', '11111111-1111-1111-1111-000000000034', 'f1520cd2-38d3-49fc-a40b-e6c4524983c8', 'phone_call', 'TelefonickĂ˝ kontakt s pÄ›stounem', '{"content":"TelefonickĂ˝ hovor s pÄ›stounem. ProbĂ­rali jsme chovĂˇnĂ­ dÄ›tĂ­ ve Ĺˇkole a plĂˇnovĂˇnĂ­ letnĂ­ch prĂˇzdninovĂ˝ch aktivit.","summary":"TelefonĂˇt ohlednÄ› prĂˇzdnin."}'::jsonb, '2026-05-17 22:32:45+02');

-- DomĂˇcnost 36: Lenka JelĂ­nkovĂˇ (FF-361-TTZ)
INSERT INTO public.households (id, organization_id, branch_id, assigned_ko_id, foster_id, status, notes) VALUES ('11111111-1111-1111-1111-000000000035', 'a0e0a0e0-a0e0-a0e0-a0e0-a0e0a0e0a0e0', 'b0b0b0b0-b0b0-b0b0-b0b0-b0b0b0b0b0b0', 'f1520cd2-38d3-49fc-a40b-e6c4524983c8', 'FF-361-TTZ', 'active', 'PÄ›stounskĂˇ rodina: Lenka JelĂ­nkovĂˇ. DoprovĂˇzĂ­ Anna MĂˇlkovĂˇ.');
INSERT INTO public.persons (id, organization_id, household_id, role, first_name, last_name, birth_date, custom_fields, is_active) VALUES ('22222222-2222-2222-2222-000000000035', 'a0e0a0e0-a0e0-a0e0-a0e0-a0e0a0e0a0e0', '11111111-1111-1111-1111-000000000035', 'foster_parent', 'Lenka', 'JelĂ­nkovĂˇ', '1965-03-08', '{"profession":"UÄŤitel","foster_care_type":"C","avatar_url":"https://images.unsplash.com/photo-1494790108377-be9c29b29330?w=150","relationship_to_child":"teta"}'::jsonb, true);
INSERT INTO public.person_addresses (id, person_id, type, street, city, zip, from_date) VALUES ('33333333-3333-3333-3333-000000000035', '22222222-2222-2222-2222-000000000035', 'actual', 'Ĺ kolnĂ­ 140', 'KuĹ™im', '307 34', '2020-01-01');
INSERT INTO public.persons (id, organization_id, household_id, role, first_name, last_name, birth_date, custom_fields, gdpr_consent_signed, safety_rating, is_active) VALUES ('44444444-4444-4444-0035-00000000', 'a0e0a0e0-a0e0-a0e0-a0e0-a0e0a0e0a0e0', '11111111-1111-1111-1111-000000000035', 'child', 'Veronika', 'PokornĂˇ', '2014-02-23', '{"relationship_to_foster_parent":"neteĹ™","foster_care_type":"C","avatar_url":"https://images.unsplash.com/photo-1494790108377-be9c29b29330?w=150","hobby":"TaneÄŤnĂ­ krouĹľek","school":"ZĹ  KĹ™Ă­dlovickĂˇ Brno"}'::jsonb, true, 'B', true);
INSERT INTO public.persons (id, organization_id, household_id, role, first_name, last_name, birth_date, custom_fields, gdpr_consent_signed, safety_rating, is_active) VALUES ('44444444-4444-4444-0035-00000001', 'a0e0a0e0-a0e0-a0e0-a0e0-a0e0a0e0a0e0', '11111111-1111-1111-1111-000000000035', 'child', 'Alena', 'FialovĂˇ', '2020-09-03', '{"relationship_to_foster_parent":"neteĹ™","foster_care_type":"C","avatar_url":"https://images.unsplash.com/photo-1494790108377-be9c29b29330?w=150","hobby":"Keramika","school":"GymnĂˇzium Elgartova Brno"}'::jsonb, true, 'B', true);
INSERT INTO public.persons (id, organization_id, household_id, role, first_name, last_name, birth_date, custom_fields, gdpr_consent_signed, safety_rating, is_active) VALUES ('55555555-5555-5555-0035-00000000', 'a0e0a0e0-a0e0-a0e0-a0e0-a0e0a0e0a0e0', '11111111-1111-1111-1111-000000000035', 'social_contact', 'KateĹ™ina', 'JelĂ­nkovĂˇ', '2013-04-14', '{"avatar_url":"https://images.unsplash.com/photo-1544005313-94ddf0286df2?w=150","relationship_to_child":"BiologickĂˇ dcera"}'::jsonb, true, 'N', true);
INSERT INTO public.persons (id, organization_id, household_id, role, first_name, last_name, birth_date, custom_fields, gdpr_consent_signed, safety_rating, is_active) VALUES ('55555555-5555-5555-0035-00000001', 'a0e0a0e0-a0e0-a0e0-a0e0-a0e0a0e0a0e0', '11111111-1111-1111-1111-000000000035', 'social_contact', 'LukĂˇĹˇ', 'JelĂ­nkovĂˇ', '2012-12-24', '{"avatar_url":"https://images.unsplash.com/photo-1506794778202-cad84cf45f1d?w=150","relationship_to_child":"BiologickĂ˝ syn"}'::jsonb, true, 'N', true);
INSERT INTO public.persons (id, organization_id, household_id, role, first_name, last_name, birth_date, custom_fields, gdpr_consent_signed, safety_rating, is_active) VALUES ('55555555-5555-5555-0035-00000002', 'a0e0a0e0-a0e0-a0e0-a0e0-a0e0a0e0a0e0', '11111111-1111-1111-1111-000000000035', 'social_contact', 'Martin', 'JelĂ­nkovĂˇ', '2018-08-16', '{"avatar_url":"https://images.unsplash.com/photo-1501196354995-cbb51c65aaea?w=150","relationship_to_child":"BiologickĂ˝ syn"}'::jsonb, true, 'N', true);
INSERT INTO public.persons (id, organization_id, household_id, role, first_name, last_name, birth_number, phone, gdpr_consent_signed, safety_rating, is_active) VALUES ('66666666-6666-6666-6666-000000000035', 'a0e0a0e0-a0e0-a0e0-a0e0-a0e0a0e0a0e0', '11111111-1111-1111-1111-000000000035', 'bio_parent', 'EliĹˇka', 'SedlĂˇÄŤkovĂˇ', '740922/5549', '+420730758267', false, 'B', true);
INSERT INTO public.events (id, organization_id, household_id, author_id, type, title, payload, occurred_at) VALUES ('77777777-7777-7777-0035-00000000', 'a0e0a0e0-a0e0-a0e0-a0e0-a0e0a0e0a0e0', '11111111-1111-1111-1111-000000000035', 'f1520cd2-38d3-49fc-a40b-e6c4524983c8', 'crisis_event', 'Incident / PoruĹˇenĂ­ pravidel', '{"content":"HlĂˇĹˇen drobnĂ˝ incident v rodinÄ›: neshody ve Ĺˇkole ohlednÄ› prospÄ›chu. KlĂ­ÄŤovĂˇ osoba naplĂˇnovala spoleÄŤnĂ© jednĂˇnĂ­ s tĹ™Ă­dnĂ­m uÄŤitelem.","summary":"ĹeĹˇenĂ­ studijnĂ­ch problĂ©mĹŻ."}'::jsonb, '2026-06-04 22:32:45+02');
INSERT INTO public.events (id, organization_id, household_id, author_id, type, title, payload, occurred_at) VALUES ('77777777-7777-7777-0035-00000001', 'a0e0a0e0-a0e0-a0e0-a0e0-a0e0a0e0a0e0', '11111111-1111-1111-1111-000000000035', 'f1520cd2-38d3-49fc-a40b-e6c4524983c8', 'phone_call', 'TelefonickĂ˝ kontakt s pÄ›stounem', '{"content":"TelefonickĂ˝ hovor s pÄ›stounem. ProbĂ­rali jsme chovĂˇnĂ­ dÄ›tĂ­ ve Ĺˇkole a plĂˇnovĂˇnĂ­ letnĂ­ch prĂˇzdninovĂ˝ch aktivit.","summary":"TelefonĂˇt ohlednÄ› prĂˇzdnin."}'::jsonb, '2026-04-18 22:32:45+02');

-- DomĂˇcnost 37: Radim KrĂˇl (FF-421-FAR)
INSERT INTO public.households (id, organization_id, branch_id, assigned_ko_id, foster_id, status, notes) VALUES ('11111111-1111-1111-1111-000000000036', 'a0e0a0e0-a0e0-a0e0-a0e0-a0e0a0e0a0e0', 'b0b0b0b0-b0b0-b0b0-b0b0-b0b0b0b0b0b0', 'f1520cd2-38d3-49fc-a40b-e6c4524983c8', 'FF-421-FAR', 'active', 'PÄ›stounskĂˇ rodina: Radim KrĂˇl. DoprovĂˇzĂ­ Anna MĂˇlkovĂˇ.');
INSERT INTO public.persons (id, organization_id, household_id, role, first_name, last_name, birth_date, custom_fields, is_active) VALUES ('22222222-2222-2222-2222-000000000036', 'a0e0a0e0-a0e0-a0e0-a0e0-a0e0a0e0a0e0', '11111111-1111-1111-1111-000000000036', 'foster_parent', 'Radim', 'KrĂˇl', '1984-09-01', '{"profession":"ĂšÄŤetnĂ­","foster_care_type":"C","avatar_url":"https://images.unsplash.com/photo-1506794778202-cad84cf45f1d?w=150","relationship_to_child":"strĂ˝c"}'::jsonb, true);
INSERT INTO public.person_addresses (id, person_id, type, street, city, zip, from_date) VALUES ('33333333-3333-3333-3333-000000000036', '22222222-2222-2222-2222-000000000036', 'actual', 'KoneÄŤnĂ©ho nĂˇmÄ›stĂ­ 103', 'Brno', '603 90', '2020-01-01');
INSERT INTO public.persons (id, organization_id, household_id, role, first_name, last_name, birth_date, custom_fields, gdpr_consent_signed, safety_rating, is_active) VALUES ('44444444-4444-4444-0036-00000000', 'a0e0a0e0-a0e0-a0e0-a0e0-a0e0a0e0a0e0', '11111111-1111-1111-1111-000000000036', 'child', 'FrantiĹˇek', 'Zeman', '2017-11-10', '{"relationship_to_foster_parent":"synovec","foster_care_type":"C","avatar_url":"https://images.unsplash.com/photo-1519085360753-af0119f7cbe7?w=150","hobby":"Cyklistika","school":"ZĹ  Ĺ kolnĂ­ Hostomice"}'::jsonb, true, 'C', true);
INSERT INTO public.persons (id, organization_id, household_id, role, first_name, last_name, birth_date, custom_fields, gdpr_consent_signed, safety_rating, is_active) VALUES ('55555555-5555-5555-0036-00000000', 'a0e0a0e0-a0e0-a0e0-a0e0-a0e0a0e0a0e0', '11111111-1111-1111-1111-000000000036', 'social_contact', 'Michaela', 'KrĂˇl', '2016-04-17', '{"avatar_url":"https://images.unsplash.com/photo-1517841905240-472988babdf9?w=150","relationship_to_child":"BiologickĂˇ dcera"}'::jsonb, true, 'N', true);
INSERT INTO public.persons (id, organization_id, household_id, role, first_name, last_name, birth_date, custom_fields, gdpr_consent_signed, safety_rating, is_active) VALUES ('55555555-5555-5555-0036-00000001', 'a0e0a0e0-a0e0-a0e0-a0e0-a0e0a0e0a0e0', '11111111-1111-1111-1111-000000000036', 'social_contact', 'Lenka', 'KrĂˇl', '2007-12-05', '{"avatar_url":"https://images.unsplash.com/photo-1534528741775-53994a69daeb?w=150","relationship_to_child":"BiologickĂˇ dcera"}'::jsonb, true, 'N', true);
INSERT INTO public.persons (id, organization_id, household_id, role, first_name, last_name, birth_number, phone, gdpr_consent_signed, safety_rating, is_active) VALUES ('66666666-6666-6666-6666-000000000036', 'a0e0a0e0-a0e0-a0e0-a0e0-a0e0a0e0a0e0', '11111111-1111-1111-1111-000000000036', 'bio_parent', 'FrantiĹˇek', 'KuÄŤera', '761217/4497', '+420652449926', false, 'B', true);
INSERT INTO public.events (id, organization_id, household_id, author_id, type, title, payload, occurred_at) VALUES ('77777777-7777-7777-0036-00000000', 'a0e0a0e0-a0e0-a0e0-a0e0-a0e0a0e0a0e0', '11111111-1111-1111-1111-000000000036', 'f1520cd2-38d3-49fc-a40b-e6c4524983c8', 'regular_visit', 'PravidelnĂˇ pololetnĂ­ nĂˇvĹˇtÄ›va', '{"content":"NĂˇvĹˇtÄ›va v rodinÄ› probÄ›hla v poĹ™Ăˇdku. PÄ›stoun Radim KrĂˇl vzornÄ› spolupracuje, dÄ›ti se rozvĂ­jejĂ­ standardnÄ› podle IPOD.","summary":"PololetnĂ­ nĂˇvĹˇtÄ›va bez zjiĹˇtÄ›nĂ˝ch nedostatkĹŻ."}'::jsonb, '2026-05-24 22:32:45+02');
INSERT INTO public.events (id, organization_id, household_id, author_id, type, title, payload, occurred_at) VALUES ('77777777-7777-7777-0036-00000001', 'a0e0a0e0-a0e0-a0e0-a0e0-a0e0a0e0a0e0', '11111111-1111-1111-1111-000000000036', 'f1520cd2-38d3-49fc-a40b-e6c4524983c8', 'crisis_event', 'Incident / PoruĹˇenĂ­ pravidel', '{"content":"HlĂˇĹˇen drobnĂ˝ incident v rodinÄ›: neshody ve Ĺˇkole ohlednÄ› prospÄ›chu. KlĂ­ÄŤovĂˇ osoba naplĂˇnovala spoleÄŤnĂ© jednĂˇnĂ­ s tĹ™Ă­dnĂ­m uÄŤitelem.","summary":"ĹeĹˇenĂ­ studijnĂ­ch problĂ©mĹŻ."}'::jsonb, '2026-03-30 22:32:45+02');

-- DomĂˇcnost 38: Hana PokornĂˇ (FF-477-WNM)
INSERT INTO public.households (id, organization_id, branch_id, assigned_ko_id, foster_id, status, notes) VALUES ('11111111-1111-1111-1111-000000000037', 'a0e0a0e0-a0e0-a0e0-a0e0-a0e0a0e0a0e0', 'b0b0b0b0-b0b0-b0b0-b0b0-b0b0b0b0b0b0', 'f1520cd2-38d3-49fc-a40b-e6c4524983c8', 'FF-477-WNM', 'active', 'PÄ›stounskĂˇ rodina: Hana PokornĂˇ. DoprovĂˇzĂ­ Anna MĂˇlkovĂˇ.');
INSERT INTO public.persons (id, organization_id, household_id, role, first_name, last_name, birth_date, custom_fields, is_active) VALUES ('22222222-2222-2222-2222-000000000037', 'a0e0a0e0-a0e0-a0e0-a0e0-a0e0a0e0a0e0', '11111111-1111-1111-1111-000000000037', 'foster_parent', 'Hana', 'PokornĂˇ', '1977-09-07', '{"profession":"ĂšÄŤetnĂ­","foster_care_type":"A","avatar_url":"https://images.unsplash.com/photo-1517841905240-472988babdf9?w=150"}'::jsonb, true);
INSERT INTO public.person_addresses (id, person_id, type, street, city, zip, from_date) VALUES ('33333333-3333-3333-3333-000000000037', '22222222-2222-2222-2222-000000000037', 'actual', 'SportovnĂ­ 78', 'Slavkov u Brna', '219 16', '2020-01-01');
INSERT INTO public.persons (id, organization_id, household_id, role, first_name, last_name, birth_date, custom_fields, gdpr_consent_signed, safety_rating, is_active) VALUES ('44444444-4444-4444-0037-00000000', 'a0e0a0e0-a0e0-a0e0-a0e0-a0e0a0e0a0e0', '11111111-1111-1111-1111-000000000037', 'child', 'Barbora', 'JelĂ­nkovĂˇ', '2013-11-20', '{"foster_care_type":"A","avatar_url":"https://images.unsplash.com/photo-1494790108377-be9c29b29330?w=150","hobby":"Fotbal","school":"ZĹ  Ĺ kolnĂ­ Hostomice"}'::jsonb, true, 'A', true);
INSERT INTO public.persons (id, organization_id, household_id, role, first_name, last_name, birth_date, custom_fields, gdpr_consent_signed, safety_rating, is_active) VALUES ('55555555-5555-5555-0037-00000000', 'a0e0a0e0-a0e0-a0e0-a0e0-a0e0a0e0a0e0', '11111111-1111-1111-1111-000000000037', 'social_contact', 'Tereza', 'PokornĂˇ', '2014-07-11', '{"avatar_url":"https://images.unsplash.com/photo-1494790108377-be9c29b29330?w=150","relationship_to_child":"BiologickĂˇ dcera"}'::jsonb, true, 'N', true);
INSERT INTO public.persons (id, organization_id, household_id, role, first_name, last_name, birth_date, custom_fields, gdpr_consent_signed, safety_rating, is_active) VALUES ('55555555-5555-5555-0037-00000001', 'a0e0a0e0-a0e0-a0e0-a0e0-a0e0a0e0a0e0', '11111111-1111-1111-1111-000000000037', 'social_contact', 'Martina', 'PokornĂˇ', '2011-04-19', '{"avatar_url":"https://images.unsplash.com/photo-1534528741775-53994a69daeb?w=150","relationship_to_child":"BiologickĂˇ dcera"}'::jsonb, true, 'N', true);
INSERT INTO public.persons (id, organization_id, household_id, role, first_name, last_name, birth_date, custom_fields, gdpr_consent_signed, safety_rating, is_active) VALUES ('55555555-5555-5555-0037-00000002', 'a0e0a0e0-a0e0-a0e0-a0e0-a0e0a0e0a0e0', '11111111-1111-1111-1111-000000000037', 'social_contact', 'LukĂˇĹˇ', 'PokornĂˇ', '2007-08-08', '{"avatar_url":"https://images.unsplash.com/photo-1506794778202-cad84cf45f1d?w=150","relationship_to_child":"BiologickĂ˝ syn"}'::jsonb, true, 'N', true);
INSERT INTO public.persons (id, organization_id, household_id, role, first_name, last_name, birth_number, phone, gdpr_consent_signed, safety_rating, is_active) VALUES ('66666666-6666-6666-6666-000000000037', 'a0e0a0e0-a0e0-a0e0-a0e0-a0e0a0e0a0e0', '11111111-1111-1111-1111-000000000037', 'bio_parent', 'Radim', 'HorĂˇk', '870114/3341', '+420672763043', false, 'C', true);
INSERT INTO public.events (id, organization_id, household_id, author_id, type, title, payload, occurred_at) VALUES ('77777777-7777-7777-0037-00000000', 'a0e0a0e0-a0e0-a0e0-a0e0-a0e0a0e0a0e0', '11111111-1111-1111-1111-000000000037', 'f1520cd2-38d3-49fc-a40b-e6c4524983c8', 'crisis_event', 'Incident / PoruĹˇenĂ­ pravidel', '{"content":"HlĂˇĹˇen drobnĂ˝ incident v rodinÄ›: neshody ve Ĺˇkole ohlednÄ› prospÄ›chu. KlĂ­ÄŤovĂˇ osoba naplĂˇnovala spoleÄŤnĂ© jednĂˇnĂ­ s tĹ™Ă­dnĂ­m uÄŤitelem.","summary":"ĹeĹˇenĂ­ studijnĂ­ch problĂ©mĹŻ."}'::jsonb, '2026-05-23 22:32:45+02');

-- DomĂˇcnost 39: Marek NÄ›mec (FF-941-HFK)
INSERT INTO public.households (id, organization_id, branch_id, assigned_ko_id, foster_id, status, notes) VALUES ('11111111-1111-1111-1111-000000000038', 'a0e0a0e0-a0e0-a0e0-a0e0-a0e0a0e0a0e0', 'b0b0b0b0-b0b0-b0b0-b0b0-b0b0b0b0b0b0', 'f1520cd2-38d3-49fc-a40b-e6c4524983c8', 'FF-941-HFK', 'active', 'PÄ›stounskĂˇ rodina: Marek NÄ›mec. DoprovĂˇzĂ­ Anna MĂˇlkovĂˇ.');
INSERT INTO public.persons (id, organization_id, household_id, role, first_name, last_name, birth_date, custom_fields, is_active) VALUES ('22222222-2222-2222-2222-000000000038', 'a0e0a0e0-a0e0-a0e0-a0e0-a0e0a0e0a0e0', '11111111-1111-1111-1111-000000000038', 'foster_parent', 'Marek', 'NÄ›mec', '1976-10-20', '{"profession":"ZahradnĂ­k","foster_care_type":"C","avatar_url":"https://images.unsplash.com/photo-1506794778202-cad84cf45f1d?w=150","relationship_to_child":"strĂ˝c"}'::jsonb, true);
INSERT INTO public.person_addresses (id, person_id, type, street, city, zip, from_date) VALUES ('33333333-3333-3333-3333-000000000038', '22222222-2222-2222-2222-000000000038', 'actual', 'Ĺ kolnĂ­ 43', 'TiĹˇnov', '782 59', '2020-01-01');
INSERT INTO public.persons (id, organization_id, household_id, role, first_name, last_name, birth_date, custom_fields, gdpr_consent_signed, safety_rating, is_active) VALUES ('44444444-4444-4444-0038-00000000', 'a0e0a0e0-a0e0-a0e0-a0e0-a0e0a0e0a0e0', '11111111-1111-1111-1111-000000000038', 'child', 'AleĹˇ', 'RĹŻĹľiÄŤka', '2017-12-25', '{"relationship_to_foster_parent":"synovec","foster_care_type":"C","avatar_url":"https://images.unsplash.com/photo-1501196354995-cbb51c65aaea?w=150","hobby":"TaneÄŤnĂ­ krouĹľek","school":"ZĹ  Ĺ kolnĂ­ Hostomice"}'::jsonb, true, 'B', true);
INSERT INTO public.persons (id, organization_id, household_id, role, first_name, last_name, birth_date, custom_fields, gdpr_consent_signed, safety_rating, is_active) VALUES ('44444444-4444-4444-0038-00000001', 'a0e0a0e0-a0e0-a0e0-a0e0-a0e0a0e0a0e0', '11111111-1111-1111-1111-000000000038', 'child', 'AleĹˇ', 'Marek', '2013-03-01', '{"relationship_to_foster_parent":"synovec","foster_care_type":"C","avatar_url":"https://images.unsplash.com/photo-1519085360753-af0119f7cbe7?w=150","hobby":"Florbal","school":"ZĹ  Ăšvoz Brno"}'::jsonb, true, 'C', true);
INSERT INTO public.persons (id, organization_id, household_id, role, first_name, last_name, birth_date, custom_fields, gdpr_consent_signed, safety_rating, is_active) VALUES ('55555555-5555-5555-0038-00000000', 'a0e0a0e0-a0e0-a0e0-a0e0-a0e0a0e0a0e0', '11111111-1111-1111-1111-000000000038', 'social_contact', 'JiĹ™Ă­', 'NÄ›mec', '2010-05-07', '{"avatar_url":"https://images.unsplash.com/photo-1507003211169-0a1dd7228f2d?w=150","relationship_to_child":"BiologickĂ˝ syn"}'::jsonb, true, 'N', true);
INSERT INTO public.persons (id, organization_id, household_id, role, first_name, last_name, birth_number, phone, gdpr_consent_signed, safety_rating, is_active) VALUES ('66666666-6666-6666-6666-000000000038', 'a0e0a0e0-a0e0-a0e0-a0e0-a0e0a0e0a0e0', '11111111-1111-1111-1111-000000000038', 'bio_parent', 'Petra', 'VeselĂˇ', '960906/3430', '+420748131655', true, 'Z', true);
INSERT INTO public.events (id, organization_id, household_id, author_id, type, title, payload, occurred_at) VALUES ('77777777-7777-7777-0038-00000000', 'a0e0a0e0-a0e0-a0e0-a0e0-a0e0a0e0a0e0', '11111111-1111-1111-1111-000000000038', 'f1520cd2-38d3-49fc-a40b-e6c4524983c8', 'crisis_event', 'Pokus o kontakt biologickĂ©ho otce', '{"content":"BiologickĂ˝ rodiÄŤ Petra VeselĂˇ se pokusil kontaktovat dĂ­tÄ› navzdory soudnĂ­Ĺˇemu zĂˇkazu styku. PÄ›stoun okamĹľitÄ› kontaktoval naĹˇi klĂ­ÄŤovou osobu. Incident hlĂˇĹˇen na OSPOD.","summary":"PoruĹˇenĂ­ zĂˇkazu styku biologickĂ˝m rodiÄŤem."}'::jsonb, '2026-04-25 22:32:45+02');

-- DomĂˇcnost 40: Barbora DvoĹ™ĂˇkovĂˇ (FF-265-RCQ)
INSERT INTO public.households (id, organization_id, branch_id, assigned_ko_id, foster_id, status, notes) VALUES ('11111111-1111-1111-1111-000000000039', 'a0e0a0e0-a0e0-a0e0-a0e0-a0e0a0e0a0e0', 'b0b0b0b0-b0b0-b0b0-b0b0-b0b0b0b0b0b0', 'f1520cd2-38d3-49fc-a40b-e6c4524983c8', 'FF-265-RCQ', 'active', 'PÄ›stounskĂˇ rodina: Barbora DvoĹ™ĂˇkovĂˇ. DoprovĂˇzĂ­ Anna MĂˇlkovĂˇ.');
INSERT INTO public.persons (id, organization_id, household_id, role, first_name, last_name, birth_date, custom_fields, is_active) VALUES ('22222222-2222-2222-2222-000000000039', 'a0e0a0e0-a0e0-a0e0-a0e0-a0e0a0e0a0e0', '11111111-1111-1111-1111-000000000039', 'foster_parent', 'Barbora', 'DvoĹ™ĂˇkovĂˇ', '1981-10-08', '{"profession":"IT specialista","foster_care_type":"B","avatar_url":"https://images.unsplash.com/photo-1544005313-94ddf0286df2?w=150"}'::jsonb, true);
INSERT INTO public.person_addresses (id, person_id, type, street, city, zip, from_date) VALUES ('33333333-3333-3333-3333-000000000039', '22222222-2222-2222-2222-000000000039', 'actual', 'Husova 45', 'ModĹ™ice', '655 21', '2020-01-01');
INSERT INTO public.persons (id, organization_id, household_id, role, first_name, last_name, birth_date, custom_fields, gdpr_consent_signed, safety_rating, is_active) VALUES ('44444444-4444-4444-0039-00000000', 'a0e0a0e0-a0e0-a0e0-a0e0-a0e0a0e0a0e0', '11111111-1111-1111-1111-000000000039', 'child', 'LukĂˇĹˇ', 'RĹŻĹľiÄŤka', '2012-01-08', '{"foster_care_type":"B","avatar_url":"https://images.unsplash.com/photo-1507003211169-0a1dd7228f2d?w=150","hobby":"PlavĂˇnĂ­","school":"GymnĂˇzium Elgartova Brno"}'::jsonb, true, 'A', true);
INSERT INTO public.persons (id, organization_id, household_id, role, first_name, last_name, birth_date, custom_fields, gdpr_consent_signed, safety_rating, is_active) VALUES ('44444444-4444-4444-0039-00000001', 'a0e0a0e0-a0e0-a0e0-a0e0-a0e0a0e0a0e0', '11111111-1111-1111-1111-000000000039', 'child', 'JiĹ™Ă­', 'Fiala', '2020-02-15', '{"foster_care_type":"B","avatar_url":"https://images.unsplash.com/photo-1507003211169-0a1dd7228f2d?w=150","hobby":"ModelĂˇĹ™stvĂ­","school":"ZĹ  NĂˇdraĹľnĂ­ VyĹˇkov"}'::jsonb, true, 'A', true);
INSERT INTO public.persons (id, organization_id, household_id, role, first_name, last_name, birth_date, custom_fields, gdpr_consent_signed, safety_rating, is_active) VALUES ('55555555-5555-5555-0039-00000000', 'a0e0a0e0-a0e0-a0e0-a0e0-a0e0a0e0a0e0', '11111111-1111-1111-1111-000000000039', 'social_contact', 'AleĹˇ', 'DvoĹ™ĂˇkovĂˇ', '2015-01-20', '{"avatar_url":"https://images.unsplash.com/photo-1500648767791-00dcc994a43e?w=150","relationship_to_child":"BiologickĂ˝ syn"}'::jsonb, true, 'N', true);
INSERT INTO public.persons (id, organization_id, household_id, role, first_name, last_name, birth_number, phone, gdpr_consent_signed, safety_rating, is_active) VALUES ('66666666-6666-6666-6666-000000000039', 'a0e0a0e0-a0e0-a0e0-a0e0-a0e0a0e0a0e0', '11111111-1111-1111-1111-000000000039', 'bio_parent', 'Veronika', 'NovotnĂˇ', '921002/4719', '+420744449177', false, 'Z', true);
INSERT INTO public.events (id, organization_id, household_id, author_id, type, title, payload, occurred_at) VALUES ('77777777-7777-7777-0039-00000000', 'a0e0a0e0-a0e0-a0e0-a0e0-a0e0a0e0a0e0', '11111111-1111-1111-1111-000000000039', 'f1520cd2-38d3-49fc-a40b-e6c4524983c8', 'crisis_event', 'Pokus o kontakt biologickĂ©ho otce', '{"content":"BiologickĂ˝ rodiÄŤ Veronika NovotnĂˇ se pokusil kontaktovat dĂ­tÄ› navzdory soudnĂ­Ĺˇemu zĂˇkazu styku. PÄ›stoun okamĹľitÄ› kontaktoval naĹˇi klĂ­ÄŤovou osobu. Incident hlĂˇĹˇen na OSPOD.","summary":"PoruĹˇenĂ­ zĂˇkazu styku biologickĂ˝m rodiÄŤem."}'::jsonb, '2026-06-01 22:32:45+02');
INSERT INTO public.events (id, organization_id, household_id, author_id, type, title, payload, occurred_at) VALUES ('77777777-7777-7777-0039-00000001', 'a0e0a0e0-a0e0-a0e0-a0e0-a0e0a0e0a0e0', '11111111-1111-1111-1111-000000000039', 'f1520cd2-38d3-49fc-a40b-e6c4524983c8', 'crisis_event', 'Pokus o kontakt biologickĂ©ho otce', '{"content":"BiologickĂ˝ rodiÄŤ Veronika NovotnĂˇ se pokusil kontaktovat dĂ­tÄ› navzdory soudnĂ­Ĺˇemu zĂˇkazu styku. PÄ›stoun okamĹľitÄ› kontaktoval naĹˇi klĂ­ÄŤovou osobu. Incident hlĂˇĹˇen na OSPOD.","summary":"PoruĹˇenĂ­ zĂˇkazu styku biologickĂ˝m rodiÄŤem."}'::jsonb, '2026-05-13 22:32:45+02');

