-- Supabase Migration: TestovacĂ­ data (Seed data - 20 domĂˇcnostĂ­)
-- Cesta: moje_doprovazeni_com/supabase/migrations/20260617000100_seed_data.sql

TRUNCATE public.person_physiological_metrics, public.person_documents, public.person_education, public.person_addresses, public.events, public.persons, public.households, public.profiles, public.branches, public.organizations CASCADE;

-- ==========================================
-- 1. ZALOĹ˝ENĂŤ TESTOVACĂŤ ORGANIZACE A POBOÄŚKY
-- ==========================================

INSERT INTO public.organizations (id, name, slug, primary_color, secondary_color, subscription_tier) VALUES ('a0e0a0e0-a0e0-a0e0-a0e0-a0e0a0e0a0e0', 'DoprovĂˇzenĂ­ s.r.o.', 'doprovazeni', '#6366f1', '#0f172a', 'pro');
INSERT INTO public.branches (id, organization_id, name, address) VALUES ('b0b0b0b0-b0b0-b0b0-b0b0-b0b0b0b0b0b0', 'a0e0a0e0-a0e0-a0e0-a0e0-a0e0a0e0a0e0', 'PoboÄŤka Brno-mÄ›sto', 'ĂšdolnĂ­ 250/5, 602 00 Brno');

-- ==========================================
-- 2. ZALOĹ˝ENĂŤ UĹ˝IVATELSKĂťCH PROFILĹ®
-- ==========================================

INSERT INTO public.profiles (id, organization_id, branch_id, email, first_name, last_name, role, is_active) VALUES ('f1520cd2-38d3-49fc-a40b-e6c4524983c8', 'a0e0a0e0-a0e0-a0e0-a0e0-a0e0a0e0a0e0', 'b0b0b0b0-b0b0-b0b0-b0b0-b0b0b0b0b0b0', 'petr.homolka@gmail.com', 'Petr', 'Homolka', 'superadmin', true);
INSERT INTO public.profiles (id, organization_id, branch_id, email, first_name, last_name, role, is_active) VALUES ('aecbcd51-1ae6-48b3-b641-a5c639b46fe6', 'a0e0a0e0-a0e0-a0e0-a0e0-a0e0a0e0a0e0', 'b0b0b0b0-b0b0-b0b0-b0b0-b0b0b0b0b0b0', 'test@doprovazeni.com', 'Test', 'PracovnĂ­k', 'worker', true);

-- ==========================================
-- 3. ZALOĹ˝ENĂŤ DOMĂCNOSTĂŤ A OSOB (40 rodin)
-- ==========================================

-- DomĂˇcnost 1: Jan NovĂˇk (FF-209-YFZ)
INSERT INTO public.households (id, organization_id, branch_id, assigned_ko_id, foster_id, status, notes) VALUES ('11111111-1111-1111-1111-000000000000', 'a0e0a0e0-a0e0-a0e0-a0e0-a0e0a0e0a0e0', 'b0b0b0b0-b0b0-b0b0-b0b0-b0b0b0b0b0b0', 'aecbcd51-1ae6-48b3-b641-a5c639b46fe6', 'FF-209-YFZ', 'active', 'PÄ›stounskĂˇ rodina: Jan NovĂˇk. DoprovĂˇzĂ­ Anna MĂˇlkovĂˇ.');
INSERT INTO public.persons (id, organization_id, household_id, role, first_name, last_name, birth_date, custom_fields, is_active) VALUES ('22222222-2222-2222-2222-000000000000', 'a0e0a0e0-a0e0-a0e0-a0e0-a0e0a0e0a0e0', '11111111-1111-1111-1111-000000000000', 'foster_parent', 'Jan', 'NovĂˇk', '1965-11-16', '{"profession":"ZahradnĂ­k","foster_care_type":"A","avatar_url":"https://images.unsplash.com/photo-1500648767791-00dcc994a43e?w=150"}'::jsonb, true);
INSERT INTO public.person_addresses (id, person_id, type, street, city, zip, from_date) VALUES ('33333333-3333-3333-3333-000000000000', '22222222-2222-2222-2222-000000000000', 'actual', 'KoneÄŤnĂ©ho nĂˇmÄ›stĂ­ 4', 'Brno', '611 25', '2020-01-01');
INSERT INTO public.persons (id, organization_id, household_id, role, first_name, last_name, birth_date, custom_fields, gdpr_consent_signed, safety_rating, is_active) VALUES ('44444444-4444-4444-0000-000000000000', 'a0e0a0e0-a0e0-a0e0-a0e0-a0e0a0e0a0e0', '11111111-1111-1111-1111-000000000000', 'child', 'LukĂˇĹˇ', 'KolĂˇĹ™', '2014-11-10', '{"foster_care_type":"A","avatar_url":"https://images.unsplash.com/photo-1501196354995-cbb51c65aaea?w=150","hobby":"Skaut","school":"ZĹ  Ĺ kolnĂ­ Hostomice"}'::jsonb, true, 'A', true);
INSERT INTO public.persons (id, organization_id, household_id, role, first_name, last_name, birth_date, custom_fields, gdpr_consent_signed, safety_rating, is_active) VALUES ('44444444-4444-4444-0000-000000000001', 'a0e0a0e0-a0e0-a0e0-a0e0-a0e0a0e0a0e0', '11111111-1111-1111-1111-000000000000', 'child', 'Marie', 'KuÄŤerovĂˇ', '2012-08-20', '{"foster_care_type":"A","avatar_url":"https://images.unsplash.com/photo-1534528741775-53994a69daeb?w=150","hobby":"Fotbal","school":"ZĹ  Ăšvoz Brno"}'::jsonb, true, 'A', true);
INSERT INTO public.persons (id, organization_id, household_id, role, first_name, last_name, birth_date, custom_fields, gdpr_consent_signed, safety_rating, is_active) VALUES ('55555555-5555-5555-0000-000000000000', 'a0e0a0e0-a0e0-a0e0-a0e0-a0e0a0e0a0e0', '11111111-1111-1111-1111-000000000000', 'social_contact', 'TomĂˇĹˇ', 'NovĂˇk', '2014-11-18', '{"avatar_url":"https://images.unsplash.com/photo-1492562080023-ab3db95bfbce?w=150","relationship_to_child":"BiologickĂ˝ syn"}'::jsonb, true, 'N', true);
INSERT INTO public.persons (id, organization_id, household_id, role, first_name, last_name, birth_number, phone, gdpr_consent_signed, safety_rating, is_active) VALUES ('66666666-6666-6666-6666-000000000000', 'a0e0a0e0-a0e0-a0e0-a0e0-a0e0a0e0a0e0', '11111111-1111-1111-1111-000000000000', 'bio_parent', 'Jan', 'NovĂˇk', '821018/9648', '+420761218090', false, 'B', true);
INSERT INTO public.events (id, organization_id, household_id, author_id, type, title, payload, occurred_at) VALUES ('77777777-7777-7777-0000-000000000000', 'a0e0a0e0-a0e0-a0e0-a0e0-a0e0a0e0a0e0', '11111111-1111-1111-1111-000000000000', 'aecbcd51-1ae6-48b3-b641-a5c639b46fe6', 'crisis_event', 'Incident / PoruĹˇenĂ­ pravidel', '{"content":"HlĂˇĹˇen drobnĂ˝ incident v rodinÄ›: neshody ve Ĺˇkole ohlednÄ› prospÄ›chu. KlĂ­ÄŤovĂˇ osoba naplĂˇnovala spoleÄŤnĂ© jednĂˇnĂ­ s tĹ™Ă­dnĂ­m uÄŤitelem.","summary":"ĹeĹˇenĂ­ studijnĂ­ch problĂ©mĹŻ."}'::jsonb, '2026-05-22 22:34:49+02');

-- DomĂˇcnost 2: Jan NovĂˇk (FF-203-FLL)
INSERT INTO public.households (id, organization_id, branch_id, assigned_ko_id, foster_id, status, notes) VALUES ('11111111-1111-1111-1111-000000000001', 'a0e0a0e0-a0e0-a0e0-a0e0-a0e0a0e0a0e0', 'b0b0b0b0-b0b0-b0b0-b0b0-b0b0b0b0b0b0', 'aecbcd51-1ae6-48b3-b641-a5c639b46fe6', 'FF-203-FLL', 'active', 'PÄ›stounskĂˇ rodina: Jan NovĂˇk. DoprovĂˇzĂ­ Anna MĂˇlkovĂˇ.');
INSERT INTO public.persons (id, organization_id, household_id, role, first_name, last_name, birth_date, custom_fields, is_active) VALUES ('22222222-2222-2222-2222-000000000001', 'a0e0a0e0-a0e0-a0e0-a0e0-a0e0a0e0a0e0', '11111111-1111-1111-1111-000000000001', 'foster_parent', 'Jan', 'NovĂˇk', '1970-11-08', '{"profession":"SociĂˇlnĂ­ pracovnĂ­k","foster_care_type":"C","avatar_url":"https://images.unsplash.com/photo-1500648767791-00dcc994a43e?w=150","relationship_to_child":"dÄ›deÄŤek"}'::jsonb, true);
INSERT INTO public.person_addresses (id, person_id, type, street, city, zip, from_date) VALUES ('33333333-3333-3333-3333-000000000001', '22222222-2222-2222-2222-000000000001', 'actual', 'Ĺ kolnĂ­ 13', 'Hostomice', '262 32', '2020-01-01');
INSERT INTO public.persons (id, organization_id, household_id, role, first_name, last_name, birth_date, custom_fields, gdpr_consent_signed, safety_rating, is_active) VALUES ('44444444-4444-4444-0001-000000000000', 'a0e0a0e0-a0e0-a0e0-a0e0-a0e0a0e0a0e0', '11111111-1111-1111-1111-000000000001', 'child', 'Hana', 'RĹŻĹľiÄŤkovĂˇ', '2019-04-14', '{"relationship_to_foster_parent":"vnuÄŤka","foster_care_type":"C","avatar_url":"https://images.unsplash.com/photo-1488426862026-3ee34a7d66df?w=150","hobby":"Keramika","school":"ZĹ  NĂˇdraĹľnĂ­ VyĹˇkov"}'::jsonb, true, 'C', true);
INSERT INTO public.persons (id, organization_id, household_id, role, first_name, last_name, birth_date, custom_fields, gdpr_consent_signed, safety_rating, is_active) VALUES ('55555555-5555-5555-0001-000000000000', 'a0e0a0e0-a0e0-a0e0-a0e0-a0e0a0e0a0e0', '11111111-1111-1111-1111-000000000001', 'social_contact', 'KateĹ™ina', 'NovĂˇk', '2017-08-02', '{"avatar_url":"https://images.unsplash.com/photo-1544005313-94ddf0286df2?w=150","relationship_to_child":"BiologickĂˇ dcera"}'::jsonb, true, 'N', true);
INSERT INTO public.persons (id, organization_id, household_id, role, first_name, last_name, birth_number, phone, gdpr_consent_signed, safety_rating, is_active) VALUES ('66666666-6666-6666-6666-000000000001', 'a0e0a0e0-a0e0-a0e0-a0e0-a0e0a0e0a0e0', '11111111-1111-1111-1111-000000000001', 'bio_parent', 'VĂˇclav', 'KrĂˇl', '900914/6410', '+420687987061', false, 'B', true);
INSERT INTO public.events (id, organization_id, household_id, author_id, type, title, payload, occurred_at) VALUES ('77777777-7777-7777-0001-000000000000', 'a0e0a0e0-a0e0-a0e0-a0e0-a0e0a0e0a0e0', '11111111-1111-1111-1111-000000000001', 'aecbcd51-1ae6-48b3-b641-a5c639b46fe6', 'crisis_event', 'Incident / PoruĹˇenĂ­ pravidel', '{"content":"HlĂˇĹˇen drobnĂ˝ incident v rodinÄ›: neshody ve Ĺˇkole ohlednÄ› prospÄ›chu. KlĂ­ÄŤovĂˇ osoba naplĂˇnovala spoleÄŤnĂ© jednĂˇnĂ­ s tĹ™Ă­dnĂ­m uÄŤitelem.","summary":"ĹeĹˇenĂ­ studijnĂ­ch problĂ©mĹŻ."}'::jsonb, '2026-06-09 22:34:49+02');

-- DomĂˇcnost 3: Petr NovĂˇk (FF-482-PRS)
INSERT INTO public.households (id, organization_id, branch_id, assigned_ko_id, foster_id, status, notes) VALUES ('11111111-1111-1111-1111-000000000002', 'a0e0a0e0-a0e0-a0e0-a0e0-a0e0a0e0a0e0', 'b0b0b0b0-b0b0-b0b0-b0b0-b0b0b0b0b0b0', 'aecbcd51-1ae6-48b3-b641-a5c639b46fe6', 'FF-482-PRS', 'active', 'PÄ›stounskĂˇ rodina: Petr NovĂˇk. DoprovĂˇzĂ­ Anna MĂˇlkovĂˇ.');
INSERT INTO public.persons (id, organization_id, household_id, role, first_name, last_name, birth_date, custom_fields, is_active) VALUES ('22222222-2222-2222-2222-000000000002', 'a0e0a0e0-a0e0-a0e0-a0e0-a0e0a0e0a0e0', '11111111-1111-1111-1111-000000000002', 'foster_parent', 'Petr', 'NovĂˇk', '1973-08-13', '{"profession":"ZahradnĂ­k","foster_care_type":"B","avatar_url":"https://images.unsplash.com/photo-1506794778202-cad84cf45f1d?w=150"}'::jsonb, true);
INSERT INTO public.person_addresses (id, person_id, type, street, city, zip, from_date) VALUES ('33333333-3333-3333-3333-000000000002', '22222222-2222-2222-2222-000000000002', 'actual', 'NĂˇdraĹľnĂ­ 8', 'Blansko', '635 11', '2020-01-01');
INSERT INTO public.persons (id, organization_id, household_id, role, first_name, last_name, birth_date, custom_fields, gdpr_consent_signed, safety_rating, is_active) VALUES ('44444444-4444-4444-0002-000000000000', 'a0e0a0e0-a0e0-a0e0-a0e0-a0e0a0e0a0e0', '11111111-1111-1111-1111-000000000002', 'child', 'AdĂ©la', 'HorĂˇkovĂˇ', '2020-06-24', '{"foster_care_type":"B","avatar_url":"https://images.unsplash.com/photo-1494790108377-be9c29b29330?w=150","hobby":"Florbal","school":"ZĹ  KĹ™Ă­dlovickĂˇ Brno"}'::jsonb, true, 'C', true);
INSERT INTO public.persons (id, organization_id, household_id, role, first_name, last_name, birth_date, custom_fields, gdpr_consent_signed, safety_rating, is_active) VALUES ('44444444-4444-4444-0002-000000000001', 'a0e0a0e0-a0e0-a0e0-a0e0-a0e0a0e0a0e0', '11111111-1111-1111-1111-000000000002', 'child', 'OndĹ™ej', 'RĹŻĹľiÄŤka', '2017-12-17', '{"foster_care_type":"B","avatar_url":"https://images.unsplash.com/photo-1501196354995-cbb51c65aaea?w=150","hobby":"TaneÄŤnĂ­ krouĹľek","school":"ZĹ  KĹ™Ă­dlovickĂˇ Brno"}'::jsonb, true, 'A', true);
INSERT INTO public.persons (id, organization_id, household_id, role, first_name, last_name, birth_date, custom_fields, gdpr_consent_signed, safety_rating, is_active) VALUES ('55555555-5555-5555-0002-000000000000', 'a0e0a0e0-a0e0-a0e0-a0e0-a0e0a0e0a0e0', '11111111-1111-1111-1111-000000000002', 'social_contact', 'Marek', 'NovĂˇk', '2017-06-27', '{"avatar_url":"https://images.unsplash.com/photo-1501196354995-cbb51c65aaea?w=150","relationship_to_child":"BiologickĂ˝ syn"}'::jsonb, true, 'N', true);
INSERT INTO public.persons (id, organization_id, household_id, role, first_name, last_name, birth_date, custom_fields, gdpr_consent_signed, safety_rating, is_active) VALUES ('55555555-5555-5555-0002-000000000001', 'a0e0a0e0-a0e0-a0e0-a0e0-a0e0a0e0a0e0', '11111111-1111-1111-1111-000000000002', 'social_contact', 'Anna', 'NovĂˇk', '2010-01-26', '{"avatar_url":"https://images.unsplash.com/photo-1488426862026-3ee34a7d66df?w=150","relationship_to_child":"BiologickĂˇ dcera"}'::jsonb, true, 'N', true);
INSERT INTO public.persons (id, organization_id, household_id, role, first_name, last_name, birth_number, phone, gdpr_consent_signed, safety_rating, is_active) VALUES ('66666666-6666-6666-6666-000000000002', 'a0e0a0e0-a0e0-a0e0-a0e0-a0e0a0e0a0e0', '11111111-1111-1111-1111-000000000002', 'bio_parent', 'KristĂ˝na', 'ProchĂˇzkovĂˇ', '770325/7310', '+420676707738', true, 'Z', true);
INSERT INTO public.events (id, organization_id, household_id, author_id, type, title, payload, occurred_at) VALUES ('77777777-7777-7777-0002-000000000000', 'a0e0a0e0-a0e0-a0e0-a0e0-a0e0a0e0a0e0', '11111111-1111-1111-1111-000000000002', 'aecbcd51-1ae6-48b3-b641-a5c639b46fe6', 'crisis_event', 'Pokus o kontakt biologickĂ©ho otce', '{"content":"BiologickĂ˝ rodiÄŤ KristĂ˝na ProchĂˇzkovĂˇ se pokusil kontaktovat dĂ­tÄ› navzdory soudnĂ­Ĺˇemu zĂˇkazu styku. PÄ›stoun okamĹľitÄ› kontaktoval naĹˇi klĂ­ÄŤovou osobu. Incident hlĂˇĹˇen na OSPOD.","summary":"PoruĹˇenĂ­ zĂˇkazu styku biologickĂ˝m rodiÄŤem."}'::jsonb, '2026-06-08 22:34:49+02');
INSERT INTO public.events (id, organization_id, household_id, author_id, type, title, payload, occurred_at) VALUES ('77777777-7777-7777-0002-000000000001', 'a0e0a0e0-a0e0-a0e0-a0e0-a0e0a0e0a0e0', '11111111-1111-1111-1111-000000000002', 'aecbcd51-1ae6-48b3-b641-a5c639b46fe6', 'crisis_event', 'Pokus o kontakt biologickĂ©ho otce', '{"content":"BiologickĂ˝ rodiÄŤ KristĂ˝na ProchĂˇzkovĂˇ se pokusil kontaktovat dĂ­tÄ› navzdory soudnĂ­Ĺˇemu zĂˇkazu styku. PÄ›stoun okamĹľitÄ› kontaktoval naĹˇi klĂ­ÄŤovou osobu. Incident hlĂˇĹˇen na OSPOD.","summary":"PoruĹˇenĂ­ zĂˇkazu styku biologickĂ˝m rodiÄŤem."}'::jsonb, '2026-06-10 22:34:49+02');

-- DomĂˇcnost 4: Jana NovotnĂˇ (FF-247-EQH)
INSERT INTO public.households (id, organization_id, branch_id, assigned_ko_id, foster_id, status, notes) VALUES ('11111111-1111-1111-1111-000000000003', 'a0e0a0e0-a0e0-a0e0-a0e0-a0e0a0e0a0e0', 'b0b0b0b0-b0b0-b0b0-b0b0-b0b0b0b0b0b0', 'aecbcd51-1ae6-48b3-b641-a5c639b46fe6', 'FF-247-EQH', 'active', 'PÄ›stounskĂˇ rodina: Jana NovotnĂˇ. DoprovĂˇzĂ­ Anna MĂˇlkovĂˇ.');
INSERT INTO public.persons (id, organization_id, household_id, role, first_name, last_name, birth_date, custom_fields, is_active) VALUES ('22222222-2222-2222-2222-000000000003', 'a0e0a0e0-a0e0-a0e0-a0e0-a0e0a0e0a0e0', '11111111-1111-1111-1111-000000000003', 'foster_parent', 'Jana', 'NovotnĂˇ', '1970-12-17', '{"profession":"StavebnĂ­ inĹľenĂ˝r","foster_care_type":"C","avatar_url":"https://images.unsplash.com/photo-1494790108377-be9c29b29330?w=150","relationship_to_child":"babiÄŤka"}'::jsonb, true);
INSERT INTO public.person_addresses (id, person_id, type, street, city, zip, from_date) VALUES ('33333333-3333-3333-3333-000000000003', '22222222-2222-2222-2222-000000000003', 'actual', 'NĂˇdraĹľnĂ­ 45', 'VyĹˇkov', '404 16', '2020-01-01');
INSERT INTO public.persons (id, organization_id, household_id, role, first_name, last_name, birth_date, custom_fields, gdpr_consent_signed, safety_rating, is_active) VALUES ('44444444-4444-4444-0003-000000000000', 'a0e0a0e0-a0e0-a0e0-a0e0-a0e0a0e0a0e0', '11111111-1111-1111-1111-000000000003', 'child', 'AleĹˇ', 'Svoboda', '2014-09-23', '{"relationship_to_foster_parent":"vnuk","foster_care_type":"C","avatar_url":"https://images.unsplash.com/photo-1506794778202-cad84cf45f1d?w=150","hobby":"Keramika","school":"ZĹ  KĹ™Ă­dlovickĂˇ Brno"}'::jsonb, true, 'A', true);
INSERT INTO public.persons (id, organization_id, household_id, role, first_name, last_name, birth_date, custom_fields, gdpr_consent_signed, safety_rating, is_active) VALUES ('44444444-4444-4444-0003-000000000001', 'a0e0a0e0-a0e0-a0e0-a0e0-a0e0a0e0a0e0', '11111111-1111-1111-1111-000000000003', 'child', 'AleĹˇ', 'Zeman', '2014-03-21', '{"relationship_to_foster_parent":"vnuk","foster_care_type":"C","avatar_url":"https://images.unsplash.com/photo-1519085360753-af0119f7cbe7?w=150","hobby":"Ĺ achy","school":"GymnĂˇzium Elgartova Brno"}'::jsonb, true, 'A', true);
INSERT INTO public.persons (id, organization_id, household_id, role, first_name, last_name, birth_date, custom_fields, gdpr_consent_signed, safety_rating, is_active) VALUES ('55555555-5555-5555-0003-000000000000', 'a0e0a0e0-a0e0-a0e0-a0e0-a0e0a0e0a0e0', '11111111-1111-1111-1111-000000000003', 'social_contact', 'Martin', 'NovotnĂˇ', '2011-06-07', '{"avatar_url":"https://images.unsplash.com/photo-1492562080023-ab3db95bfbce?w=150","relationship_to_child":"BiologickĂ˝ syn"}'::jsonb, true, 'N', true);
INSERT INTO public.persons (id, organization_id, household_id, role, first_name, last_name, birth_date, custom_fields, gdpr_consent_signed, safety_rating, is_active) VALUES ('55555555-5555-5555-0003-000000000001', 'a0e0a0e0-a0e0-a0e0-a0e0-a0e0a0e0a0e0', '11111111-1111-1111-1111-000000000003', 'social_contact', 'KateĹ™ina', 'NovotnĂˇ', '2020-11-04', '{"avatar_url":"https://images.unsplash.com/photo-1534528741775-53994a69daeb?w=150","relationship_to_child":"BiologickĂˇ dcera"}'::jsonb, true, 'N', true);
INSERT INTO public.persons (id, organization_id, household_id, role, first_name, last_name, birth_number, phone, gdpr_consent_signed, safety_rating, is_active) VALUES ('66666666-6666-6666-6666-000000000003', 'a0e0a0e0-a0e0-a0e0-a0e0-a0e0a0e0a0e0', '11111111-1111-1111-1111-000000000003', 'bio_parent', 'Radim', 'ÄŚernĂ˝', '880316/4871', '+420637267817', false, 'Z', true);
INSERT INTO public.events (id, organization_id, household_id, author_id, type, title, payload, occurred_at) VALUES ('77777777-7777-7777-0003-000000000000', 'a0e0a0e0-a0e0-a0e0-a0e0-a0e0a0e0a0e0', '11111111-1111-1111-1111-000000000003', 'aecbcd51-1ae6-48b3-b641-a5c639b46fe6', 'crisis_event', 'Pokus o kontakt biologickĂ©ho otce', '{"content":"BiologickĂ˝ rodiÄŤ Radim ÄŚernĂ˝ se pokusil kontaktovat dĂ­tÄ› navzdory soudnĂ­Ĺˇemu zĂˇkazu styku. PÄ›stoun okamĹľitÄ› kontaktoval naĹˇi klĂ­ÄŤovou osobu. Incident hlĂˇĹˇen na OSPOD.","summary":"PoruĹˇenĂ­ zĂˇkazu styku biologickĂ˝m rodiÄŤem."}'::jsonb, '2026-04-21 22:34:49+02');

-- DomĂˇcnost 5: Jana NovotnĂˇ (FF-601-ECJ)
INSERT INTO public.households (id, organization_id, branch_id, assigned_ko_id, foster_id, status, notes) VALUES ('11111111-1111-1111-1111-000000000004', 'a0e0a0e0-a0e0-a0e0-a0e0-a0e0a0e0a0e0', 'b0b0b0b0-b0b0-b0b0-b0b0-b0b0b0b0b0b0', 'aecbcd51-1ae6-48b3-b641-a5c639b46fe6', 'FF-601-ECJ', 'active', 'PÄ›stounskĂˇ rodina: Jana NovotnĂˇ. DoprovĂˇzĂ­ Anna MĂˇlkovĂˇ.');
INSERT INTO public.persons (id, organization_id, household_id, role, first_name, last_name, birth_date, custom_fields, is_active) VALUES ('22222222-2222-2222-2222-000000000004', 'a0e0a0e0-a0e0-a0e0-a0e0-a0e0a0e0a0e0', '11111111-1111-1111-1111-000000000004', 'foster_parent', 'Jana', 'NovotnĂˇ', '1982-05-02', '{"profession":"KuchaĹ™","foster_care_type":"A","avatar_url":"https://images.unsplash.com/photo-1534528741775-53994a69daeb?w=150"}'::jsonb, true);
INSERT INTO public.person_addresses (id, person_id, type, street, city, zip, from_date) VALUES ('33333333-3333-3333-3333-000000000004', '22222222-2222-2222-2222-000000000004', 'actual', 'ĂšdolnĂ­ 12', 'Brno', '348 50', '2020-01-01');
INSERT INTO public.persons (id, organization_id, household_id, role, first_name, last_name, birth_date, custom_fields, gdpr_consent_signed, safety_rating, is_active) VALUES ('44444444-4444-4444-0004-000000000000', 'a0e0a0e0-a0e0-a0e0-a0e0-a0e0a0e0a0e0', '11111111-1111-1111-1111-000000000004', 'child', 'Lenka', 'NÄ›mcovĂˇ', '2019-02-23', '{"foster_care_type":"A","avatar_url":"https://images.unsplash.com/photo-1544005313-94ddf0286df2?w=150","hobby":"Keramika","school":"ZĹ  KĹ™Ă­dlovickĂˇ Brno"}'::jsonb, true, 'C', true);
INSERT INTO public.persons (id, organization_id, household_id, role, first_name, last_name, birth_date, custom_fields, gdpr_consent_signed, safety_rating, is_active) VALUES ('55555555-5555-5555-0004-000000000000', 'a0e0a0e0-a0e0-a0e0-a0e0-a0e0a0e0a0e0', '11111111-1111-1111-1111-000000000004', 'social_contact', 'Petra', 'NovotnĂˇ', '2013-11-23', '{"avatar_url":"https://images.unsplash.com/photo-1494790108377-be9c29b29330?w=150","relationship_to_child":"BiologickĂˇ dcera"}'::jsonb, true, 'N', true);
INSERT INTO public.persons (id, organization_id, household_id, role, first_name, last_name, birth_date, custom_fields, gdpr_consent_signed, safety_rating, is_active) VALUES ('55555555-5555-5555-0004-000000000001', 'a0e0a0e0-a0e0-a0e0-a0e0-a0e0a0e0a0e0', '11111111-1111-1111-1111-000000000004', 'social_contact', 'Martina', 'NovotnĂˇ', '2019-07-09', '{"avatar_url":"https://images.unsplash.com/photo-1534528741775-53994a69daeb?w=150","relationship_to_child":"BiologickĂˇ dcera"}'::jsonb, true, 'N', true);
INSERT INTO public.persons (id, organization_id, household_id, role, first_name, last_name, birth_number, phone, gdpr_consent_signed, safety_rating, is_active) VALUES ('66666666-6666-6666-6666-000000000004', 'a0e0a0e0-a0e0-a0e0-a0e0-a0e0a0e0a0e0', '11111111-1111-1111-1111-000000000004', 'bio_parent', 'EliĹˇka', 'ProchĂˇzkovĂˇ', '800310/6577', '+420776954230', false, 'C', true);
INSERT INTO public.events (id, organization_id, household_id, author_id, type, title, payload, occurred_at) VALUES ('77777777-7777-7777-0004-000000000000', 'a0e0a0e0-a0e0-a0e0-a0e0-a0e0a0e0a0e0', '11111111-1111-1111-1111-000000000004', 'aecbcd51-1ae6-48b3-b641-a5c639b46fe6', 'phone_call', 'TelefonickĂ˝ kontakt s pÄ›stounem', '{"content":"TelefonickĂ˝ hovor s pÄ›stounem. ProbĂ­rali jsme chovĂˇnĂ­ dÄ›tĂ­ ve Ĺˇkole a plĂˇnovĂˇnĂ­ letnĂ­ch prĂˇzdninovĂ˝ch aktivit.","summary":"TelefonĂˇt ohlednÄ› prĂˇzdnin."}'::jsonb, '2026-06-01 22:34:49+02');
INSERT INTO public.events (id, organization_id, household_id, author_id, type, title, payload, occurred_at) VALUES ('77777777-7777-7777-0004-000000000001', 'a0e0a0e0-a0e0-a0e0-a0e0-a0e0a0e0a0e0', '11111111-1111-1111-1111-000000000004', 'aecbcd51-1ae6-48b3-b641-a5c639b46fe6', 'phone_call', 'TelefonickĂ˝ kontakt s pÄ›stounem', '{"content":"TelefonickĂ˝ hovor s pÄ›stounem. ProbĂ­rali jsme chovĂˇnĂ­ dÄ›tĂ­ ve Ĺˇkole a plĂˇnovĂˇnĂ­ letnĂ­ch prĂˇzdninovĂ˝ch aktivit.","summary":"TelefonĂˇt ohlednÄ› prĂˇzdnin."}'::jsonb, '2026-04-07 22:34:49+02');

-- DomĂˇcnost 6: Marie NovotnĂˇ (FF-128-AHA)
INSERT INTO public.households (id, organization_id, branch_id, assigned_ko_id, foster_id, status, notes) VALUES ('11111111-1111-1111-1111-000000000005', 'a0e0a0e0-a0e0-a0e0-a0e0-a0e0a0e0a0e0', 'b0b0b0b0-b0b0-b0b0-b0b0-b0b0b0b0b0b0', 'aecbcd51-1ae6-48b3-b641-a5c639b46fe6', 'FF-128-AHA', 'active', 'PÄ›stounskĂˇ rodina: Marie NovotnĂˇ. DoprovĂˇzĂ­ Anna MĂˇlkovĂˇ.');
INSERT INTO public.persons (id, organization_id, household_id, role, first_name, last_name, birth_date, custom_fields, is_active) VALUES ('22222222-2222-2222-2222-000000000005', 'a0e0a0e0-a0e0-a0e0-a0e0-a0e0a0e0a0e0', '11111111-1111-1111-1111-000000000005', 'foster_parent', 'Marie', 'NovotnĂˇ', '1966-10-13', '{"profession":"Podnikatel","foster_care_type":"B","avatar_url":"https://images.unsplash.com/photo-1544005313-94ddf0286df2?w=150"}'::jsonb, true);
INSERT INTO public.person_addresses (id, person_id, type, street, city, zip, from_date) VALUES ('33333333-3333-3333-3333-000000000005', '22222222-2222-2222-2222-000000000005', 'actual', 'ĂšzkĂˇ 5', 'TiĹˇnov', '432 16', '2020-01-01');
INSERT INTO public.persons (id, organization_id, household_id, role, first_name, last_name, birth_date, custom_fields, gdpr_consent_signed, safety_rating, is_active) VALUES ('44444444-4444-4444-0005-000000000000', 'a0e0a0e0-a0e0-a0e0-a0e0-a0e0a0e0a0e0', '11111111-1111-1111-1111-000000000005', 'child', 'Anna', 'DvoĹ™ĂˇkovĂˇ', '2011-03-17', '{"foster_care_type":"B","avatar_url":"https://images.unsplash.com/photo-1494790108377-be9c29b29330?w=150","hobby":"Cyklistika","school":"ZĹ  NĂˇdraĹľnĂ­ VyĹˇkov"}'::jsonb, true, 'A', true);
INSERT INTO public.persons (id, organization_id, household_id, role, first_name, last_name, birth_date, custom_fields, gdpr_consent_signed, safety_rating, is_active) VALUES ('44444444-4444-4444-0005-000000000001', 'a0e0a0e0-a0e0-a0e0-a0e0-a0e0a0e0a0e0', '11111111-1111-1111-1111-000000000005', 'child', 'Jaroslav', 'KrĂˇl', '2017-10-28', '{"foster_care_type":"B","avatar_url":"https://images.unsplash.com/photo-1501196354995-cbb51c65aaea?w=150","hobby":"Florbal","school":"ZĹ  Ăšvoz Brno"}'::jsonb, true, 'B', true);
INSERT INTO public.persons (id, organization_id, household_id, role, first_name, last_name, birth_date, custom_fields, gdpr_consent_signed, safety_rating, is_active) VALUES ('55555555-5555-5555-0005-000000000000', 'a0e0a0e0-a0e0-a0e0-a0e0-a0e0a0e0a0e0', '11111111-1111-1111-1111-000000000005', 'social_contact', 'Marie', 'NovotnĂˇ', '2006-08-06', '{"avatar_url":"https://images.unsplash.com/photo-1494790108377-be9c29b29330?w=150","relationship_to_child":"BiologickĂˇ dcera"}'::jsonb, true, 'N', true);
INSERT INTO public.persons (id, organization_id, household_id, role, first_name, last_name, birth_date, custom_fields, gdpr_consent_signed, safety_rating, is_active) VALUES ('55555555-5555-5555-0005-000000000001', 'a0e0a0e0-a0e0-a0e0-a0e0-a0e0a0e0a0e0', '11111111-1111-1111-1111-000000000005', 'social_contact', 'Lenka', 'NovotnĂˇ', '2011-08-06', '{"avatar_url":"https://images.unsplash.com/photo-1488426862026-3ee34a7d66df?w=150","relationship_to_child":"BiologickĂˇ dcera"}'::jsonb, true, 'N', true);
INSERT INTO public.persons (id, organization_id, household_id, role, first_name, last_name, birth_date, custom_fields, gdpr_consent_signed, safety_rating, is_active) VALUES ('55555555-5555-5555-0005-000000000002', 'a0e0a0e0-a0e0-a0e0-a0e0-a0e0a0e0a0e0', '11111111-1111-1111-1111-000000000005', 'social_contact', 'Hana', 'NovotnĂˇ', '2008-08-09', '{"avatar_url":"https://images.unsplash.com/photo-1534528741775-53994a69daeb?w=150","relationship_to_child":"BiologickĂˇ dcera"}'::jsonb, true, 'N', true);
INSERT INTO public.persons (id, organization_id, household_id, role, first_name, last_name, birth_number, phone, gdpr_consent_signed, safety_rating, is_active) VALUES ('66666666-6666-6666-6666-000000000005', 'a0e0a0e0-a0e0-a0e0-a0e0-a0e0a0e0a0e0', '11111111-1111-1111-1111-000000000005', 'bio_parent', 'Michal', 'RĹŻĹľiÄŤka', '870228/5557', '+420683743558', false, 'C', true);
INSERT INTO public.events (id, organization_id, household_id, author_id, type, title, payload, occurred_at) VALUES ('77777777-7777-7777-0005-000000000000', 'a0e0a0e0-a0e0-a0e0-a0e0-a0e0a0e0a0e0', '11111111-1111-1111-1111-000000000005', 'aecbcd51-1ae6-48b3-b641-a5c639b46fe6', 'crisis_event', 'Incident / PoruĹˇenĂ­ pravidel', '{"content":"HlĂˇĹˇen drobnĂ˝ incident v rodinÄ›: neshody ve Ĺˇkole ohlednÄ› prospÄ›chu. KlĂ­ÄŤovĂˇ osoba naplĂˇnovala spoleÄŤnĂ© jednĂˇnĂ­ s tĹ™Ă­dnĂ­m uÄŤitelem.","summary":"ĹeĹˇenĂ­ studijnĂ­ch problĂ©mĹŻ."}'::jsonb, '2026-06-14 22:34:49+02');

-- DomĂˇcnost 7: Radim Marek (FF-808-UJT)
INSERT INTO public.households (id, organization_id, branch_id, assigned_ko_id, foster_id, status, notes) VALUES ('11111111-1111-1111-1111-000000000006', 'a0e0a0e0-a0e0-a0e0-a0e0-a0e0a0e0a0e0', 'b0b0b0b0-b0b0-b0b0-b0b0-b0b0b0b0b0b0', 'aecbcd51-1ae6-48b3-b641-a5c639b46fe6', 'FF-808-UJT', 'active', 'PÄ›stounskĂˇ rodina: Radim Marek. DoprovĂˇzĂ­ Anna MĂˇlkovĂˇ.');
INSERT INTO public.persons (id, organization_id, household_id, role, first_name, last_name, birth_date, custom_fields, is_active) VALUES ('22222222-2222-2222-2222-000000000006', 'a0e0a0e0-a0e0-a0e0-a0e0-a0e0a0e0a0e0', '11111111-1111-1111-1111-000000000006', 'foster_parent', 'Radim', 'Marek', '1967-05-01', '{"profession":"DĹŻchodce","foster_care_type":"C","avatar_url":"https://images.unsplash.com/photo-1507003211169-0a1dd7228f2d?w=150","relationship_to_child":"strĂ˝c"}'::jsonb, true);
INSERT INTO public.person_addresses (id, person_id, type, street, city, zip, from_date) VALUES ('33333333-3333-3333-3333-000000000006', '22222222-2222-2222-2222-000000000006', 'actual', 'NĂˇdraĹľnĂ­ 93', 'Blansko', '417 51', '2020-01-01');
INSERT INTO public.persons (id, organization_id, household_id, role, first_name, last_name, birth_date, custom_fields, gdpr_consent_signed, safety_rating, is_active) VALUES ('44444444-4444-4444-0006-000000000000', 'a0e0a0e0-a0e0-a0e0-a0e0-a0e0a0e0a0e0', '11111111-1111-1111-1111-000000000006', 'child', 'Radim', 'KuÄŤera', '2020-10-10', '{"relationship_to_foster_parent":"synovec","foster_care_type":"C","avatar_url":"https://images.unsplash.com/photo-1506794778202-cad84cf45f1d?w=150","hobby":"TaneÄŤnĂ­ krouĹľek","school":"ZĹ  KĹ™Ă­dlovickĂˇ Brno"}'::jsonb, true, 'C', true);
INSERT INTO public.persons (id, organization_id, household_id, role, first_name, last_name, birth_date, custom_fields, gdpr_consent_signed, safety_rating, is_active) VALUES ('55555555-5555-5555-0006-000000000000', 'a0e0a0e0-a0e0-a0e0-a0e0-a0e0a0e0a0e0', '11111111-1111-1111-1111-000000000006', 'social_contact', 'Alena', 'Marek', '2010-04-12', '{"avatar_url":"https://images.unsplash.com/photo-1488426862026-3ee34a7d66df?w=150","relationship_to_child":"BiologickĂˇ dcera"}'::jsonb, true, 'N', true);
INSERT INTO public.persons (id, organization_id, household_id, role, first_name, last_name, birth_number, phone, gdpr_consent_signed, safety_rating, is_active) VALUES ('66666666-6666-6666-6666-000000000006', 'a0e0a0e0-a0e0-a0e0-a0e0-a0e0a0e0a0e0', '11111111-1111-1111-1111-000000000006', 'bio_parent', 'David', 'KrĂˇl', '861207/9119', '+420681569345', true, 'B', true);
INSERT INTO public.events (id, organization_id, household_id, author_id, type, title, payload, occurred_at) VALUES ('77777777-7777-7777-0006-000000000000', 'a0e0a0e0-a0e0-a0e0-a0e0-a0e0a0e0a0e0', '11111111-1111-1111-1111-000000000006', 'aecbcd51-1ae6-48b3-b641-a5c639b46fe6', 'regular_visit', 'PravidelnĂˇ pololetnĂ­ nĂˇvĹˇtÄ›va', '{"content":"NĂˇvĹˇtÄ›va v rodinÄ› probÄ›hla v poĹ™Ăˇdku. PÄ›stoun Radim Marek vzornÄ› spolupracuje, dÄ›ti se rozvĂ­jejĂ­ standardnÄ› podle IPOD.","summary":"PololetnĂ­ nĂˇvĹˇtÄ›va bez zjiĹˇtÄ›nĂ˝ch nedostatkĹŻ."}'::jsonb, '2026-03-26 22:34:49+02');

-- DomĂˇcnost 8: Filip NÄ›mec (FF-193-RPP)
INSERT INTO public.households (id, organization_id, branch_id, assigned_ko_id, foster_id, status, notes) VALUES ('11111111-1111-1111-1111-000000000007', 'a0e0a0e0-a0e0-a0e0-a0e0-a0e0a0e0a0e0', 'b0b0b0b0-b0b0-b0b0-b0b0-b0b0b0b0b0b0', 'aecbcd51-1ae6-48b3-b641-a5c639b46fe6', 'FF-193-RPP', 'active', 'PÄ›stounskĂˇ rodina: Filip NÄ›mec. DoprovĂˇzĂ­ Anna MĂˇlkovĂˇ.');
INSERT INTO public.persons (id, organization_id, household_id, role, first_name, last_name, birth_date, custom_fields, is_active) VALUES ('22222222-2222-2222-2222-000000000007', 'a0e0a0e0-a0e0-a0e0-a0e0-a0e0a0e0a0e0', '11111111-1111-1111-1111-000000000007', 'foster_parent', 'Filip', 'NÄ›mec', '1976-01-02', '{"profession":"IT specialista","foster_care_type":"C","avatar_url":"https://images.unsplash.com/photo-1492562080023-ab3db95bfbce?w=150","relationship_to_child":"strĂ˝c"}'::jsonb, true);
INSERT INTO public.person_addresses (id, person_id, type, street, city, zip, from_date) VALUES ('33333333-3333-3333-3333-000000000007', '22222222-2222-2222-2222-000000000007', 'actual', 'Husova 138', 'TiĹˇnov', '311 72', '2020-01-01');
INSERT INTO public.persons (id, organization_id, household_id, role, first_name, last_name, birth_date, custom_fields, gdpr_consent_signed, safety_rating, is_active) VALUES ('44444444-4444-4444-0007-000000000000', 'a0e0a0e0-a0e0-a0e0-a0e0-a0e0a0e0a0e0', '11111111-1111-1111-1111-000000000007', 'child', 'JiĹ™Ă­', 'SedlĂˇÄŤek', '2012-06-02', '{"relationship_to_foster_parent":"synovec","foster_care_type":"C","avatar_url":"https://images.unsplash.com/photo-1519085360753-af0119f7cbe7?w=150","hobby":"PlavĂˇnĂ­","school":"ZĹ  NĂˇdraĹľnĂ­ VyĹˇkov"}'::jsonb, true, 'B', true);
INSERT INTO public.persons (id, organization_id, household_id, role, first_name, last_name, birth_date, custom_fields, gdpr_consent_signed, safety_rating, is_active) VALUES ('55555555-5555-5555-0007-000000000000', 'a0e0a0e0-a0e0-a0e0-a0e0-a0e0a0e0a0e0', '11111111-1111-1111-1111-000000000007', 'social_contact', 'TomĂˇĹˇ', 'NÄ›mec', '2014-09-06', '{"avatar_url":"https://images.unsplash.com/photo-1492562080023-ab3db95bfbce?w=150","relationship_to_child":"BiologickĂ˝ syn"}'::jsonb, true, 'N', true);
INSERT INTO public.persons (id, organization_id, household_id, role, first_name, last_name, birth_date, custom_fields, gdpr_consent_signed, safety_rating, is_active) VALUES ('55555555-5555-5555-0007-000000000001', 'a0e0a0e0-a0e0-a0e0-a0e0-a0e0a0e0a0e0', '11111111-1111-1111-1111-000000000007', 'social_contact', 'AleĹˇ', 'NÄ›mec', '2016-05-09', '{"avatar_url":"https://images.unsplash.com/photo-1507003211169-0a1dd7228f2d?w=150","relationship_to_child":"BiologickĂ˝ syn"}'::jsonb, true, 'N', true);
INSERT INTO public.persons (id, organization_id, household_id, role, first_name, last_name, birth_number, phone, gdpr_consent_signed, safety_rating, is_active) VALUES ('66666666-6666-6666-6666-000000000007', 'a0e0a0e0-a0e0-a0e0-a0e0-a0e0a0e0a0e0', '11111111-1111-1111-1111-000000000007', 'bio_parent', 'Monika', 'BeneĹˇovĂˇ', '760614/5988', '+420758496738', true, 'Z', true);
INSERT INTO public.events (id, organization_id, household_id, author_id, type, title, payload, occurred_at) VALUES ('77777777-7777-7777-0007-000000000000', 'a0e0a0e0-a0e0-a0e0-a0e0-a0e0a0e0a0e0', '11111111-1111-1111-1111-000000000007', 'aecbcd51-1ae6-48b3-b641-a5c639b46fe6', 'crisis_event', 'Pokus o kontakt biologickĂ©ho otce', '{"content":"BiologickĂ˝ rodiÄŤ Monika BeneĹˇovĂˇ se pokusil kontaktovat dĂ­tÄ› navzdory soudnĂ­Ĺˇemu zĂˇkazu styku. PÄ›stoun okamĹľitÄ› kontaktoval naĹˇi klĂ­ÄŤovou osobu. Incident hlĂˇĹˇen na OSPOD.","summary":"PoruĹˇenĂ­ zĂˇkazu styku biologickĂ˝m rodiÄŤem."}'::jsonb, '2026-05-25 22:34:49+02');

-- DomĂˇcnost 9: KateĹ™ina NÄ›mcovĂˇ (FF-500-JKT)
INSERT INTO public.households (id, organization_id, branch_id, assigned_ko_id, foster_id, status, notes) VALUES ('11111111-1111-1111-1111-000000000008', 'a0e0a0e0-a0e0-a0e0-a0e0-a0e0a0e0a0e0', 'b0b0b0b0-b0b0-b0b0-b0b0-b0b0b0b0b0b0', 'aecbcd51-1ae6-48b3-b641-a5c639b46fe6', 'FF-500-JKT', 'active', 'PÄ›stounskĂˇ rodina: KateĹ™ina NÄ›mcovĂˇ. DoprovĂˇzĂ­ Anna MĂˇlkovĂˇ.');
INSERT INTO public.persons (id, organization_id, household_id, role, first_name, last_name, birth_date, custom_fields, is_active) VALUES ('22222222-2222-2222-2222-000000000008', 'a0e0a0e0-a0e0-a0e0-a0e0-a0e0a0e0a0e0', '11111111-1111-1111-1111-000000000008', 'foster_parent', 'KateĹ™ina', 'NÄ›mcovĂˇ', '1978-11-12', '{"profession":"ĹidiÄŤ","foster_care_type":"B","avatar_url":"https://images.unsplash.com/photo-1534528741775-53994a69daeb?w=150"}'::jsonb, true);
INSERT INTO public.person_addresses (id, person_id, type, street, city, zip, from_date) VALUES ('33333333-3333-3333-3333-000000000008', '22222222-2222-2222-2222-000000000008', 'actual', 'KoneÄŤnĂ©ho nĂˇmÄ›stĂ­ 77', 'Hostomice', '457 28', '2020-01-01');
INSERT INTO public.persons (id, organization_id, household_id, role, first_name, last_name, birth_date, custom_fields, gdpr_consent_signed, safety_rating, is_active) VALUES ('44444444-4444-4444-0008-000000000000', 'a0e0a0e0-a0e0-a0e0-a0e0-a0e0a0e0a0e0', '11111111-1111-1111-1111-000000000008', 'child', 'Lenka', 'ZemanovĂˇ', '2021-01-18', '{"foster_care_type":"B","avatar_url":"https://images.unsplash.com/photo-1494790108377-be9c29b29330?w=150","hobby":"ModelĂˇĹ™stvĂ­","school":"ZĹ  Ĺ kolnĂ­ Hostomice"}'::jsonb, true, 'B', true);
INSERT INTO public.persons (id, organization_id, household_id, role, first_name, last_name, birth_date, custom_fields, gdpr_consent_signed, safety_rating, is_active) VALUES ('44444444-4444-4444-0008-000000000001', 'a0e0a0e0-a0e0-a0e0-a0e0-a0e0a0e0a0e0', '11111111-1111-1111-1111-000000000008', 'child', 'Lucie', 'RĹŻĹľiÄŤkovĂˇ', '2010-09-15', '{"foster_care_type":"B","avatar_url":"https://images.unsplash.com/photo-1438761681033-6461ffad8d80?w=150","hobby":"ModelĂˇĹ™stvĂ­","school":"ZĹ  Ăšvoz Brno"}'::jsonb, true, 'A', true);
INSERT INTO public.persons (id, organization_id, household_id, role, first_name, last_name, birth_date, custom_fields, gdpr_consent_signed, safety_rating, is_active) VALUES ('55555555-5555-5555-0008-000000000000', 'a0e0a0e0-a0e0-a0e0-a0e0-a0e0a0e0a0e0', '11111111-1111-1111-1111-000000000008', 'social_contact', 'KateĹ™ina', 'NÄ›mcovĂˇ', '2007-09-25', '{"avatar_url":"https://images.unsplash.com/photo-1488426862026-3ee34a7d66df?w=150","relationship_to_child":"BiologickĂˇ dcera"}'::jsonb, true, 'N', true);
INSERT INTO public.persons (id, organization_id, household_id, role, first_name, last_name, birth_date, custom_fields, gdpr_consent_signed, safety_rating, is_active) VALUES ('55555555-5555-5555-0008-000000000001', 'a0e0a0e0-a0e0-a0e0-a0e0-a0e0a0e0a0e0', '11111111-1111-1111-1111-000000000008', 'social_contact', 'VÄ›ra', 'NÄ›mcovĂˇ', '2012-06-02', '{"avatar_url":"https://images.unsplash.com/photo-1494790108377-be9c29b29330?w=150","relationship_to_child":"BiologickĂˇ dcera"}'::jsonb, true, 'N', true);
INSERT INTO public.persons (id, organization_id, household_id, role, first_name, last_name, birth_number, phone, gdpr_consent_signed, safety_rating, is_active) VALUES ('66666666-6666-6666-6666-000000000008', 'a0e0a0e0-a0e0-a0e0-a0e0-a0e0a0e0a0e0', '11111111-1111-1111-1111-000000000008', 'bio_parent', 'KateĹ™ina', 'HorĂˇkovĂˇ', '790628/9357', '+420715783243', true, 'Z', true);
INSERT INTO public.events (id, organization_id, household_id, author_id, type, title, payload, occurred_at) VALUES ('77777777-7777-7777-0008-000000000000', 'a0e0a0e0-a0e0-a0e0-a0e0-a0e0a0e0a0e0', '11111111-1111-1111-1111-000000000008', 'aecbcd51-1ae6-48b3-b641-a5c639b46fe6', 'crisis_event', 'Pokus o kontakt biologickĂ©ho otce', '{"content":"BiologickĂ˝ rodiÄŤ KateĹ™ina HorĂˇkovĂˇ se pokusil kontaktovat dĂ­tÄ› navzdory soudnĂ­Ĺˇemu zĂˇkazu styku. PÄ›stoun okamĹľitÄ› kontaktoval naĹˇi klĂ­ÄŤovou osobu. Incident hlĂˇĹˇen na OSPOD.","summary":"PoruĹˇenĂ­ zĂˇkazu styku biologickĂ˝m rodiÄŤem."}'::jsonb, '2026-04-07 22:34:49+02');

-- DomĂˇcnost 10: Anna DvoĹ™ĂˇkovĂˇ (FF-893-FVQ)
INSERT INTO public.households (id, organization_id, branch_id, assigned_ko_id, foster_id, status, notes) VALUES ('11111111-1111-1111-1111-000000000009', 'a0e0a0e0-a0e0-a0e0-a0e0-a0e0a0e0a0e0', 'b0b0b0b0-b0b0-b0b0-b0b0-b0b0b0b0b0b0', 'aecbcd51-1ae6-48b3-b641-a5c639b46fe6', 'FF-893-FVQ', 'active', 'PÄ›stounskĂˇ rodina: Anna DvoĹ™ĂˇkovĂˇ. DoprovĂˇzĂ­ Anna MĂˇlkovĂˇ.');
INSERT INTO public.persons (id, organization_id, household_id, role, first_name, last_name, birth_date, custom_fields, is_active) VALUES ('22222222-2222-2222-2222-000000000009', 'a0e0a0e0-a0e0-a0e0-a0e0-a0e0a0e0a0e0', '11111111-1111-1111-1111-000000000009', 'foster_parent', 'Anna', 'DvoĹ™ĂˇkovĂˇ', '1982-03-06', '{"profession":"DĹŻchodce","foster_care_type":"C","avatar_url":"https://images.unsplash.com/photo-1534528741775-53994a69daeb?w=150","relationship_to_child":"teta"}'::jsonb, true);
INSERT INTO public.person_addresses (id, person_id, type, street, city, zip, from_date) VALUES ('33333333-3333-3333-3333-000000000009', '22222222-2222-2222-2222-000000000009', 'actual', 'NĂˇdraĹľnĂ­ 73', 'Brno', '371 83', '2020-01-01');
INSERT INTO public.persons (id, organization_id, household_id, role, first_name, last_name, birth_date, custom_fields, gdpr_consent_signed, safety_rating, is_active) VALUES ('44444444-4444-4444-0009-000000000000', 'a0e0a0e0-a0e0-a0e0-a0e0-a0e0a0e0a0e0', '11111111-1111-1111-1111-000000000009', 'child', 'Alena', 'KolĂˇĹ™ovĂˇ', '2017-09-16', '{"relationship_to_foster_parent":"neteĹ™","foster_care_type":"C","avatar_url":"https://images.unsplash.com/photo-1534528741775-53994a69daeb?w=150","hobby":"Keramika","school":"ZĹ  Ĺ kolnĂ­ Hostomice"}'::jsonb, true, 'B', true);
INSERT INTO public.persons (id, organization_id, household_id, role, first_name, last_name, birth_date, custom_fields, gdpr_consent_signed, safety_rating, is_active) VALUES ('55555555-5555-5555-0009-000000000000', 'a0e0a0e0-a0e0-a0e0-a0e0-a0e0a0e0a0e0', '11111111-1111-1111-1111-000000000009', 'social_contact', 'OndĹ™ej', 'DvoĹ™ĂˇkovĂˇ', '2017-10-09', '{"avatar_url":"https://images.unsplash.com/photo-1501196354995-cbb51c65aaea?w=150","relationship_to_child":"BiologickĂ˝ syn"}'::jsonb, true, 'N', true);
INSERT INTO public.persons (id, organization_id, household_id, role, first_name, last_name, birth_date, custom_fields, gdpr_consent_signed, safety_rating, is_active) VALUES ('55555555-5555-5555-0009-000000000001', 'a0e0a0e0-a0e0-a0e0-a0e0-a0e0a0e0a0e0', '11111111-1111-1111-1111-000000000009', 'social_contact', 'Petra', 'DvoĹ™ĂˇkovĂˇ', '2005-10-02', '{"avatar_url":"https://images.unsplash.com/photo-1438761681033-6461ffad8d80?w=150","relationship_to_child":"BiologickĂˇ dcera"}'::jsonb, true, 'N', true);
INSERT INTO public.persons (id, organization_id, household_id, role, first_name, last_name, birth_number, phone, gdpr_consent_signed, safety_rating, is_active) VALUES ('66666666-6666-6666-6666-000000000009', 'a0e0a0e0-a0e0-a0e0-a0e0-a0e0a0e0a0e0', '11111111-1111-1111-1111-000000000009', 'bio_parent', 'Miroslav', 'KolĂˇĹ™', '790912/2451', '+420642776904', true, 'C', true);
INSERT INTO public.events (id, organization_id, household_id, author_id, type, title, payload, occurred_at) VALUES ('77777777-7777-7777-0009-000000000000', 'a0e0a0e0-a0e0-a0e0-a0e0-a0e0a0e0a0e0', '11111111-1111-1111-1111-000000000009', 'aecbcd51-1ae6-48b3-b641-a5c639b46fe6', 'crisis_event', 'Incident / PoruĹˇenĂ­ pravidel', '{"content":"HlĂˇĹˇen drobnĂ˝ incident v rodinÄ›: neshody ve Ĺˇkole ohlednÄ› prospÄ›chu. KlĂ­ÄŤovĂˇ osoba naplĂˇnovala spoleÄŤnĂ© jednĂˇnĂ­ s tĹ™Ă­dnĂ­m uÄŤitelem.","summary":"ĹeĹˇenĂ­ studijnĂ­ch problĂ©mĹŻ."}'::jsonb, '2026-05-28 22:34:49+02');
INSERT INTO public.events (id, organization_id, household_id, author_id, type, title, payload, occurred_at) VALUES ('77777777-7777-7777-0009-000000000001', 'a0e0a0e0-a0e0-a0e0-a0e0-a0e0a0e0a0e0', '11111111-1111-1111-1111-000000000009', 'aecbcd51-1ae6-48b3-b641-a5c639b46fe6', 'crisis_event', 'Incident / PoruĹˇenĂ­ pravidel', '{"content":"HlĂˇĹˇen drobnĂ˝ incident v rodinÄ›: neshody ve Ĺˇkole ohlednÄ› prospÄ›chu. KlĂ­ÄŤovĂˇ osoba naplĂˇnovala spoleÄŤnĂ© jednĂˇnĂ­ s tĹ™Ă­dnĂ­m uÄŤitelem.","summary":"ĹeĹˇenĂ­ studijnĂ­ch problĂ©mĹŻ."}'::jsonb, '2026-06-04 22:34:49+02');

-- DomĂˇcnost 11: Jaroslav Marek (FF-780-FVS)
INSERT INTO public.households (id, organization_id, branch_id, assigned_ko_id, foster_id, status, notes) VALUES ('11111111-1111-1111-1111-000000000010', 'a0e0a0e0-a0e0-a0e0-a0e0-a0e0a0e0a0e0', 'b0b0b0b0-b0b0-b0b0-b0b0-b0b0b0b0b0b0', 'aecbcd51-1ae6-48b3-b641-a5c639b46fe6', 'FF-780-FVS', 'active', 'PÄ›stounskĂˇ rodina: Jaroslav Marek. DoprovĂˇzĂ­ Anna MĂˇlkovĂˇ.');
INSERT INTO public.persons (id, organization_id, household_id, role, first_name, last_name, birth_date, custom_fields, is_active) VALUES ('22222222-2222-2222-2222-000000000010', 'a0e0a0e0-a0e0-a0e0-a0e0-a0e0a0e0a0e0', '11111111-1111-1111-1111-000000000010', 'foster_parent', 'Jaroslav', 'Marek', '1966-06-17', '{"profession":"ZahradnĂ­k","foster_care_type":"A","avatar_url":"https://images.unsplash.com/photo-1507003211169-0a1dd7228f2d?w=150"}'::jsonb, true);
INSERT INTO public.person_addresses (id, person_id, type, street, city, zip, from_date) VALUES ('33333333-3333-3333-3333-000000000010', '22222222-2222-2222-2222-000000000010', 'actual', 'SportovnĂ­ 119', 'Blansko', '487 56', '2020-01-01');
INSERT INTO public.persons (id, organization_id, household_id, role, first_name, last_name, birth_date, custom_fields, gdpr_consent_signed, safety_rating, is_active) VALUES ('44444444-4444-4444-0010-000000000000', 'a0e0a0e0-a0e0-a0e0-a0e0-a0e0a0e0a0e0', '11111111-1111-1111-1111-000000000010', 'child', 'AdĂ©la', 'JelĂ­nkovĂˇ', '2015-03-04', '{"foster_care_type":"A","avatar_url":"https://images.unsplash.com/photo-1544005313-94ddf0286df2?w=150","hobby":"PlavĂˇnĂ­","school":"ZĹ  Merhautova Brno"}'::jsonb, true, 'A', true);
INSERT INTO public.persons (id, organization_id, household_id, role, first_name, last_name, birth_date, custom_fields, gdpr_consent_signed, safety_rating, is_active) VALUES ('55555555-5555-5555-0010-000000000000', 'a0e0a0e0-a0e0-a0e0-a0e0-a0e0a0e0a0e0', '11111111-1111-1111-1111-000000000010', 'social_contact', 'David', 'Marek', '2006-04-16', '{"avatar_url":"https://images.unsplash.com/photo-1507003211169-0a1dd7228f2d?w=150","relationship_to_child":"BiologickĂ˝ syn"}'::jsonb, true, 'N', true);
INSERT INTO public.persons (id, organization_id, household_id, role, first_name, last_name, birth_date, custom_fields, gdpr_consent_signed, safety_rating, is_active) VALUES ('55555555-5555-5555-0010-000000000001', 'a0e0a0e0-a0e0-a0e0-a0e0-a0e0a0e0a0e0', '11111111-1111-1111-1111-000000000010', 'social_contact', 'Filip', 'Marek', '2016-09-10', '{"avatar_url":"https://images.unsplash.com/photo-1519085360753-af0119f7cbe7?w=150","relationship_to_child":"BiologickĂ˝ syn"}'::jsonb, true, 'N', true);
INSERT INTO public.persons (id, organization_id, household_id, role, first_name, last_name, birth_number, phone, gdpr_consent_signed, safety_rating, is_active) VALUES ('66666666-6666-6666-6666-000000000010', 'a0e0a0e0-a0e0-a0e0-a0e0-a0e0a0e0a0e0', '11111111-1111-1111-1111-000000000010', 'bio_parent', 'Petr', 'Zeman', '780425/3929', '+420655236848', false, 'B', true);
INSERT INTO public.events (id, organization_id, household_id, author_id, type, title, payload, occurred_at) VALUES ('77777777-7777-7777-0010-000000000000', 'a0e0a0e0-a0e0-a0e0-a0e0-a0e0a0e0a0e0', '11111111-1111-1111-1111-000000000010', 'aecbcd51-1ae6-48b3-b641-a5c639b46fe6', 'regular_visit', 'PravidelnĂˇ pololetnĂ­ nĂˇvĹˇtÄ›va', '{"content":"NĂˇvĹˇtÄ›va v rodinÄ› probÄ›hla v poĹ™Ăˇdku. PÄ›stoun Jaroslav Marek vzornÄ› spolupracuje, dÄ›ti se rozvĂ­jejĂ­ standardnÄ› podle IPOD.","summary":"PololetnĂ­ nĂˇvĹˇtÄ›va bez zjiĹˇtÄ›nĂ˝ch nedostatkĹŻ."}'::jsonb, '2026-05-29 22:34:49+02');
INSERT INTO public.events (id, organization_id, household_id, author_id, type, title, payload, occurred_at) VALUES ('77777777-7777-7777-0010-000000000001', 'a0e0a0e0-a0e0-a0e0-a0e0-a0e0a0e0a0e0', '11111111-1111-1111-1111-000000000010', 'aecbcd51-1ae6-48b3-b641-a5c639b46fe6', 'phone_call', 'TelefonickĂ˝ kontakt s pÄ›stounem', '{"content":"TelefonickĂ˝ hovor s pÄ›stounem. ProbĂ­rali jsme chovĂˇnĂ­ dÄ›tĂ­ ve Ĺˇkole a plĂˇnovĂˇnĂ­ letnĂ­ch prĂˇzdninovĂ˝ch aktivit.","summary":"TelefonĂˇt ohlednÄ› prĂˇzdnin."}'::jsonb, '2026-05-24 22:34:49+02');

-- DomĂˇcnost 12: Filip ÄŚernĂ˝ (FF-967-MJX)
INSERT INTO public.households (id, organization_id, branch_id, assigned_ko_id, foster_id, status, notes) VALUES ('11111111-1111-1111-1111-000000000011', 'a0e0a0e0-a0e0-a0e0-a0e0-a0e0a0e0a0e0', 'b0b0b0b0-b0b0-b0b0-b0b0-b0b0b0b0b0b0', 'aecbcd51-1ae6-48b3-b641-a5c639b46fe6', 'FF-967-MJX', 'active', 'PÄ›stounskĂˇ rodina: Filip ÄŚernĂ˝. DoprovĂˇzĂ­ Anna MĂˇlkovĂˇ.');
INSERT INTO public.persons (id, organization_id, household_id, role, first_name, last_name, birth_date, custom_fields, is_active) VALUES ('22222222-2222-2222-2222-000000000011', 'a0e0a0e0-a0e0-a0e0-a0e0-a0e0a0e0a0e0', '11111111-1111-1111-1111-000000000011', 'foster_parent', 'Filip', 'ÄŚernĂ˝', '1987-04-28', '{"profession":"SociĂˇlnĂ­ pracovnĂ­k","foster_care_type":"C","avatar_url":"https://images.unsplash.com/photo-1492562080023-ab3db95bfbce?w=150","relationship_to_child":"strĂ˝c"}'::jsonb, true);
INSERT INTO public.person_addresses (id, person_id, type, street, city, zip, from_date) VALUES ('33333333-3333-3333-3333-000000000011', '22222222-2222-2222-2222-000000000011', 'actual', 'ZahradnĂ­ 108', 'ModĹ™ice', '627 69', '2020-01-01');
INSERT INTO public.persons (id, organization_id, household_id, role, first_name, last_name, birth_date, custom_fields, gdpr_consent_signed, safety_rating, is_active) VALUES ('44444444-4444-4444-0011-000000000000', 'a0e0a0e0-a0e0-a0e0-a0e0-a0e0a0e0a0e0', '11111111-1111-1111-1111-000000000011', 'child', 'VĂˇclav', 'KuÄŤera', '2021-06-24', '{"relationship_to_foster_parent":"synovec","foster_care_type":"C","avatar_url":"https://images.unsplash.com/photo-1500648767791-00dcc994a43e?w=150","hobby":"Skaut","school":"GymnĂˇzium Elgartova Brno"}'::jsonb, true, 'A', true);
INSERT INTO public.persons (id, organization_id, household_id, role, first_name, last_name, birth_date, custom_fields, gdpr_consent_signed, safety_rating, is_active) VALUES ('44444444-4444-4444-0011-000000000001', 'a0e0a0e0-a0e0-a0e0-a0e0-a0e0a0e0a0e0', '11111111-1111-1111-1111-000000000011', 'child', 'LukĂˇĹˇ', 'NovĂˇk', '2013-06-19', '{"relationship_to_foster_parent":"synovec","foster_care_type":"C","avatar_url":"https://images.unsplash.com/photo-1507003211169-0a1dd7228f2d?w=150","hobby":"Keramika","school":"GymnĂˇzium Elgartova Brno"}'::jsonb, true, 'B', true);
INSERT INTO public.persons (id, organization_id, household_id, role, first_name, last_name, birth_date, custom_fields, gdpr_consent_signed, safety_rating, is_active) VALUES ('55555555-5555-5555-0011-000000000000', 'a0e0a0e0-a0e0-a0e0-a0e0-a0e0a0e0a0e0', '11111111-1111-1111-1111-000000000011', 'social_contact', 'Josef', 'ÄŚernĂ˝', '2013-03-18', '{"avatar_url":"https://images.unsplash.com/photo-1507003211169-0a1dd7228f2d?w=150","relationship_to_child":"BiologickĂ˝ syn"}'::jsonb, true, 'N', true);
INSERT INTO public.persons (id, organization_id, household_id, role, first_name, last_name, birth_date, custom_fields, gdpr_consent_signed, safety_rating, is_active) VALUES ('55555555-5555-5555-0011-000000000001', 'a0e0a0e0-a0e0-a0e0-a0e0-a0e0a0e0a0e0', '11111111-1111-1111-1111-000000000011', 'social_contact', 'Monika', 'ÄŚernĂ˝', '2018-01-07', '{"avatar_url":"https://images.unsplash.com/photo-1517841905240-472988babdf9?w=150","relationship_to_child":"BiologickĂˇ dcera"}'::jsonb, true, 'N', true);
INSERT INTO public.persons (id, organization_id, household_id, role, first_name, last_name, birth_number, phone, gdpr_consent_signed, safety_rating, is_active) VALUES ('66666666-6666-6666-6666-000000000011', 'a0e0a0e0-a0e0-a0e0-a0e0-a0e0a0e0a0e0', '11111111-1111-1111-1111-000000000011', 'bio_parent', 'Radim', 'KrĂˇl', '720116/6056', '+420739788450', false, 'Z', true);
INSERT INTO public.events (id, organization_id, household_id, author_id, type, title, payload, occurred_at) VALUES ('77777777-7777-7777-0011-000000000000', 'a0e0a0e0-a0e0-a0e0-a0e0-a0e0a0e0a0e0', '11111111-1111-1111-1111-000000000011', 'aecbcd51-1ae6-48b3-b641-a5c639b46fe6', 'crisis_event', 'Pokus o kontakt biologickĂ©ho otce', '{"content":"BiologickĂ˝ rodiÄŤ Radim KrĂˇl se pokusil kontaktovat dĂ­tÄ› navzdory soudnĂ­Ĺˇemu zĂˇkazu styku. PÄ›stoun okamĹľitÄ› kontaktoval naĹˇi klĂ­ÄŤovou osobu. Incident hlĂˇĹˇen na OSPOD.","summary":"PoruĹˇenĂ­ zĂˇkazu styku biologickĂ˝m rodiÄŤem."}'::jsonb, '2026-04-28 22:34:49+02');

-- DomĂˇcnost 13: Barbora HorĂˇkovĂˇ (FF-026-LDD)
INSERT INTO public.households (id, organization_id, branch_id, assigned_ko_id, foster_id, status, notes) VALUES ('11111111-1111-1111-1111-000000000012', 'a0e0a0e0-a0e0-a0e0-a0e0-a0e0a0e0a0e0', 'b0b0b0b0-b0b0-b0b0-b0b0-b0b0b0b0b0b0', 'aecbcd51-1ae6-48b3-b641-a5c639b46fe6', 'FF-026-LDD', 'active', 'PÄ›stounskĂˇ rodina: Barbora HorĂˇkovĂˇ. DoprovĂˇzĂ­ Anna MĂˇlkovĂˇ.');
INSERT INTO public.persons (id, organization_id, household_id, role, first_name, last_name, birth_date, custom_fields, is_active) VALUES ('22222222-2222-2222-2222-000000000012', 'a0e0a0e0-a0e0-a0e0-a0e0-a0e0a0e0a0e0', '11111111-1111-1111-1111-000000000012', 'foster_parent', 'Barbora', 'HorĂˇkovĂˇ', '1991-03-09', '{"profession":"StavebnĂ­ inĹľenĂ˝r","foster_care_type":"B","avatar_url":"https://images.unsplash.com/photo-1534528741775-53994a69daeb?w=150"}'::jsonb, true);
INSERT INTO public.person_addresses (id, person_id, type, street, city, zip, from_date) VALUES ('33333333-3333-3333-3333-000000000012', '22222222-2222-2222-2222-000000000012', 'actual', 'NĂˇdraĹľnĂ­ 115', 'VyĹˇkov', '662 86', '2020-01-01');
INSERT INTO public.persons (id, organization_id, household_id, role, first_name, last_name, birth_date, custom_fields, gdpr_consent_signed, safety_rating, is_active) VALUES ('44444444-4444-4444-0012-000000000000', 'a0e0a0e0-a0e0-a0e0-a0e0-a0e0a0e0a0e0', '11111111-1111-1111-1111-000000000012', 'child', 'Lenka', 'KrĂˇlovĂˇ', '2011-09-28', '{"foster_care_type":"B","avatar_url":"https://images.unsplash.com/photo-1517841905240-472988babdf9?w=150","hobby":"Fotbal","school":"ZĹ  KĹ™Ă­dlovickĂˇ Brno"}'::jsonb, true, 'A', true);
INSERT INTO public.persons (id, organization_id, household_id, role, first_name, last_name, birth_date, custom_fields, gdpr_consent_signed, safety_rating, is_active) VALUES ('44444444-4444-4444-0012-000000000001', 'a0e0a0e0-a0e0-a0e0-a0e0-a0e0a0e0a0e0', '11111111-1111-1111-1111-000000000012', 'child', 'Hana', 'FialovĂˇ', '2021-04-10', '{"foster_care_type":"B","avatar_url":"https://images.unsplash.com/photo-1488426862026-3ee34a7d66df?w=150","hobby":"Fotbal","school":"ZĹ  NĂˇdraĹľnĂ­ VyĹˇkov"}'::jsonb, true, 'A', true);
INSERT INTO public.persons (id, organization_id, household_id, role, first_name, last_name, birth_date, custom_fields, gdpr_consent_signed, safety_rating, is_active) VALUES ('55555555-5555-5555-0012-000000000000', 'a0e0a0e0-a0e0-a0e0-a0e0-a0e0a0e0a0e0', '11111111-1111-1111-1111-000000000012', 'social_contact', 'David', 'HorĂˇkovĂˇ', '2014-12-10', '{"avatar_url":"https://images.unsplash.com/photo-1506794778202-cad84cf45f1d?w=150","relationship_to_child":"BiologickĂ˝ syn"}'::jsonb, true, 'N', true);
INSERT INTO public.persons (id, organization_id, household_id, role, first_name, last_name, birth_date, custom_fields, gdpr_consent_signed, safety_rating, is_active) VALUES ('55555555-5555-5555-0012-000000000001', 'a0e0a0e0-a0e0-a0e0-a0e0-a0e0a0e0a0e0', '11111111-1111-1111-1111-000000000012', 'social_contact', 'FrantiĹˇek', 'HorĂˇkovĂˇ', '2006-02-02', '{"avatar_url":"https://images.unsplash.com/photo-1507003211169-0a1dd7228f2d?w=150","relationship_to_child":"BiologickĂ˝ syn"}'::jsonb, true, 'N', true);
INSERT INTO public.persons (id, organization_id, household_id, role, first_name, last_name, birth_number, phone, gdpr_consent_signed, safety_rating, is_active) VALUES ('66666666-6666-6666-6666-000000000012', 'a0e0a0e0-a0e0-a0e0-a0e0-a0e0a0e0a0e0', '11111111-1111-1111-1111-000000000012', 'bio_parent', 'Michaela', 'MarkovĂˇ', '960828/6525', '+420731762534', true, 'Z', true);
INSERT INTO public.events (id, organization_id, household_id, author_id, type, title, payload, occurred_at) VALUES ('77777777-7777-7777-0012-000000000000', 'a0e0a0e0-a0e0-a0e0-a0e0-a0e0a0e0a0e0', '11111111-1111-1111-1111-000000000012', 'aecbcd51-1ae6-48b3-b641-a5c639b46fe6', 'crisis_event', 'Pokus o kontakt biologickĂ©ho otce', '{"content":"BiologickĂ˝ rodiÄŤ Michaela MarkovĂˇ se pokusil kontaktovat dĂ­tÄ› navzdory soudnĂ­Ĺˇemu zĂˇkazu styku. PÄ›stoun okamĹľitÄ› kontaktoval naĹˇi klĂ­ÄŤovou osobu. Incident hlĂˇĹˇen na OSPOD.","summary":"PoruĹˇenĂ­ zĂˇkazu styku biologickĂ˝m rodiÄŤem."}'::jsonb, '2026-05-10 22:34:49+02');
INSERT INTO public.events (id, organization_id, household_id, author_id, type, title, payload, occurred_at) VALUES ('77777777-7777-7777-0012-000000000001', 'a0e0a0e0-a0e0-a0e0-a0e0-a0e0a0e0a0e0', '11111111-1111-1111-1111-000000000012', 'aecbcd51-1ae6-48b3-b641-a5c639b46fe6', 'crisis_event', 'Pokus o kontakt biologickĂ©ho otce', '{"content":"BiologickĂ˝ rodiÄŤ Michaela MarkovĂˇ se pokusil kontaktovat dĂ­tÄ› navzdory soudnĂ­Ĺˇemu zĂˇkazu styku. PÄ›stoun okamĹľitÄ› kontaktoval naĹˇi klĂ­ÄŤovou osobu. Incident hlĂˇĹˇen na OSPOD.","summary":"PoruĹˇenĂ­ zĂˇkazu styku biologickĂ˝m rodiÄŤem."}'::jsonb, '2026-03-31 22:34:49+02');

-- DomĂˇcnost 14: Hana ZemanovĂˇ (FF-061-AQM)
INSERT INTO public.households (id, organization_id, branch_id, assigned_ko_id, foster_id, status, notes) VALUES ('11111111-1111-1111-1111-000000000013', 'a0e0a0e0-a0e0-a0e0-a0e0-a0e0a0e0a0e0', 'b0b0b0b0-b0b0-b0b0-b0b0-b0b0b0b0b0b0', 'aecbcd51-1ae6-48b3-b641-a5c639b46fe6', 'FF-061-AQM', 'active', 'PÄ›stounskĂˇ rodina: Hana ZemanovĂˇ. DoprovĂˇzĂ­ Anna MĂˇlkovĂˇ.');
INSERT INTO public.persons (id, organization_id, household_id, role, first_name, last_name, birth_date, custom_fields, is_active) VALUES ('22222222-2222-2222-2222-000000000013', 'a0e0a0e0-a0e0-a0e0-a0e0-a0e0a0e0a0e0', '11111111-1111-1111-1111-000000000013', 'foster_parent', 'Hana', 'ZemanovĂˇ', '1974-02-10', '{"profession":"ZdravotnĂ­ sestra","foster_care_type":"B","avatar_url":"https://images.unsplash.com/photo-1517841905240-472988babdf9?w=150"}'::jsonb, true);
INSERT INTO public.person_addresses (id, person_id, type, street, city, zip, from_date) VALUES ('33333333-3333-3333-3333-000000000013', '22222222-2222-2222-2222-000000000013', 'actual', 'Ĺ kolnĂ­ 12', 'Hostomice', '465 67', '2020-01-01');
INSERT INTO public.persons (id, organization_id, household_id, role, first_name, last_name, birth_date, custom_fields, gdpr_consent_signed, safety_rating, is_active) VALUES ('44444444-4444-4444-0013-000000000000', 'a0e0a0e0-a0e0-a0e0-a0e0-a0e0a0e0a0e0', '11111111-1111-1111-1111-000000000013', 'child', 'VĂˇclav', 'ProchĂˇzka', '2012-07-11', '{"foster_care_type":"B","avatar_url":"https://images.unsplash.com/photo-1519085360753-af0119f7cbe7?w=150","hobby":"ModelĂˇĹ™stvĂ­","school":"ZĹ  Ĺ kolnĂ­ Hostomice"}'::jsonb, true, 'C', true);
INSERT INTO public.persons (id, organization_id, household_id, role, first_name, last_name, birth_date, custom_fields, gdpr_consent_signed, safety_rating, is_active) VALUES ('55555555-5555-5555-0013-000000000000', 'a0e0a0e0-a0e0-a0e0-a0e0-a0e0a0e0a0e0', '11111111-1111-1111-1111-000000000013', 'social_contact', 'Alena', 'ZemanovĂˇ', '2009-09-16', '{"avatar_url":"https://images.unsplash.com/photo-1517841905240-472988babdf9?w=150","relationship_to_child":"BiologickĂˇ dcera"}'::jsonb, true, 'N', true);
INSERT INTO public.persons (id, organization_id, household_id, role, first_name, last_name, birth_date, custom_fields, gdpr_consent_signed, safety_rating, is_active) VALUES ('55555555-5555-5555-0013-000000000001', 'a0e0a0e0-a0e0-a0e0-a0e0-a0e0a0e0a0e0', '11111111-1111-1111-1111-000000000013', 'social_contact', 'Veronika', 'ZemanovĂˇ', '2007-05-02', '{"avatar_url":"https://images.unsplash.com/photo-1488426862026-3ee34a7d66df?w=150","relationship_to_child":"BiologickĂˇ dcera"}'::jsonb, true, 'N', true);
INSERT INTO public.persons (id, organization_id, household_id, role, first_name, last_name, birth_number, phone, gdpr_consent_signed, safety_rating, is_active) VALUES ('66666666-6666-6666-6666-000000000013', 'a0e0a0e0-a0e0-a0e0-a0e0-a0e0a0e0a0e0', '11111111-1111-1111-1111-000000000013', 'bio_parent', 'Anna', 'NÄ›mcovĂˇ', '760714/1487', '+420651119761', false, 'C', true);
INSERT INTO public.events (id, organization_id, household_id, author_id, type, title, payload, occurred_at) VALUES ('77777777-7777-7777-0013-000000000000', 'a0e0a0e0-a0e0-a0e0-a0e0-a0e0a0e0a0e0', '11111111-1111-1111-1111-000000000013', 'aecbcd51-1ae6-48b3-b641-a5c639b46fe6', 'crisis_event', 'Incident / PoruĹˇenĂ­ pravidel', '{"content":"HlĂˇĹˇen drobnĂ˝ incident v rodinÄ›: neshody ve Ĺˇkole ohlednÄ› prospÄ›chu. KlĂ­ÄŤovĂˇ osoba naplĂˇnovala spoleÄŤnĂ© jednĂˇnĂ­ s tĹ™Ă­dnĂ­m uÄŤitelem.","summary":"ĹeĹˇenĂ­ studijnĂ­ch problĂ©mĹŻ."}'::jsonb, '2026-04-12 22:34:49+02');
INSERT INTO public.events (id, organization_id, household_id, author_id, type, title, payload, occurred_at) VALUES ('77777777-7777-7777-0013-000000000001', 'a0e0a0e0-a0e0-a0e0-a0e0-a0e0a0e0a0e0', '11111111-1111-1111-1111-000000000013', 'aecbcd51-1ae6-48b3-b641-a5c639b46fe6', 'phone_call', 'TelefonickĂ˝ kontakt s pÄ›stounem', '{"content":"TelefonickĂ˝ hovor s pÄ›stounem. ProbĂ­rali jsme chovĂˇnĂ­ dÄ›tĂ­ ve Ĺˇkole a plĂˇnovĂˇnĂ­ letnĂ­ch prĂˇzdninovĂ˝ch aktivit.","summary":"TelefonĂˇt ohlednÄ› prĂˇzdnin."}'::jsonb, '2026-04-19 22:34:49+02');

-- DomĂˇcnost 15: David NovotnĂ˝ (FF-604-BAG)
INSERT INTO public.households (id, organization_id, branch_id, assigned_ko_id, foster_id, status, notes) VALUES ('11111111-1111-1111-1111-000000000014', 'a0e0a0e0-a0e0-a0e0-a0e0-a0e0a0e0a0e0', 'b0b0b0b0-b0b0-b0b0-b0b0-b0b0b0b0b0b0', 'aecbcd51-1ae6-48b3-b641-a5c639b46fe6', 'FF-604-BAG', 'active', 'PÄ›stounskĂˇ rodina: David NovotnĂ˝. DoprovĂˇzĂ­ Anna MĂˇlkovĂˇ.');
INSERT INTO public.persons (id, organization_id, household_id, role, first_name, last_name, birth_date, custom_fields, is_active) VALUES ('22222222-2222-2222-2222-000000000014', 'a0e0a0e0-a0e0-a0e0-a0e0-a0e0a0e0a0e0', '11111111-1111-1111-1111-000000000014', 'foster_parent', 'David', 'NovotnĂ˝', '1966-08-12', '{"profession":"ZahradnĂ­k","foster_care_type":"C","avatar_url":"https://images.unsplash.com/photo-1506794778202-cad84cf45f1d?w=150","relationship_to_child":"strĂ˝c"}'::jsonb, true);
INSERT INTO public.person_addresses (id, person_id, type, street, city, zip, from_date) VALUES ('33333333-3333-3333-3333-000000000014', '22222222-2222-2222-2222-000000000014', 'actual', 'Merhautova 29', 'Blansko', '324 60', '2020-01-01');
INSERT INTO public.persons (id, organization_id, household_id, role, first_name, last_name, birth_date, custom_fields, gdpr_consent_signed, safety_rating, is_active) VALUES ('44444444-4444-4444-0014-000000000000', 'a0e0a0e0-a0e0-a0e0-a0e0-a0e0a0e0a0e0', '11111111-1111-1111-1111-000000000014', 'child', 'Filip', 'ProchĂˇzka', '2011-08-05', '{"relationship_to_foster_parent":"synovec","foster_care_type":"C","avatar_url":"https://images.unsplash.com/photo-1506794778202-cad84cf45f1d?w=150","hobby":"TaneÄŤnĂ­ krouĹľek","school":"ZĹ  Ăšvoz Brno"}'::jsonb, true, 'C', true);
INSERT INTO public.persons (id, organization_id, household_id, role, first_name, last_name, birth_date, custom_fields, gdpr_consent_signed, safety_rating, is_active) VALUES ('55555555-5555-5555-0014-000000000000', 'a0e0a0e0-a0e0-a0e0-a0e0-a0e0a0e0a0e0', '11111111-1111-1111-1111-000000000014', 'social_contact', 'JiĹ™Ă­', 'NovotnĂ˝', '2020-04-24', '{"avatar_url":"https://images.unsplash.com/photo-1519085360753-af0119f7cbe7?w=150","relationship_to_child":"BiologickĂ˝ syn"}'::jsonb, true, 'N', true);
INSERT INTO public.persons (id, organization_id, household_id, role, first_name, last_name, birth_date, custom_fields, gdpr_consent_signed, safety_rating, is_active) VALUES ('55555555-5555-5555-0014-000000000001', 'a0e0a0e0-a0e0-a0e0-a0e0-a0e0a0e0a0e0', '11111111-1111-1111-1111-000000000014', 'social_contact', 'TomĂˇĹˇ', 'NovotnĂ˝', '2017-03-23', '{"avatar_url":"https://images.unsplash.com/photo-1501196354995-cbb51c65aaea?w=150","relationship_to_child":"BiologickĂ˝ syn"}'::jsonb, true, 'N', true);
INSERT INTO public.persons (id, organization_id, household_id, role, first_name, last_name, birth_number, phone, gdpr_consent_signed, safety_rating, is_active) VALUES ('66666666-6666-6666-6666-000000000014', 'a0e0a0e0-a0e0-a0e0-a0e0-a0e0a0e0a0e0', '11111111-1111-1111-1111-000000000014', 'bio_parent', 'Lucie', 'BeneĹˇovĂˇ', '901112/9785', '+420609969084', true, 'C', true);
INSERT INTO public.events (id, organization_id, household_id, author_id, type, title, payload, occurred_at) VALUES ('77777777-7777-7777-0014-000000000000', 'a0e0a0e0-a0e0-a0e0-a0e0-a0e0a0e0a0e0', '11111111-1111-1111-1111-000000000014', 'aecbcd51-1ae6-48b3-b641-a5c639b46fe6', 'regular_visit', 'PravidelnĂˇ pololetnĂ­ nĂˇvĹˇtÄ›va', '{"content":"NĂˇvĹˇtÄ›va v rodinÄ› probÄ›hla v poĹ™Ăˇdku. PÄ›stoun David NovotnĂ˝ vzornÄ› spolupracuje, dÄ›ti se rozvĂ­jejĂ­ standardnÄ› podle IPOD.","summary":"PololetnĂ­ nĂˇvĹˇtÄ›va bez zjiĹˇtÄ›nĂ˝ch nedostatkĹŻ."}'::jsonb, '2026-05-02 22:34:49+02');

-- DomĂˇcnost 16: Pavel JelĂ­nek (FF-373-UGS)
INSERT INTO public.households (id, organization_id, branch_id, assigned_ko_id, foster_id, status, notes) VALUES ('11111111-1111-1111-1111-000000000015', 'a0e0a0e0-a0e0-a0e0-a0e0-a0e0a0e0a0e0', 'b0b0b0b0-b0b0-b0b0-b0b0-b0b0b0b0b0b0', 'aecbcd51-1ae6-48b3-b641-a5c639b46fe6', 'FF-373-UGS', 'active', 'PÄ›stounskĂˇ rodina: Pavel JelĂ­nek. DoprovĂˇzĂ­ Anna MĂˇlkovĂˇ.');
INSERT INTO public.persons (id, organization_id, household_id, role, first_name, last_name, birth_date, custom_fields, is_active) VALUES ('22222222-2222-2222-2222-000000000015', 'a0e0a0e0-a0e0-a0e0-a0e0-a0e0a0e0a0e0', '11111111-1111-1111-1111-000000000015', 'foster_parent', 'Pavel', 'JelĂ­nek', '1973-01-28', '{"profession":"ZahradnĂ­k","foster_care_type":"C","avatar_url":"https://images.unsplash.com/photo-1506794778202-cad84cf45f1d?w=150","relationship_to_child":"strĂ˝c"}'::jsonb, true);
INSERT INTO public.person_addresses (id, person_id, type, street, city, zip, from_date) VALUES ('33333333-3333-3333-3333-000000000015', '22222222-2222-2222-2222-000000000015', 'actual', 'NĂˇdraĹľnĂ­ 72', 'ModĹ™ice', '658 38', '2020-01-01');
INSERT INTO public.persons (id, organization_id, household_id, role, first_name, last_name, birth_date, custom_fields, gdpr_consent_signed, safety_rating, is_active) VALUES ('44444444-4444-4444-0015-000000000000', 'a0e0a0e0-a0e0-a0e0-a0e0-a0e0a0e0a0e0', '11111111-1111-1111-1111-000000000015', 'child', 'Michaela', 'ProchĂˇzkovĂˇ', '2010-06-11', '{"relationship_to_foster_parent":"neteĹ™","foster_care_type":"C","avatar_url":"https://images.unsplash.com/photo-1517841905240-472988babdf9?w=150","hobby":"VĂ˝tvarnĂ˝ krouĹľek","school":"ZĹ  Ăšvoz Brno"}'::jsonb, true, 'A', true);
INSERT INTO public.persons (id, organization_id, household_id, role, first_name, last_name, birth_date, custom_fields, gdpr_consent_signed, safety_rating, is_active) VALUES ('55555555-5555-5555-0015-000000000000', 'a0e0a0e0-a0e0-a0e0-a0e0-a0e0a0e0a0e0', '11111111-1111-1111-1111-000000000015', 'social_contact', 'Anna', 'JelĂ­nek', '2022-03-27', '{"avatar_url":"https://images.unsplash.com/photo-1544005313-94ddf0286df2?w=150","relationship_to_child":"BiologickĂˇ dcera"}'::jsonb, true, 'N', true);
INSERT INTO public.persons (id, organization_id, household_id, role, first_name, last_name, birth_date, custom_fields, gdpr_consent_signed, safety_rating, is_active) VALUES ('55555555-5555-5555-0015-000000000001', 'a0e0a0e0-a0e0-a0e0-a0e0-a0e0a0e0a0e0', '11111111-1111-1111-1111-000000000015', 'social_contact', 'Marie', 'JelĂ­nek', '2015-08-02', '{"avatar_url":"https://images.unsplash.com/photo-1544005313-94ddf0286df2?w=150","relationship_to_child":"BiologickĂˇ dcera"}'::jsonb, true, 'N', true);
INSERT INTO public.persons (id, organization_id, household_id, role, first_name, last_name, birth_number, phone, gdpr_consent_signed, safety_rating, is_active) VALUES ('66666666-6666-6666-6666-000000000015', 'a0e0a0e0-a0e0-a0e0-a0e0-a0e0a0e0a0e0', '11111111-1111-1111-1111-000000000015', 'bio_parent', 'JiĹ™Ă­', 'Zeman', '951108/4752', '+420685502078', false, 'Z', true);
INSERT INTO public.events (id, organization_id, household_id, author_id, type, title, payload, occurred_at) VALUES ('77777777-7777-7777-0015-000000000000', 'a0e0a0e0-a0e0-a0e0-a0e0-a0e0a0e0a0e0', '11111111-1111-1111-1111-000000000015', 'aecbcd51-1ae6-48b3-b641-a5c639b46fe6', 'crisis_event', 'Pokus o kontakt biologickĂ©ho otce', '{"content":"BiologickĂ˝ rodiÄŤ JiĹ™Ă­ Zeman se pokusil kontaktovat dĂ­tÄ› navzdory soudnĂ­Ĺˇemu zĂˇkazu styku. PÄ›stoun okamĹľitÄ› kontaktoval naĹˇi klĂ­ÄŤovou osobu. Incident hlĂˇĹˇen na OSPOD.","summary":"PoruĹˇenĂ­ zĂˇkazu styku biologickĂ˝m rodiÄŤem."}'::jsonb, '2026-06-04 22:34:49+02');

-- DomĂˇcnost 17: TomĂˇĹˇ ÄŚernĂ˝ (FF-699-JME)
INSERT INTO public.households (id, organization_id, branch_id, assigned_ko_id, foster_id, status, notes) VALUES ('11111111-1111-1111-1111-000000000016', 'a0e0a0e0-a0e0-a0e0-a0e0-a0e0a0e0a0e0', 'b0b0b0b0-b0b0-b0b0-b0b0-b0b0b0b0b0b0', 'aecbcd51-1ae6-48b3-b641-a5c639b46fe6', 'FF-699-JME', 'active', 'PÄ›stounskĂˇ rodina: TomĂˇĹˇ ÄŚernĂ˝. DoprovĂˇzĂ­ Anna MĂˇlkovĂˇ.');
INSERT INTO public.persons (id, organization_id, household_id, role, first_name, last_name, birth_date, custom_fields, is_active) VALUES ('22222222-2222-2222-2222-000000000016', 'a0e0a0e0-a0e0-a0e0-a0e0-a0e0a0e0a0e0', '11111111-1111-1111-1111-000000000016', 'foster_parent', 'TomĂˇĹˇ', 'ÄŚernĂ˝', '1972-08-16', '{"profession":"DĹŻchodce","foster_care_type":"B","avatar_url":"https://images.unsplash.com/photo-1519085360753-af0119f7cbe7?w=150"}'::jsonb, true);
INSERT INTO public.person_addresses (id, person_id, type, street, city, zip, from_date) VALUES ('33333333-3333-3333-3333-000000000016', '22222222-2222-2222-2222-000000000016', 'actual', 'KoneÄŤnĂ©ho nĂˇmÄ›stĂ­ 20', 'Hostomice', '402 68', '2020-01-01');
INSERT INTO public.persons (id, organization_id, household_id, role, first_name, last_name, birth_date, custom_fields, gdpr_consent_signed, safety_rating, is_active) VALUES ('44444444-4444-4444-0016-000000000000', 'a0e0a0e0-a0e0-a0e0-a0e0-a0e0a0e0a0e0', '11111111-1111-1111-1111-000000000016', 'child', 'Jan', 'ProchĂˇzka', '2019-10-25', '{"foster_care_type":"B","avatar_url":"https://images.unsplash.com/photo-1501196354995-cbb51c65aaea?w=150","hobby":"Cyklistika","school":"ZĹ  KĹ™Ă­dlovickĂˇ Brno"}'::jsonb, true, 'C', true);
INSERT INTO public.persons (id, organization_id, household_id, role, first_name, last_name, birth_date, custom_fields, gdpr_consent_signed, safety_rating, is_active) VALUES ('55555555-5555-5555-0016-000000000000', 'a0e0a0e0-a0e0-a0e0-a0e0-a0e0a0e0a0e0', '11111111-1111-1111-1111-000000000016', 'social_contact', 'Michal', 'ÄŚernĂ˝', '2020-09-05', '{"avatar_url":"https://images.unsplash.com/photo-1507003211169-0a1dd7228f2d?w=150","relationship_to_child":"BiologickĂ˝ syn"}'::jsonb, true, 'N', true);
INSERT INTO public.persons (id, organization_id, household_id, role, first_name, last_name, birth_date, custom_fields, gdpr_consent_signed, safety_rating, is_active) VALUES ('55555555-5555-5555-0016-000000000001', 'a0e0a0e0-a0e0-a0e0-a0e0-a0e0a0e0a0e0', '11111111-1111-1111-1111-000000000016', 'social_contact', 'Jakub', 'ÄŚernĂ˝', '2005-07-13', '{"avatar_url":"https://images.unsplash.com/photo-1501196354995-cbb51c65aaea?w=150","relationship_to_child":"BiologickĂ˝ syn"}'::jsonb, true, 'N', true);
INSERT INTO public.persons (id, organization_id, household_id, role, first_name, last_name, birth_date, custom_fields, gdpr_consent_signed, safety_rating, is_active) VALUES ('55555555-5555-5555-0016-000000000002', 'a0e0a0e0-a0e0-a0e0-a0e0-a0e0a0e0a0e0', '11111111-1111-1111-1111-000000000016', 'social_contact', 'VĂˇclav', 'ÄŚernĂ˝', '2009-03-17', '{"avatar_url":"https://images.unsplash.com/photo-1506794778202-cad84cf45f1d?w=150","relationship_to_child":"BiologickĂ˝ syn"}'::jsonb, true, 'N', true);
INSERT INTO public.persons (id, organization_id, household_id, role, first_name, last_name, birth_number, phone, gdpr_consent_signed, safety_rating, is_active) VALUES ('66666666-6666-6666-6666-000000000016', 'a0e0a0e0-a0e0-a0e0-a0e0-a0e0a0e0a0e0', '11111111-1111-1111-1111-000000000016', 'bio_parent', 'AleĹˇ', 'ProchĂˇzka', '870726/3231', '+420714759794', false, 'C', true);
INSERT INTO public.events (id, organization_id, household_id, author_id, type, title, payload, occurred_at) VALUES ('77777777-7777-7777-0016-000000000000', 'a0e0a0e0-a0e0-a0e0-a0e0-a0e0a0e0a0e0', '11111111-1111-1111-1111-000000000016', 'aecbcd51-1ae6-48b3-b641-a5c639b46fe6', 'phone_call', 'TelefonickĂ˝ kontakt s pÄ›stounem', '{"content":"TelefonickĂ˝ hovor s pÄ›stounem. ProbĂ­rali jsme chovĂˇnĂ­ dÄ›tĂ­ ve Ĺˇkole a plĂˇnovĂˇnĂ­ letnĂ­ch prĂˇzdninovĂ˝ch aktivit.","summary":"TelefonĂˇt ohlednÄ› prĂˇzdnin."}'::jsonb, '2026-05-08 22:34:49+02');
INSERT INTO public.events (id, organization_id, household_id, author_id, type, title, payload, occurred_at) VALUES ('77777777-7777-7777-0016-000000000001', 'a0e0a0e0-a0e0-a0e0-a0e0-a0e0a0e0a0e0', '11111111-1111-1111-1111-000000000016', 'aecbcd51-1ae6-48b3-b641-a5c639b46fe6', 'regular_visit', 'PravidelnĂˇ pololetnĂ­ nĂˇvĹˇtÄ›va', '{"content":"NĂˇvĹˇtÄ›va v rodinÄ› probÄ›hla v poĹ™Ăˇdku. PÄ›stoun TomĂˇĹˇ ÄŚernĂ˝ vzornÄ› spolupracuje, dÄ›ti se rozvĂ­jejĂ­ standardnÄ› podle IPOD.","summary":"PololetnĂ­ nĂˇvĹˇtÄ›va bez zjiĹˇtÄ›nĂ˝ch nedostatkĹŻ."}'::jsonb, '2026-05-27 22:34:49+02');

-- DomĂˇcnost 18: Marie BeneĹˇovĂˇ (FF-761-SSZ)
INSERT INTO public.households (id, organization_id, branch_id, assigned_ko_id, foster_id, status, notes) VALUES ('11111111-1111-1111-1111-000000000017', 'a0e0a0e0-a0e0-a0e0-a0e0-a0e0a0e0a0e0', 'b0b0b0b0-b0b0-b0b0-b0b0-b0b0b0b0b0b0', 'aecbcd51-1ae6-48b3-b641-a5c639b46fe6', 'FF-761-SSZ', 'active', 'PÄ›stounskĂˇ rodina: Marie BeneĹˇovĂˇ. DoprovĂˇzĂ­ Anna MĂˇlkovĂˇ.');
INSERT INTO public.persons (id, organization_id, household_id, role, first_name, last_name, birth_date, custom_fields, is_active) VALUES ('22222222-2222-2222-2222-000000000017', 'a0e0a0e0-a0e0-a0e0-a0e0-a0e0a0e0a0e0', '11111111-1111-1111-1111-000000000017', 'foster_parent', 'Marie', 'BeneĹˇovĂˇ', '1965-04-17', '{"profession":"UÄŤitel","foster_care_type":"B","avatar_url":"https://images.unsplash.com/photo-1494790108377-be9c29b29330?w=150"}'::jsonb, true);
INSERT INTO public.person_addresses (id, person_id, type, street, city, zip, from_date) VALUES ('33333333-3333-3333-3333-000000000017', '22222222-2222-2222-2222-000000000017', 'actual', 'DlouhĂˇ 16', 'Brno', '706 23', '2020-01-01');
INSERT INTO public.persons (id, organization_id, household_id, role, first_name, last_name, birth_date, custom_fields, gdpr_consent_signed, safety_rating, is_active) VALUES ('44444444-4444-4444-0017-000000000000', 'a0e0a0e0-a0e0-a0e0-a0e0-a0e0a0e0a0e0', '11111111-1111-1111-1111-000000000017', 'child', 'Lenka', 'ÄŚernĂˇ', '2019-08-03', '{"foster_care_type":"B","avatar_url":"https://images.unsplash.com/photo-1438761681033-6461ffad8d80?w=150","hobby":"Hra na klavĂ­r","school":"ZĹ  Ăšvoz Brno"}'::jsonb, true, 'A', true);
INSERT INTO public.persons (id, organization_id, household_id, role, first_name, last_name, birth_date, custom_fields, gdpr_consent_signed, safety_rating, is_active) VALUES ('55555555-5555-5555-0017-000000000000', 'a0e0a0e0-a0e0-a0e0-a0e0-a0e0a0e0a0e0', '11111111-1111-1111-1111-000000000017', 'social_contact', 'Jaroslav', 'BeneĹˇovĂˇ', '2014-07-04', '{"avatar_url":"https://images.unsplash.com/photo-1501196354995-cbb51c65aaea?w=150","relationship_to_child":"BiologickĂ˝ syn"}'::jsonb, true, 'N', true);
INSERT INTO public.persons (id, organization_id, household_id, role, first_name, last_name, birth_number, phone, gdpr_consent_signed, safety_rating, is_active) VALUES ('66666666-6666-6666-6666-000000000017', 'a0e0a0e0-a0e0-a0e0-a0e0-a0e0a0e0a0e0', '11111111-1111-1111-1111-000000000017', 'bio_parent', 'Hana', 'VeselĂˇ', '960906/8927', '+420615890552', false, 'B', true);
INSERT INTO public.events (id, organization_id, household_id, author_id, type, title, payload, occurred_at) VALUES ('77777777-7777-7777-0017-000000000000', 'a0e0a0e0-a0e0-a0e0-a0e0-a0e0a0e0a0e0', '11111111-1111-1111-1111-000000000017', 'aecbcd51-1ae6-48b3-b641-a5c639b46fe6', 'phone_call', 'TelefonickĂ˝ kontakt s pÄ›stounem', '{"content":"TelefonickĂ˝ hovor s pÄ›stounem. ProbĂ­rali jsme chovĂˇnĂ­ dÄ›tĂ­ ve Ĺˇkole a plĂˇnovĂˇnĂ­ letnĂ­ch prĂˇzdninovĂ˝ch aktivit.","summary":"TelefonĂˇt ohlednÄ› prĂˇzdnin."}'::jsonb, '2026-05-18 22:34:49+02');

-- DomĂˇcnost 19: Lenka JelĂ­nkovĂˇ (FF-408-KTE)
INSERT INTO public.households (id, organization_id, branch_id, assigned_ko_id, foster_id, status, notes) VALUES ('11111111-1111-1111-1111-000000000018', 'a0e0a0e0-a0e0-a0e0-a0e0-a0e0a0e0a0e0', 'b0b0b0b0-b0b0-b0b0-b0b0-b0b0b0b0b0b0', 'aecbcd51-1ae6-48b3-b641-a5c639b46fe6', 'FF-408-KTE', 'active', 'PÄ›stounskĂˇ rodina: Lenka JelĂ­nkovĂˇ. DoprovĂˇzĂ­ Anna MĂˇlkovĂˇ.');
INSERT INTO public.persons (id, organization_id, household_id, role, first_name, last_name, birth_date, custom_fields, is_active) VALUES ('22222222-2222-2222-2222-000000000018', 'a0e0a0e0-a0e0-a0e0-a0e0-a0e0a0e0a0e0', '11111111-1111-1111-1111-000000000018', 'foster_parent', 'Lenka', 'JelĂ­nkovĂˇ', '1978-03-18', '{"profession":"ĹidiÄŤ","foster_care_type":"A","avatar_url":"https://images.unsplash.com/photo-1517841905240-472988babdf9?w=150"}'::jsonb, true);
INSERT INTO public.person_addresses (id, person_id, type, street, city, zip, from_date) VALUES ('33333333-3333-3333-3333-000000000018', '22222222-2222-2222-2222-000000000018', 'actual', 'Husova 110', 'ModĹ™ice', '667 60', '2020-01-01');
INSERT INTO public.persons (id, organization_id, household_id, role, first_name, last_name, birth_date, custom_fields, gdpr_consent_signed, safety_rating, is_active) VALUES ('44444444-4444-4444-0018-000000000000', 'a0e0a0e0-a0e0-a0e0-a0e0-a0e0a0e0a0e0', '11111111-1111-1111-1111-000000000018', 'child', 'Pavel', 'ProchĂˇzka', '2012-12-22', '{"foster_care_type":"A","avatar_url":"https://images.unsplash.com/photo-1500648767791-00dcc994a43e?w=150","hobby":"Cyklistika","school":"ZĹ  Ĺ kolnĂ­ Hostomice"}'::jsonb, true, 'A', true);
INSERT INTO public.persons (id, organization_id, household_id, role, first_name, last_name, birth_date, custom_fields, gdpr_consent_signed, safety_rating, is_active) VALUES ('55555555-5555-5555-0018-000000000000', 'a0e0a0e0-a0e0-a0e0-a0e0-a0e0a0e0a0e0', '11111111-1111-1111-1111-000000000018', 'social_contact', 'EliĹˇka', 'JelĂ­nkovĂˇ', '2007-01-18', '{"avatar_url":"https://images.unsplash.com/photo-1517841905240-472988babdf9?w=150","relationship_to_child":"BiologickĂˇ dcera"}'::jsonb, true, 'N', true);
INSERT INTO public.persons (id, organization_id, household_id, role, first_name, last_name, birth_date, custom_fields, gdpr_consent_signed, safety_rating, is_active) VALUES ('55555555-5555-5555-0018-000000000001', 'a0e0a0e0-a0e0-a0e0-a0e0-a0e0a0e0a0e0', '11111111-1111-1111-1111-000000000018', 'social_contact', 'TomĂˇĹˇ', 'JelĂ­nkovĂˇ', '2008-12-19', '{"avatar_url":"https://images.unsplash.com/photo-1506794778202-cad84cf45f1d?w=150","relationship_to_child":"BiologickĂ˝ syn"}'::jsonb, true, 'N', true);
INSERT INTO public.persons (id, organization_id, household_id, role, first_name, last_name, birth_number, phone, gdpr_consent_signed, safety_rating, is_active) VALUES ('66666666-6666-6666-6666-000000000018', 'a0e0a0e0-a0e0-a0e0-a0e0-a0e0a0e0a0e0', '11111111-1111-1111-1111-000000000018', 'bio_parent', 'Lucie', 'VeselĂˇ', '900718/5939', '+420656602684', false, 'Z', true);
INSERT INTO public.events (id, organization_id, household_id, author_id, type, title, payload, occurred_at) VALUES ('77777777-7777-7777-0018-000000000000', 'a0e0a0e0-a0e0-a0e0-a0e0-a0e0a0e0a0e0', '11111111-1111-1111-1111-000000000018', 'aecbcd51-1ae6-48b3-b641-a5c639b46fe6', 'crisis_event', 'Pokus o kontakt biologickĂ©ho otce', '{"content":"BiologickĂ˝ rodiÄŤ Lucie VeselĂˇ se pokusil kontaktovat dĂ­tÄ› navzdory soudnĂ­Ĺˇemu zĂˇkazu styku. PÄ›stoun okamĹľitÄ› kontaktoval naĹˇi klĂ­ÄŤovou osobu. Incident hlĂˇĹˇen na OSPOD.","summary":"PoruĹˇenĂ­ zĂˇkazu styku biologickĂ˝m rodiÄŤem."}'::jsonb, '2026-04-16 22:34:49+02');
INSERT INTO public.events (id, organization_id, household_id, author_id, type, title, payload, occurred_at) VALUES ('77777777-7777-7777-0018-000000000001', 'a0e0a0e0-a0e0-a0e0-a0e0-a0e0a0e0a0e0', '11111111-1111-1111-1111-000000000018', 'aecbcd51-1ae6-48b3-b641-a5c639b46fe6', 'crisis_event', 'Pokus o kontakt biologickĂ©ho otce', '{"content":"BiologickĂ˝ rodiÄŤ Lucie VeselĂˇ se pokusil kontaktovat dĂ­tÄ› navzdory soudnĂ­Ĺˇemu zĂˇkazu styku. PÄ›stoun okamĹľitÄ› kontaktoval naĹˇi klĂ­ÄŤovou osobu. Incident hlĂˇĹˇen na OSPOD.","summary":"PoruĹˇenĂ­ zĂˇkazu styku biologickĂ˝m rodiÄŤem."}'::jsonb, '2026-05-27 22:34:49+02');

-- DomĂˇcnost 20: Marie KuÄŤerovĂˇ (FF-543-PNW)
INSERT INTO public.households (id, organization_id, branch_id, assigned_ko_id, foster_id, status, notes) VALUES ('11111111-1111-1111-1111-000000000019', 'a0e0a0e0-a0e0-a0e0-a0e0-a0e0a0e0a0e0', 'b0b0b0b0-b0b0-b0b0-b0b0-b0b0b0b0b0b0', 'aecbcd51-1ae6-48b3-b641-a5c639b46fe6', 'FF-543-PNW', 'active', 'PÄ›stounskĂˇ rodina: Marie KuÄŤerovĂˇ. DoprovĂˇzĂ­ Anna MĂˇlkovĂˇ.');
INSERT INTO public.persons (id, organization_id, household_id, role, first_name, last_name, birth_date, custom_fields, is_active) VALUES ('22222222-2222-2222-2222-000000000019', 'a0e0a0e0-a0e0-a0e0-a0e0-a0e0a0e0a0e0', '11111111-1111-1111-1111-000000000019', 'foster_parent', 'Marie', 'KuÄŤerovĂˇ', '1989-12-16', '{"profession":"ZdravotnĂ­ sestra","foster_care_type":"C","avatar_url":"https://images.unsplash.com/photo-1544005313-94ddf0286df2?w=150","relationship_to_child":"babiÄŤka"}'::jsonb, true);
INSERT INTO public.person_addresses (id, person_id, type, street, city, zip, from_date) VALUES ('33333333-3333-3333-3333-000000000019', '22222222-2222-2222-2222-000000000019', 'actual', 'PekaĹ™skĂˇ 136', 'KuĹ™im', '437 73', '2020-01-01');
INSERT INTO public.persons (id, organization_id, household_id, role, first_name, last_name, birth_date, custom_fields, gdpr_consent_signed, safety_rating, is_active) VALUES ('44444444-4444-4444-0019-000000000000', 'a0e0a0e0-a0e0-a0e0-a0e0-a0e0a0e0a0e0', '11111111-1111-1111-1111-000000000019', 'child', 'Pavel', 'HorĂˇk', '2016-05-23', '{"relationship_to_foster_parent":"vnuk","foster_care_type":"C","avatar_url":"https://images.unsplash.com/photo-1492562080023-ab3db95bfbce?w=150","hobby":"TaneÄŤnĂ­ krouĹľek","school":"ZĹ  Merhautova Brno"}'::jsonb, true, 'A', true);
INSERT INTO public.persons (id, organization_id, household_id, role, first_name, last_name, birth_date, custom_fields, gdpr_consent_signed, safety_rating, is_active) VALUES ('55555555-5555-5555-0019-000000000000', 'a0e0a0e0-a0e0-a0e0-a0e0-a0e0a0e0a0e0', '11111111-1111-1111-1111-000000000019', 'social_contact', 'Petra', 'KuÄŤerovĂˇ', '2015-11-10', '{"avatar_url":"https://images.unsplash.com/photo-1517841905240-472988babdf9?w=150","relationship_to_child":"BiologickĂˇ dcera"}'::jsonb, true, 'N', true);
INSERT INTO public.persons (id, organization_id, household_id, role, first_name, last_name, birth_date, custom_fields, gdpr_consent_signed, safety_rating, is_active) VALUES ('55555555-5555-5555-0019-000000000001', 'a0e0a0e0-a0e0-a0e0-a0e0-a0e0a0e0a0e0', '11111111-1111-1111-1111-000000000019', 'social_contact', 'Anna', 'KuÄŤerovĂˇ', '2015-11-24', '{"avatar_url":"https://images.unsplash.com/photo-1517841905240-472988babdf9?w=150","relationship_to_child":"BiologickĂˇ dcera"}'::jsonb, true, 'N', true);
INSERT INTO public.persons (id, organization_id, household_id, role, first_name, last_name, birth_number, phone, gdpr_consent_signed, safety_rating, is_active) VALUES ('66666666-6666-6666-6666-000000000019', 'a0e0a0e0-a0e0-a0e0-a0e0-a0e0a0e0a0e0', '11111111-1111-1111-1111-000000000019', 'bio_parent', 'Miroslav', 'NovĂˇk', '770109/4786', '+420603357859', false, 'C', true);
INSERT INTO public.events (id, organization_id, household_id, author_id, type, title, payload, occurred_at) VALUES ('77777777-7777-7777-0019-000000000000', 'a0e0a0e0-a0e0-a0e0-a0e0-a0e0a0e0a0e0', '11111111-1111-1111-1111-000000000019', 'aecbcd51-1ae6-48b3-b641-a5c639b46fe6', 'crisis_event', 'Incident / PoruĹˇenĂ­ pravidel', '{"content":"HlĂˇĹˇen drobnĂ˝ incident v rodinÄ›: neshody ve Ĺˇkole ohlednÄ› prospÄ›chu. KlĂ­ÄŤovĂˇ osoba naplĂˇnovala spoleÄŤnĂ© jednĂˇnĂ­ s tĹ™Ă­dnĂ­m uÄŤitelem.","summary":"ĹeĹˇenĂ­ studijnĂ­ch problĂ©mĹŻ."}'::jsonb, '2026-03-30 22:34:49+02');
INSERT INTO public.events (id, organization_id, household_id, author_id, type, title, payload, occurred_at) VALUES ('77777777-7777-7777-0019-000000000001', 'a0e0a0e0-a0e0-a0e0-a0e0-a0e0a0e0a0e0', '11111111-1111-1111-1111-000000000019', 'aecbcd51-1ae6-48b3-b641-a5c639b46fe6', 'phone_call', 'TelefonickĂ˝ kontakt s pÄ›stounem', '{"content":"TelefonickĂ˝ hovor s pÄ›stounem. ProbĂ­rali jsme chovĂˇnĂ­ dÄ›tĂ­ ve Ĺˇkole a plĂˇnovĂˇnĂ­ letnĂ­ch prĂˇzdninovĂ˝ch aktivit.","summary":"TelefonĂˇt ohlednÄ› prĂˇzdnin."}'::jsonb, '2026-05-02 22:34:50+02');

-- DomĂˇcnost 21: KristĂ˝na MarkovĂˇ (FF-359-KUN)
INSERT INTO public.households (id, organization_id, branch_id, assigned_ko_id, foster_id, status, notes) VALUES ('11111111-1111-1111-1111-000000000020', 'a0e0a0e0-a0e0-a0e0-a0e0-a0e0a0e0a0e0', 'b0b0b0b0-b0b0-b0b0-b0b0-b0b0b0b0b0b0', 'f1520cd2-38d3-49fc-a40b-e6c4524983c8', 'FF-359-KUN', 'active', 'PÄ›stounskĂˇ rodina: KristĂ˝na MarkovĂˇ. DoprovĂˇzĂ­ Anna MĂˇlkovĂˇ.');
INSERT INTO public.persons (id, organization_id, household_id, role, first_name, last_name, birth_date, custom_fields, is_active) VALUES ('22222222-2222-2222-2222-000000000020', 'a0e0a0e0-a0e0-a0e0-a0e0-a0e0a0e0a0e0', '11111111-1111-1111-1111-000000000020', 'foster_parent', 'KristĂ˝na', 'MarkovĂˇ', '1967-10-07', '{"profession":"SociĂˇlnĂ­ pracovnĂ­k","foster_care_type":"C","avatar_url":"https://images.unsplash.com/photo-1494790108377-be9c29b29330?w=150","relationship_to_child":"babiÄŤka"}'::jsonb, true);
INSERT INTO public.person_addresses (id, person_id, type, street, city, zip, from_date) VALUES ('33333333-3333-3333-3333-000000000020', '22222222-2222-2222-2222-000000000020', 'actual', 'SportovnĂ­ 128', 'TiĹˇnov', '285 55', '2020-01-01');
INSERT INTO public.persons (id, organization_id, household_id, role, first_name, last_name, birth_date, custom_fields, gdpr_consent_signed, safety_rating, is_active) VALUES ('44444444-4444-4444-0020-000000000000', 'a0e0a0e0-a0e0-a0e0-a0e0-a0e0a0e0a0e0', '11111111-1111-1111-1111-000000000020', 'child', 'Lenka', 'SvobodovĂˇ', '2021-10-03', '{"relationship_to_foster_parent":"vnuÄŤka","foster_care_type":"C","avatar_url":"https://images.unsplash.com/photo-1494790108377-be9c29b29330?w=150","hobby":"Cyklistika","school":"ZĹ  KĹ™Ă­dlovickĂˇ Brno"}'::jsonb, true, 'C', true);
INSERT INTO public.persons (id, organization_id, household_id, role, first_name, last_name, birth_date, custom_fields, gdpr_consent_signed, safety_rating, is_active) VALUES ('44444444-4444-4444-0020-000000000001', 'a0e0a0e0-a0e0-a0e0-a0e0-a0e0a0e0a0e0', '11111111-1111-1111-1111-000000000020', 'child', 'Tereza', 'KolĂˇĹ™ovĂˇ', '2019-05-03', '{"relationship_to_foster_parent":"vnuÄŤka","foster_care_type":"C","avatar_url":"https://images.unsplash.com/photo-1488426862026-3ee34a7d66df?w=150","hobby":"Skaut","school":"ZĹ  Ăšvoz Brno"}'::jsonb, true, 'A', true);
INSERT INTO public.persons (id, organization_id, household_id, role, first_name, last_name, birth_date, custom_fields, gdpr_consent_signed, safety_rating, is_active) VALUES ('55555555-5555-5555-0020-000000000000', 'a0e0a0e0-a0e0-a0e0-a0e0-a0e0a0e0a0e0', '11111111-1111-1111-1111-000000000020', 'social_contact', 'Martina', 'MarkovĂˇ', '2005-03-25', '{"avatar_url":"https://images.unsplash.com/photo-1438761681033-6461ffad8d80?w=150","relationship_to_child":"BiologickĂˇ dcera"}'::jsonb, true, 'N', true);
INSERT INTO public.persons (id, organization_id, household_id, role, first_name, last_name, birth_number, phone, gdpr_consent_signed, safety_rating, is_active) VALUES ('66666666-6666-6666-6666-000000000020', 'a0e0a0e0-a0e0-a0e0-a0e0-a0e0a0e0a0e0', '11111111-1111-1111-1111-000000000020', 'bio_parent', 'Lenka', 'BeneĹˇovĂˇ', '731103/4646', '+420690499788', true, 'C', true);
INSERT INTO public.events (id, organization_id, household_id, author_id, type, title, payload, occurred_at) VALUES ('77777777-7777-7777-0020-000000000000', 'a0e0a0e0-a0e0-a0e0-a0e0-a0e0a0e0a0e0', '11111111-1111-1111-1111-000000000020', 'f1520cd2-38d3-49fc-a40b-e6c4524983c8', 'phone_call', 'TelefonickĂ˝ kontakt s pÄ›stounem', '{"content":"TelefonickĂ˝ hovor s pÄ›stounem. ProbĂ­rali jsme chovĂˇnĂ­ dÄ›tĂ­ ve Ĺˇkole a plĂˇnovĂˇnĂ­ letnĂ­ch prĂˇzdninovĂ˝ch aktivit.","summary":"TelefonĂˇt ohlednÄ› prĂˇzdnin."}'::jsonb, '2026-03-26 22:34:50+02');
INSERT INTO public.events (id, organization_id, household_id, author_id, type, title, payload, occurred_at) VALUES ('77777777-7777-7777-0020-000000000001', 'a0e0a0e0-a0e0-a0e0-a0e0-a0e0a0e0a0e0', '11111111-1111-1111-1111-000000000020', 'f1520cd2-38d3-49fc-a40b-e6c4524983c8', 'phone_call', 'TelefonickĂ˝ kontakt s pÄ›stounem', '{"content":"TelefonickĂ˝ hovor s pÄ›stounem. ProbĂ­rali jsme chovĂˇnĂ­ dÄ›tĂ­ ve Ĺˇkole a plĂˇnovĂˇnĂ­ letnĂ­ch prĂˇzdninovĂ˝ch aktivit.","summary":"TelefonĂˇt ohlednÄ› prĂˇzdnin."}'::jsonb, '2026-05-24 22:34:50+02');

-- DomĂˇcnost 22: Radim NovĂˇk (FF-239-SGK)
INSERT INTO public.households (id, organization_id, branch_id, assigned_ko_id, foster_id, status, notes) VALUES ('11111111-1111-1111-1111-000000000021', 'a0e0a0e0-a0e0-a0e0-a0e0-a0e0a0e0a0e0', 'b0b0b0b0-b0b0-b0b0-b0b0-b0b0b0b0b0b0', 'f1520cd2-38d3-49fc-a40b-e6c4524983c8', 'FF-239-SGK', 'active', 'PÄ›stounskĂˇ rodina: Radim NovĂˇk. DoprovĂˇzĂ­ Anna MĂˇlkovĂˇ.');
INSERT INTO public.persons (id, organization_id, household_id, role, first_name, last_name, birth_date, custom_fields, is_active) VALUES ('22222222-2222-2222-2222-000000000021', 'a0e0a0e0-a0e0-a0e0-a0e0-a0e0a0e0a0e0', '11111111-1111-1111-1111-000000000021', 'foster_parent', 'Radim', 'NovĂˇk', '1988-08-17', '{"profession":"StavebnĂ­ inĹľenĂ˝r","foster_care_type":"C","avatar_url":"https://images.unsplash.com/photo-1519085360753-af0119f7cbe7?w=150","relationship_to_child":"strĂ˝c"}'::jsonb, true);
INSERT INTO public.person_addresses (id, person_id, type, street, city, zip, from_date) VALUES ('33333333-3333-3333-3333-000000000021', '22222222-2222-2222-2222-000000000021', 'actual', 'SportovnĂ­ 47', 'VyĹˇkov', '416 36', '2020-01-01');
INSERT INTO public.persons (id, organization_id, household_id, role, first_name, last_name, birth_date, custom_fields, gdpr_consent_signed, safety_rating, is_active) VALUES ('44444444-4444-4444-0021-000000000000', 'a0e0a0e0-a0e0-a0e0-a0e0-a0e0a0e0a0e0', '11111111-1111-1111-1111-000000000021', 'child', 'Marek', 'Marek', '2020-12-26', '{"relationship_to_foster_parent":"synovec","foster_care_type":"C","avatar_url":"https://images.unsplash.com/photo-1492562080023-ab3db95bfbce?w=150","hobby":"PlavĂˇnĂ­","school":"ZĹ  KĹ™Ă­dlovickĂˇ Brno"}'::jsonb, true, 'A', true);
INSERT INTO public.persons (id, organization_id, household_id, role, first_name, last_name, birth_date, custom_fields, gdpr_consent_signed, safety_rating, is_active) VALUES ('55555555-5555-5555-0021-000000000000', 'a0e0a0e0-a0e0-a0e0-a0e0-a0e0a0e0a0e0', '11111111-1111-1111-1111-000000000021', 'social_contact', 'Jaroslav', 'NovĂˇk', '2008-11-18', '{"avatar_url":"https://images.unsplash.com/photo-1507003211169-0a1dd7228f2d?w=150","relationship_to_child":"BiologickĂ˝ syn"}'::jsonb, true, 'N', true);
INSERT INTO public.persons (id, organization_id, household_id, role, first_name, last_name, birth_date, custom_fields, gdpr_consent_signed, safety_rating, is_active) VALUES ('55555555-5555-5555-0021-000000000001', 'a0e0a0e0-a0e0-a0e0-a0e0-a0e0a0e0a0e0', '11111111-1111-1111-1111-000000000021', 'social_contact', 'Hana', 'NovĂˇk', '2019-10-15', '{"avatar_url":"https://images.unsplash.com/photo-1544005313-94ddf0286df2?w=150","relationship_to_child":"BiologickĂˇ dcera"}'::jsonb, true, 'N', true);
INSERT INTO public.persons (id, organization_id, household_id, role, first_name, last_name, birth_number, phone, gdpr_consent_signed, safety_rating, is_active) VALUES ('66666666-6666-6666-6666-000000000021', 'a0e0a0e0-a0e0-a0e0-a0e0-a0e0a0e0a0e0', '11111111-1111-1111-1111-000000000021', 'bio_parent', 'Petra', 'KuÄŤerovĂˇ', '750611/9946', '+420717248510', false, 'B', true);
INSERT INTO public.events (id, organization_id, household_id, author_id, type, title, payload, occurred_at) VALUES ('77777777-7777-7777-0021-000000000000', 'a0e0a0e0-a0e0-a0e0-a0e0-a0e0a0e0a0e0', '11111111-1111-1111-1111-000000000021', 'f1520cd2-38d3-49fc-a40b-e6c4524983c8', 'crisis_event', 'Incident / PoruĹˇenĂ­ pravidel', '{"content":"HlĂˇĹˇen drobnĂ˝ incident v rodinÄ›: neshody ve Ĺˇkole ohlednÄ› prospÄ›chu. KlĂ­ÄŤovĂˇ osoba naplĂˇnovala spoleÄŤnĂ© jednĂˇnĂ­ s tĹ™Ă­dnĂ­m uÄŤitelem.","summary":"ĹeĹˇenĂ­ studijnĂ­ch problĂ©mĹŻ."}'::jsonb, '2026-03-25 22:34:50+02');
INSERT INTO public.events (id, organization_id, household_id, author_id, type, title, payload, occurred_at) VALUES ('77777777-7777-7777-0021-000000000001', 'a0e0a0e0-a0e0-a0e0-a0e0-a0e0a0e0a0e0', '11111111-1111-1111-1111-000000000021', 'f1520cd2-38d3-49fc-a40b-e6c4524983c8', 'regular_visit', 'PravidelnĂˇ pololetnĂ­ nĂˇvĹˇtÄ›va', '{"content":"NĂˇvĹˇtÄ›va v rodinÄ› probÄ›hla v poĹ™Ăˇdku. PÄ›stoun Radim NovĂˇk vzornÄ› spolupracuje, dÄ›ti se rozvĂ­jejĂ­ standardnÄ› podle IPOD.","summary":"PololetnĂ­ nĂˇvĹˇtÄ›va bez zjiĹˇtÄ›nĂ˝ch nedostatkĹŻ."}'::jsonb, '2026-04-04 22:34:50+02');

-- DomĂˇcnost 23: Radim KrĂˇl (FF-839-BPX)
INSERT INTO public.households (id, organization_id, branch_id, assigned_ko_id, foster_id, status, notes) VALUES ('11111111-1111-1111-1111-000000000022', 'a0e0a0e0-a0e0-a0e0-a0e0-a0e0a0e0a0e0', 'b0b0b0b0-b0b0-b0b0-b0b0-b0b0b0b0b0b0', 'f1520cd2-38d3-49fc-a40b-e6c4524983c8', 'FF-839-BPX', 'active', 'PÄ›stounskĂˇ rodina: Radim KrĂˇl. DoprovĂˇzĂ­ Anna MĂˇlkovĂˇ.');
INSERT INTO public.persons (id, organization_id, household_id, role, first_name, last_name, birth_date, custom_fields, is_active) VALUES ('22222222-2222-2222-2222-000000000022', 'a0e0a0e0-a0e0-a0e0-a0e0-a0e0a0e0a0e0', '11111111-1111-1111-1111-000000000022', 'foster_parent', 'Radim', 'KrĂˇl', '1967-11-16', '{"profession":"ZdravotnĂ­ sestra","foster_care_type":"C","avatar_url":"https://images.unsplash.com/photo-1507003211169-0a1dd7228f2d?w=150","relationship_to_child":"strĂ˝c"}'::jsonb, true);
INSERT INTO public.person_addresses (id, person_id, type, street, city, zip, from_date) VALUES ('33333333-3333-3333-3333-000000000022', '22222222-2222-2222-2222-000000000022', 'actual', 'Merhautova 61', 'Hostomice', '662 32', '2020-01-01');
INSERT INTO public.persons (id, organization_id, household_id, role, first_name, last_name, birth_date, custom_fields, gdpr_consent_signed, safety_rating, is_active) VALUES ('44444444-4444-4444-0022-000000000000', 'a0e0a0e0-a0e0-a0e0-a0e0-a0e0a0e0a0e0', '11111111-1111-1111-1111-000000000022', 'child', 'Monika', 'DvoĹ™ĂˇkovĂˇ', '2012-12-10', '{"relationship_to_foster_parent":"neteĹ™","foster_care_type":"C","avatar_url":"https://images.unsplash.com/photo-1488426862026-3ee34a7d66df?w=150","hobby":"Hra na klavĂ­r","school":"ZĹ  KĹ™Ă­dlovickĂˇ Brno"}'::jsonb, true, 'A', true);
INSERT INTO public.persons (id, organization_id, household_id, role, first_name, last_name, birth_date, custom_fields, gdpr_consent_signed, safety_rating, is_active) VALUES ('55555555-5555-5555-0022-000000000000', 'a0e0a0e0-a0e0-a0e0-a0e0-a0e0a0e0a0e0', '11111111-1111-1111-1111-000000000022', 'social_contact', 'LukĂˇĹˇ', 'KrĂˇl', '2020-02-24', '{"avatar_url":"https://images.unsplash.com/photo-1492562080023-ab3db95bfbce?w=150","relationship_to_child":"BiologickĂ˝ syn"}'::jsonb, true, 'N', true);
INSERT INTO public.persons (id, organization_id, household_id, role, first_name, last_name, birth_date, custom_fields, gdpr_consent_signed, safety_rating, is_active) VALUES ('55555555-5555-5555-0022-000000000001', 'a0e0a0e0-a0e0-a0e0-a0e0-a0e0a0e0a0e0', '11111111-1111-1111-1111-000000000022', 'social_contact', 'Michaela', 'KrĂˇl', '2017-08-17', '{"avatar_url":"https://images.unsplash.com/photo-1488426862026-3ee34a7d66df?w=150","relationship_to_child":"BiologickĂˇ dcera"}'::jsonb, true, 'N', true);
INSERT INTO public.persons (id, organization_id, household_id, role, first_name, last_name, birth_number, phone, gdpr_consent_signed, safety_rating, is_active) VALUES ('66666666-6666-6666-6666-000000000022', 'a0e0a0e0-a0e0-a0e0-a0e0-a0e0a0e0a0e0', '11111111-1111-1111-1111-000000000022', 'bio_parent', 'Michaela', 'ZemanovĂˇ', '790223/9451', '+420763354617', false, 'Z', true);
INSERT INTO public.events (id, organization_id, household_id, author_id, type, title, payload, occurred_at) VALUES ('77777777-7777-7777-0022-000000000000', 'a0e0a0e0-a0e0-a0e0-a0e0-a0e0a0e0a0e0', '11111111-1111-1111-1111-000000000022', 'f1520cd2-38d3-49fc-a40b-e6c4524983c8', 'crisis_event', 'Pokus o kontakt biologickĂ©ho otce', '{"content":"BiologickĂ˝ rodiÄŤ Michaela ZemanovĂˇ se pokusil kontaktovat dĂ­tÄ› navzdory soudnĂ­Ĺˇemu zĂˇkazu styku. PÄ›stoun okamĹľitÄ› kontaktoval naĹˇi klĂ­ÄŤovou osobu. Incident hlĂˇĹˇen na OSPOD.","summary":"PoruĹˇenĂ­ zĂˇkazu styku biologickĂ˝m rodiÄŤem."}'::jsonb, '2026-03-28 22:34:50+02');
INSERT INTO public.events (id, organization_id, household_id, author_id, type, title, payload, occurred_at) VALUES ('77777777-7777-7777-0022-000000000001', 'a0e0a0e0-a0e0-a0e0-a0e0-a0e0a0e0a0e0', '11111111-1111-1111-1111-000000000022', 'f1520cd2-38d3-49fc-a40b-e6c4524983c8', 'crisis_event', 'Pokus o kontakt biologickĂ©ho otce', '{"content":"BiologickĂ˝ rodiÄŤ Michaela ZemanovĂˇ se pokusil kontaktovat dĂ­tÄ› navzdory soudnĂ­Ĺˇemu zĂˇkazu styku. PÄ›stoun okamĹľitÄ› kontaktoval naĹˇi klĂ­ÄŤovou osobu. Incident hlĂˇĹˇen na OSPOD.","summary":"PoruĹˇenĂ­ zĂˇkazu styku biologickĂ˝m rodiÄŤem."}'::jsonb, '2026-06-06 22:34:50+02');

-- DomĂˇcnost 24: Jana KolĂˇĹ™ovĂˇ (FF-684-VKM)
INSERT INTO public.households (id, organization_id, branch_id, assigned_ko_id, foster_id, status, notes) VALUES ('11111111-1111-1111-1111-000000000023', 'a0e0a0e0-a0e0-a0e0-a0e0-a0e0a0e0a0e0', 'b0b0b0b0-b0b0-b0b0-b0b0-b0b0b0b0b0b0', 'f1520cd2-38d3-49fc-a40b-e6c4524983c8', 'FF-684-VKM', 'active', 'PÄ›stounskĂˇ rodina: Jana KolĂˇĹ™ovĂˇ. DoprovĂˇzĂ­ Anna MĂˇlkovĂˇ.');
INSERT INTO public.persons (id, organization_id, household_id, role, first_name, last_name, birth_date, custom_fields, is_active) VALUES ('22222222-2222-2222-2222-000000000023', 'a0e0a0e0-a0e0-a0e0-a0e0-a0e0a0e0a0e0', '11111111-1111-1111-1111-000000000023', 'foster_parent', 'Jana', 'KolĂˇĹ™ovĂˇ', '1968-04-01', '{"profession":"ZdravotnĂ­ sestra","foster_care_type":"A","avatar_url":"https://images.unsplash.com/photo-1544005313-94ddf0286df2?w=150"}'::jsonb, true);
INSERT INTO public.person_addresses (id, person_id, type, street, city, zip, from_date) VALUES ('33333333-3333-3333-3333-000000000023', '22222222-2222-2222-2222-000000000023', 'actual', 'DlouhĂˇ 115', 'VyĹˇkov', '557 41', '2020-01-01');
INSERT INTO public.persons (id, organization_id, household_id, role, first_name, last_name, birth_date, custom_fields, gdpr_consent_signed, safety_rating, is_active) VALUES ('44444444-4444-4444-0023-000000000000', 'a0e0a0e0-a0e0-a0e0-a0e0-a0e0a0e0a0e0', '11111111-1111-1111-1111-000000000023', 'child', 'Martin', 'NovĂˇk', '2014-03-10', '{"foster_care_type":"A","avatar_url":"https://images.unsplash.com/photo-1507003211169-0a1dd7228f2d?w=150","hobby":"Ĺ achy","school":"ZĹ  Merhautova Brno"}'::jsonb, true, 'C', true);
INSERT INTO public.persons (id, organization_id, household_id, role, first_name, last_name, birth_date, custom_fields, gdpr_consent_signed, safety_rating, is_active) VALUES ('55555555-5555-5555-0023-000000000000', 'a0e0a0e0-a0e0-a0e0-a0e0-a0e0a0e0a0e0', '11111111-1111-1111-1111-000000000023', 'social_contact', 'Radim', 'KolĂˇĹ™ovĂˇ', '2018-01-15', '{"avatar_url":"https://images.unsplash.com/photo-1492562080023-ab3db95bfbce?w=150","relationship_to_child":"BiologickĂ˝ syn"}'::jsonb, true, 'N', true);
INSERT INTO public.persons (id, organization_id, household_id, role, first_name, last_name, birth_date, custom_fields, gdpr_consent_signed, safety_rating, is_active) VALUES ('55555555-5555-5555-0023-000000000001', 'a0e0a0e0-a0e0-a0e0-a0e0-a0e0a0e0a0e0', '11111111-1111-1111-1111-000000000023', 'social_contact', 'Eva', 'KolĂˇĹ™ovĂˇ', '2010-11-25', '{"avatar_url":"https://images.unsplash.com/photo-1517841905240-472988babdf9?w=150","relationship_to_child":"BiologickĂˇ dcera"}'::jsonb, true, 'N', true);
INSERT INTO public.persons (id, organization_id, household_id, role, first_name, last_name, birth_number, phone, gdpr_consent_signed, safety_rating, is_active) VALUES ('66666666-6666-6666-6666-000000000023', 'a0e0a0e0-a0e0-a0e0-a0e0-a0e0a0e0a0e0', '11111111-1111-1111-1111-000000000023', 'bio_parent', 'Anna', 'SedlĂˇÄŤkovĂˇ', '810925/3740', '+420726111920', false, 'Z', true);
INSERT INTO public.events (id, organization_id, household_id, author_id, type, title, payload, occurred_at) VALUES ('77777777-7777-7777-0023-000000000000', 'a0e0a0e0-a0e0-a0e0-a0e0-a0e0a0e0a0e0', '11111111-1111-1111-1111-000000000023', 'f1520cd2-38d3-49fc-a40b-e6c4524983c8', 'crisis_event', 'Pokus o kontakt biologickĂ©ho otce', '{"content":"BiologickĂ˝ rodiÄŤ Anna SedlĂˇÄŤkovĂˇ se pokusil kontaktovat dĂ­tÄ› navzdory soudnĂ­Ĺˇemu zĂˇkazu styku. PÄ›stoun okamĹľitÄ› kontaktoval naĹˇi klĂ­ÄŤovou osobu. Incident hlĂˇĹˇen na OSPOD.","summary":"PoruĹˇenĂ­ zĂˇkazu styku biologickĂ˝m rodiÄŤem."}'::jsonb, '2026-05-21 22:34:50+02');

-- DomĂˇcnost 25: VÄ›ra NÄ›mcovĂˇ (FF-285-RXW)
INSERT INTO public.households (id, organization_id, branch_id, assigned_ko_id, foster_id, status, notes) VALUES ('11111111-1111-1111-1111-000000000024', 'a0e0a0e0-a0e0-a0e0-a0e0-a0e0a0e0a0e0', 'b0b0b0b0-b0b0-b0b0-b0b0-b0b0b0b0b0b0', 'f1520cd2-38d3-49fc-a40b-e6c4524983c8', 'FF-285-RXW', 'active', 'PÄ›stounskĂˇ rodina: VÄ›ra NÄ›mcovĂˇ. DoprovĂˇzĂ­ Anna MĂˇlkovĂˇ.');
INSERT INTO public.persons (id, organization_id, household_id, role, first_name, last_name, birth_date, custom_fields, is_active) VALUES ('22222222-2222-2222-2222-000000000024', 'a0e0a0e0-a0e0-a0e0-a0e0-a0e0a0e0a0e0', '11111111-1111-1111-1111-000000000024', 'foster_parent', 'VÄ›ra', 'NÄ›mcovĂˇ', '1991-12-15', '{"profession":"DĹŻchodce","foster_care_type":"B","avatar_url":"https://images.unsplash.com/photo-1517841905240-472988babdf9?w=150"}'::jsonb, true);
INSERT INTO public.person_addresses (id, person_id, type, street, city, zip, from_date) VALUES ('33333333-3333-3333-3333-000000000024', '22222222-2222-2222-2222-000000000024', 'actual', 'NĂˇdraĹľnĂ­ 58', 'VyĹˇkov', '752 16', '2020-01-01');
INSERT INTO public.persons (id, organization_id, household_id, role, first_name, last_name, birth_date, custom_fields, gdpr_consent_signed, safety_rating, is_active) VALUES ('44444444-4444-4444-0024-000000000000', 'a0e0a0e0-a0e0-a0e0-a0e0-a0e0a0e0a0e0', '11111111-1111-1111-1111-000000000024', 'child', 'AdĂ©la', 'NovĂˇkovĂˇ', '2020-04-27', '{"foster_care_type":"B","avatar_url":"https://images.unsplash.com/photo-1494790108377-be9c29b29330?w=150","hobby":"Hra na klavĂ­r","school":"ZĹ  Merhautova Brno"}'::jsonb, true, 'C', true);
INSERT INTO public.persons (id, organization_id, household_id, role, first_name, last_name, birth_date, custom_fields, gdpr_consent_signed, safety_rating, is_active) VALUES ('55555555-5555-5555-0024-000000000000', 'a0e0a0e0-a0e0-a0e0-a0e0-a0e0a0e0a0e0', '11111111-1111-1111-1111-000000000024', 'social_contact', 'Pavel', 'NÄ›mcovĂˇ', '2015-02-22', '{"avatar_url":"https://images.unsplash.com/photo-1506794778202-cad84cf45f1d?w=150","relationship_to_child":"BiologickĂ˝ syn"}'::jsonb, true, 'N', true);
INSERT INTO public.persons (id, organization_id, household_id, role, first_name, last_name, birth_date, custom_fields, gdpr_consent_signed, safety_rating, is_active) VALUES ('55555555-5555-5555-0024-000000000001', 'a0e0a0e0-a0e0-a0e0-a0e0-a0e0a0e0a0e0', '11111111-1111-1111-1111-000000000024', 'social_contact', 'Tereza', 'NÄ›mcovĂˇ', '2019-07-07', '{"avatar_url":"https://images.unsplash.com/photo-1494790108377-be9c29b29330?w=150","relationship_to_child":"BiologickĂˇ dcera"}'::jsonb, true, 'N', true);
INSERT INTO public.persons (id, organization_id, household_id, role, first_name, last_name, birth_number, phone, gdpr_consent_signed, safety_rating, is_active) VALUES ('66666666-6666-6666-6666-000000000024', 'a0e0a0e0-a0e0-a0e0-a0e0-a0e0a0e0a0e0', '11111111-1111-1111-1111-000000000024', 'bio_parent', 'Jan', 'HorĂˇk', '850523/6737', '+420672817754', false, 'Z', true);
INSERT INTO public.events (id, organization_id, household_id, author_id, type, title, payload, occurred_at) VALUES ('77777777-7777-7777-0024-000000000000', 'a0e0a0e0-a0e0-a0e0-a0e0-a0e0a0e0a0e0', '11111111-1111-1111-1111-000000000024', 'f1520cd2-38d3-49fc-a40b-e6c4524983c8', 'crisis_event', 'Pokus o kontakt biologickĂ©ho otce', '{"content":"BiologickĂ˝ rodiÄŤ Jan HorĂˇk se pokusil kontaktovat dĂ­tÄ› navzdory soudnĂ­Ĺˇemu zĂˇkazu styku. PÄ›stoun okamĹľitÄ› kontaktoval naĹˇi klĂ­ÄŤovou osobu. Incident hlĂˇĹˇen na OSPOD.","summary":"PoruĹˇenĂ­ zĂˇkazu styku biologickĂ˝m rodiÄŤem."}'::jsonb, '2026-05-23 22:34:50+02');
INSERT INTO public.events (id, organization_id, household_id, author_id, type, title, payload, occurred_at) VALUES ('77777777-7777-7777-0024-000000000001', 'a0e0a0e0-a0e0-a0e0-a0e0-a0e0a0e0a0e0', '11111111-1111-1111-1111-000000000024', 'f1520cd2-38d3-49fc-a40b-e6c4524983c8', 'crisis_event', 'Pokus o kontakt biologickĂ©ho otce', '{"content":"BiologickĂ˝ rodiÄŤ Jan HorĂˇk se pokusil kontaktovat dĂ­tÄ› navzdory soudnĂ­Ĺˇemu zĂˇkazu styku. PÄ›stoun okamĹľitÄ› kontaktoval naĹˇi klĂ­ÄŤovou osobu. Incident hlĂˇĹˇen na OSPOD.","summary":"PoruĹˇenĂ­ zĂˇkazu styku biologickĂ˝m rodiÄŤem."}'::jsonb, '2026-04-19 22:34:50+02');

-- DomĂˇcnost 26: Eva ÄŚernĂˇ (FF-385-YST)
INSERT INTO public.households (id, organization_id, branch_id, assigned_ko_id, foster_id, status, notes) VALUES ('11111111-1111-1111-1111-000000000025', 'a0e0a0e0-a0e0-a0e0-a0e0-a0e0a0e0a0e0', 'b0b0b0b0-b0b0-b0b0-b0b0-b0b0b0b0b0b0', 'f1520cd2-38d3-49fc-a40b-e6c4524983c8', 'FF-385-YST', 'active', 'PÄ›stounskĂˇ rodina: Eva ÄŚernĂˇ. DoprovĂˇzĂ­ Anna MĂˇlkovĂˇ.');
INSERT INTO public.persons (id, organization_id, household_id, role, first_name, last_name, birth_date, custom_fields, is_active) VALUES ('22222222-2222-2222-2222-000000000025', 'a0e0a0e0-a0e0-a0e0-a0e0-a0e0a0e0a0e0', '11111111-1111-1111-1111-000000000025', 'foster_parent', 'Eva', 'ÄŚernĂˇ', '1965-04-05', '{"profession":"KuchaĹ™","foster_care_type":"A","avatar_url":"https://images.unsplash.com/photo-1438761681033-6461ffad8d80?w=150"}'::jsonb, true);
INSERT INTO public.person_addresses (id, person_id, type, street, city, zip, from_date) VALUES ('33333333-3333-3333-3333-000000000025', '22222222-2222-2222-2222-000000000025', 'actual', 'NĂˇdraĹľnĂ­ 114', 'TiĹˇnov', '561 34', '2020-01-01');
INSERT INTO public.persons (id, organization_id, household_id, role, first_name, last_name, birth_date, custom_fields, gdpr_consent_signed, safety_rating, is_active) VALUES ('44444444-4444-4444-0025-000000000000', 'a0e0a0e0-a0e0-a0e0-a0e0-a0e0a0e0a0e0', '11111111-1111-1111-1111-000000000025', 'child', 'Tereza', 'ProchĂˇzkovĂˇ', '2011-05-14', '{"foster_care_type":"A","avatar_url":"https://images.unsplash.com/photo-1494790108377-be9c29b29330?w=150","hobby":"ÄŚtenĂ­","school":"GymnĂˇzium Elgartova Brno"}'::jsonb, true, 'C', true);
INSERT INTO public.persons (id, organization_id, household_id, role, first_name, last_name, birth_date, custom_fields, gdpr_consent_signed, safety_rating, is_active) VALUES ('55555555-5555-5555-0025-000000000000', 'a0e0a0e0-a0e0-a0e0-a0e0-a0e0a0e0a0e0', '11111111-1111-1111-1111-000000000025', 'social_contact', 'Jakub', 'ÄŚernĂˇ', '2019-05-07', '{"avatar_url":"https://images.unsplash.com/photo-1492562080023-ab3db95bfbce?w=150","relationship_to_child":"BiologickĂ˝ syn"}'::jsonb, true, 'N', true);
INSERT INTO public.persons (id, organization_id, household_id, role, first_name, last_name, birth_date, custom_fields, gdpr_consent_signed, safety_rating, is_active) VALUES ('55555555-5555-5555-0025-000000000001', 'a0e0a0e0-a0e0-a0e0-a0e0-a0e0a0e0a0e0', '11111111-1111-1111-1111-000000000025', 'social_contact', 'TomĂˇĹˇ', 'ÄŚernĂˇ', '2013-06-14', '{"avatar_url":"https://images.unsplash.com/photo-1506794778202-cad84cf45f1d?w=150","relationship_to_child":"BiologickĂ˝ syn"}'::jsonb, true, 'N', true);
INSERT INTO public.persons (id, organization_id, household_id, role, first_name, last_name, birth_date, custom_fields, gdpr_consent_signed, safety_rating, is_active) VALUES ('55555555-5555-5555-0025-000000000002', 'a0e0a0e0-a0e0-a0e0-a0e0-a0e0a0e0a0e0', '11111111-1111-1111-1111-000000000025', 'social_contact', 'Tereza', 'ÄŚernĂˇ', '2022-05-10', '{"avatar_url":"https://images.unsplash.com/photo-1438761681033-6461ffad8d80?w=150","relationship_to_child":"BiologickĂˇ dcera"}'::jsonb, true, 'N', true);
INSERT INTO public.persons (id, organization_id, household_id, role, first_name, last_name, birth_number, phone, gdpr_consent_signed, safety_rating, is_active) VALUES ('66666666-6666-6666-6666-000000000025', 'a0e0a0e0-a0e0-a0e0-a0e0-a0e0a0e0a0e0', '11111111-1111-1111-1111-000000000025', 'bio_parent', 'Jan', 'NÄ›mec', '860725/9468', '+420716428544', false, 'Z', true);
INSERT INTO public.events (id, organization_id, household_id, author_id, type, title, payload, occurred_at) VALUES ('77777777-7777-7777-0025-000000000000', 'a0e0a0e0-a0e0-a0e0-a0e0-a0e0a0e0a0e0', '11111111-1111-1111-1111-000000000025', 'f1520cd2-38d3-49fc-a40b-e6c4524983c8', 'crisis_event', 'Pokus o kontakt biologickĂ©ho otce', '{"content":"BiologickĂ˝ rodiÄŤ Jan NÄ›mec se pokusil kontaktovat dĂ­tÄ› navzdory soudnĂ­Ĺˇemu zĂˇkazu styku. PÄ›stoun okamĹľitÄ› kontaktoval naĹˇi klĂ­ÄŤovou osobu. Incident hlĂˇĹˇen na OSPOD.","summary":"PoruĹˇenĂ­ zĂˇkazu styku biologickĂ˝m rodiÄŤem."}'::jsonb, '2026-03-19 22:34:50+02');
INSERT INTO public.events (id, organization_id, household_id, author_id, type, title, payload, occurred_at) VALUES ('77777777-7777-7777-0025-000000000001', 'a0e0a0e0-a0e0-a0e0-a0e0-a0e0a0e0a0e0', '11111111-1111-1111-1111-000000000025', 'f1520cd2-38d3-49fc-a40b-e6c4524983c8', 'crisis_event', 'Pokus o kontakt biologickĂ©ho otce', '{"content":"BiologickĂ˝ rodiÄŤ Jan NÄ›mec se pokusil kontaktovat dĂ­tÄ› navzdory soudnĂ­Ĺˇemu zĂˇkazu styku. PÄ›stoun okamĹľitÄ› kontaktoval naĹˇi klĂ­ÄŤovou osobu. Incident hlĂˇĹˇen na OSPOD.","summary":"PoruĹˇenĂ­ zĂˇkazu styku biologickĂ˝m rodiÄŤem."}'::jsonb, '2026-03-24 22:34:50+02');

-- DomĂˇcnost 27: VĂˇclav NovotnĂ˝ (FF-499-EHZ)
INSERT INTO public.households (id, organization_id, branch_id, assigned_ko_id, foster_id, status, notes) VALUES ('11111111-1111-1111-1111-000000000026', 'a0e0a0e0-a0e0-a0e0-a0e0-a0e0a0e0a0e0', 'b0b0b0b0-b0b0-b0b0-b0b0-b0b0b0b0b0b0', 'f1520cd2-38d3-49fc-a40b-e6c4524983c8', 'FF-499-EHZ', 'active', 'PÄ›stounskĂˇ rodina: VĂˇclav NovotnĂ˝. DoprovĂˇzĂ­ Anna MĂˇlkovĂˇ.');
INSERT INTO public.persons (id, organization_id, household_id, role, first_name, last_name, birth_date, custom_fields, is_active) VALUES ('22222222-2222-2222-2222-000000000026', 'a0e0a0e0-a0e0-a0e0-a0e0-a0e0a0e0a0e0', '11111111-1111-1111-1111-000000000026', 'foster_parent', 'VĂˇclav', 'NovotnĂ˝', '1987-09-05', '{"profession":"ĹidiÄŤ","foster_care_type":"B","avatar_url":"https://images.unsplash.com/photo-1506794778202-cad84cf45f1d?w=150"}'::jsonb, true);
INSERT INTO public.person_addresses (id, person_id, type, street, city, zip, from_date) VALUES ('33333333-3333-3333-3333-000000000026', '22222222-2222-2222-2222-000000000026', 'actual', 'ZahradnĂ­ 8', 'Brno', '383 90', '2020-01-01');
INSERT INTO public.persons (id, organization_id, household_id, role, first_name, last_name, birth_date, custom_fields, gdpr_consent_signed, safety_rating, is_active) VALUES ('44444444-4444-4444-0026-000000000000', 'a0e0a0e0-a0e0-a0e0-a0e0-a0e0a0e0a0e0', '11111111-1111-1111-1111-000000000026', 'child', 'Lenka', 'ÄŚernĂˇ', '2010-10-24', '{"foster_care_type":"B","avatar_url":"https://images.unsplash.com/photo-1544005313-94ddf0286df2?w=150","hobby":"TaneÄŤnĂ­ krouĹľek","school":"ZĹ  Merhautova Brno"}'::jsonb, true, 'A', true);
INSERT INTO public.persons (id, organization_id, household_id, role, first_name, last_name, birth_date, custom_fields, gdpr_consent_signed, safety_rating, is_active) VALUES ('55555555-5555-5555-0026-000000000000', 'a0e0a0e0-a0e0-a0e0-a0e0-a0e0a0e0a0e0', '11111111-1111-1111-1111-000000000026', 'social_contact', 'JiĹ™Ă­', 'NovotnĂ˝', '2021-09-21', '{"avatar_url":"https://images.unsplash.com/photo-1492562080023-ab3db95bfbce?w=150","relationship_to_child":"BiologickĂ˝ syn"}'::jsonb, true, 'N', true);
INSERT INTO public.persons (id, organization_id, household_id, role, first_name, last_name, birth_date, custom_fields, gdpr_consent_signed, safety_rating, is_active) VALUES ('55555555-5555-5555-0026-000000000001', 'a0e0a0e0-a0e0-a0e0-a0e0-a0e0a0e0a0e0', '11111111-1111-1111-1111-000000000026', 'social_contact', 'Martin', 'NovotnĂ˝', '2005-11-11', '{"avatar_url":"https://images.unsplash.com/photo-1500648767791-00dcc994a43e?w=150","relationship_to_child":"BiologickĂ˝ syn"}'::jsonb, true, 'N', true);
INSERT INTO public.persons (id, organization_id, household_id, role, first_name, last_name, birth_number, phone, gdpr_consent_signed, safety_rating, is_active) VALUES ('66666666-6666-6666-6666-000000000026', 'a0e0a0e0-a0e0-a0e0-a0e0-a0e0a0e0a0e0', '11111111-1111-1111-1111-000000000026', 'bio_parent', 'Petra', 'ProchĂˇzkovĂˇ', '870628/9227', '+420709141543', false, 'B', true);
INSERT INTO public.events (id, organization_id, household_id, author_id, type, title, payload, occurred_at) VALUES ('77777777-7777-7777-0026-000000000000', 'a0e0a0e0-a0e0-a0e0-a0e0-a0e0a0e0a0e0', '11111111-1111-1111-1111-000000000026', 'f1520cd2-38d3-49fc-a40b-e6c4524983c8', 'phone_call', 'TelefonickĂ˝ kontakt s pÄ›stounem', '{"content":"TelefonickĂ˝ hovor s pÄ›stounem. ProbĂ­rali jsme chovĂˇnĂ­ dÄ›tĂ­ ve Ĺˇkole a plĂˇnovĂˇnĂ­ letnĂ­ch prĂˇzdninovĂ˝ch aktivit.","summary":"TelefonĂˇt ohlednÄ› prĂˇzdnin."}'::jsonb, '2026-03-25 22:34:50+02');

-- DomĂˇcnost 28: Marek Svoboda (FF-437-JZE)
INSERT INTO public.households (id, organization_id, branch_id, assigned_ko_id, foster_id, status, notes) VALUES ('11111111-1111-1111-1111-000000000027', 'a0e0a0e0-a0e0-a0e0-a0e0-a0e0a0e0a0e0', 'b0b0b0b0-b0b0-b0b0-b0b0-b0b0b0b0b0b0', 'f1520cd2-38d3-49fc-a40b-e6c4524983c8', 'FF-437-JZE', 'active', 'PÄ›stounskĂˇ rodina: Marek Svoboda. DoprovĂˇzĂ­ Anna MĂˇlkovĂˇ.');
INSERT INTO public.persons (id, organization_id, household_id, role, first_name, last_name, birth_date, custom_fields, is_active) VALUES ('22222222-2222-2222-2222-000000000027', 'a0e0a0e0-a0e0-a0e0-a0e0-a0e0a0e0a0e0', '11111111-1111-1111-1111-000000000027', 'foster_parent', 'Marek', 'Svoboda', '1965-07-22', '{"profession":"SociĂˇlnĂ­ pracovnĂ­k","foster_care_type":"C","avatar_url":"https://images.unsplash.com/photo-1507003211169-0a1dd7228f2d?w=150","relationship_to_child":"strĂ˝c"}'::jsonb, true);
INSERT INTO public.person_addresses (id, person_id, type, street, city, zip, from_date) VALUES ('33333333-3333-3333-3333-000000000027', '22222222-2222-2222-2222-000000000027', 'actual', 'PekaĹ™skĂˇ 36', 'Slavkov u Brna', '438 64', '2020-01-01');
INSERT INTO public.persons (id, organization_id, household_id, role, first_name, last_name, birth_date, custom_fields, gdpr_consent_signed, safety_rating, is_active) VALUES ('44444444-4444-4444-0027-000000000000', 'a0e0a0e0-a0e0-a0e0-a0e0-a0e0a0e0a0e0', '11111111-1111-1111-1111-000000000027', 'child', 'Jan', 'SedlĂˇÄŤek', '2014-12-12', '{"relationship_to_foster_parent":"synovec","foster_care_type":"C","avatar_url":"https://images.unsplash.com/photo-1519085360753-af0119f7cbe7?w=150","hobby":"Cyklistika","school":"ZĹ  KĹ™Ă­dlovickĂˇ Brno"}'::jsonb, true, 'A', true);
INSERT INTO public.persons (id, organization_id, household_id, role, first_name, last_name, birth_date, custom_fields, gdpr_consent_signed, safety_rating, is_active) VALUES ('55555555-5555-5555-0027-000000000000', 'a0e0a0e0-a0e0-a0e0-a0e0-a0e0a0e0a0e0', '11111111-1111-1111-1111-000000000027', 'social_contact', 'JiĹ™Ă­', 'Svoboda', '2020-01-14', '{"avatar_url":"https://images.unsplash.com/photo-1519085360753-af0119f7cbe7?w=150","relationship_to_child":"BiologickĂ˝ syn"}'::jsonb, true, 'N', true);
INSERT INTO public.persons (id, organization_id, household_id, role, first_name, last_name, birth_date, custom_fields, gdpr_consent_signed, safety_rating, is_active) VALUES ('55555555-5555-5555-0027-000000000001', 'a0e0a0e0-a0e0-a0e0-a0e0-a0e0a0e0a0e0', '11111111-1111-1111-1111-000000000027', 'social_contact', 'Eva', 'Svoboda', '2011-11-14', '{"avatar_url":"https://images.unsplash.com/photo-1488426862026-3ee34a7d66df?w=150","relationship_to_child":"BiologickĂˇ dcera"}'::jsonb, true, 'N', true);
INSERT INTO public.persons (id, organization_id, household_id, role, first_name, last_name, birth_date, custom_fields, gdpr_consent_signed, safety_rating, is_active) VALUES ('55555555-5555-5555-0027-000000000002', 'a0e0a0e0-a0e0-a0e0-a0e0-a0e0a0e0a0e0', '11111111-1111-1111-1111-000000000027', 'social_contact', 'Jakub', 'Svoboda', '2007-10-16', '{"avatar_url":"https://images.unsplash.com/photo-1519085360753-af0119f7cbe7?w=150","relationship_to_child":"BiologickĂ˝ syn"}'::jsonb, true, 'N', true);
INSERT INTO public.persons (id, organization_id, household_id, role, first_name, last_name, birth_number, phone, gdpr_consent_signed, safety_rating, is_active) VALUES ('66666666-6666-6666-6666-000000000027', 'a0e0a0e0-a0e0-a0e0-a0e0-a0e0a0e0a0e0', '11111111-1111-1111-1111-000000000027', 'bio_parent', 'LukĂˇĹˇ', 'HorĂˇk', '800901/3217', '+420692251962', false, 'Z', true);
INSERT INTO public.events (id, organization_id, household_id, author_id, type, title, payload, occurred_at) VALUES ('77777777-7777-7777-0027-000000000000', 'a0e0a0e0-a0e0-a0e0-a0e0-a0e0a0e0a0e0', '11111111-1111-1111-1111-000000000027', 'f1520cd2-38d3-49fc-a40b-e6c4524983c8', 'crisis_event', 'Pokus o kontakt biologickĂ©ho otce', '{"content":"BiologickĂ˝ rodiÄŤ LukĂˇĹˇ HorĂˇk se pokusil kontaktovat dĂ­tÄ› navzdory soudnĂ­Ĺˇemu zĂˇkazu styku. PÄ›stoun okamĹľitÄ› kontaktoval naĹˇi klĂ­ÄŤovou osobu. Incident hlĂˇĹˇen na OSPOD.","summary":"PoruĹˇenĂ­ zĂˇkazu styku biologickĂ˝m rodiÄŤem."}'::jsonb, '2026-04-23 22:34:50+02');
INSERT INTO public.events (id, organization_id, household_id, author_id, type, title, payload, occurred_at) VALUES ('77777777-7777-7777-0027-000000000001', 'a0e0a0e0-a0e0-a0e0-a0e0-a0e0a0e0a0e0', '11111111-1111-1111-1111-000000000027', 'f1520cd2-38d3-49fc-a40b-e6c4524983c8', 'crisis_event', 'Pokus o kontakt biologickĂ©ho otce', '{"content":"BiologickĂ˝ rodiÄŤ LukĂˇĹˇ HorĂˇk se pokusil kontaktovat dĂ­tÄ› navzdory soudnĂ­Ĺˇemu zĂˇkazu styku. PÄ›stoun okamĹľitÄ› kontaktoval naĹˇi klĂ­ÄŤovou osobu. Incident hlĂˇĹˇen na OSPOD.","summary":"PoruĹˇenĂ­ zĂˇkazu styku biologickĂ˝m rodiÄŤem."}'::jsonb, '2026-04-08 22:34:50+02');

-- DomĂˇcnost 29: Barbora JelĂ­nkovĂˇ (FF-824-RVP)
INSERT INTO public.households (id, organization_id, branch_id, assigned_ko_id, foster_id, status, notes) VALUES ('11111111-1111-1111-1111-000000000028', 'a0e0a0e0-a0e0-a0e0-a0e0-a0e0a0e0a0e0', 'b0b0b0b0-b0b0-b0b0-b0b0-b0b0b0b0b0b0', 'f1520cd2-38d3-49fc-a40b-e6c4524983c8', 'FF-824-RVP', 'active', 'PÄ›stounskĂˇ rodina: Barbora JelĂ­nkovĂˇ. DoprovĂˇzĂ­ Anna MĂˇlkovĂˇ.');
INSERT INTO public.persons (id, organization_id, household_id, role, first_name, last_name, birth_date, custom_fields, is_active) VALUES ('22222222-2222-2222-2222-000000000028', 'a0e0a0e0-a0e0-a0e0-a0e0-a0e0a0e0a0e0', '11111111-1111-1111-1111-000000000028', 'foster_parent', 'Barbora', 'JelĂ­nkovĂˇ', '1978-01-20', '{"profession":"ZahradnĂ­k","foster_care_type":"C","avatar_url":"https://images.unsplash.com/photo-1488426862026-3ee34a7d66df?w=150","relationship_to_child":"babiÄŤka"}'::jsonb, true);
INSERT INTO public.person_addresses (id, person_id, type, street, city, zip, from_date) VALUES ('33333333-3333-3333-3333-000000000028', '22222222-2222-2222-2222-000000000028', 'actual', 'Ĺ kolnĂ­ 21', 'Blansko', '599 66', '2020-01-01');
INSERT INTO public.persons (id, organization_id, household_id, role, first_name, last_name, birth_date, custom_fields, gdpr_consent_signed, safety_rating, is_active) VALUES ('44444444-4444-4444-0028-000000000000', 'a0e0a0e0-a0e0-a0e0-a0e0-a0e0a0e0a0e0', '11111111-1111-1111-1111-000000000028', 'child', 'Michal', 'NÄ›mec', '2019-08-16', '{"relationship_to_foster_parent":"vnuk","foster_care_type":"C","avatar_url":"https://images.unsplash.com/photo-1507003211169-0a1dd7228f2d?w=150","hobby":"VĂ˝tvarnĂ˝ krouĹľek","school":"ZĹ  KĹ™Ă­dlovickĂˇ Brno"}'::jsonb, true, 'A', true);
INSERT INTO public.persons (id, organization_id, household_id, role, first_name, last_name, birth_date, custom_fields, gdpr_consent_signed, safety_rating, is_active) VALUES ('55555555-5555-5555-0028-000000000000', 'a0e0a0e0-a0e0-a0e0-a0e0-a0e0a0e0a0e0', '11111111-1111-1111-1111-000000000028', 'social_contact', 'Jan', 'JelĂ­nkovĂˇ', '2006-08-06', '{"avatar_url":"https://images.unsplash.com/photo-1506794778202-cad84cf45f1d?w=150","relationship_to_child":"BiologickĂ˝ syn"}'::jsonb, true, 'N', true);
INSERT INTO public.persons (id, organization_id, household_id, role, first_name, last_name, birth_date, custom_fields, gdpr_consent_signed, safety_rating, is_active) VALUES ('55555555-5555-5555-0028-000000000001', 'a0e0a0e0-a0e0-a0e0-a0e0-a0e0a0e0a0e0', '11111111-1111-1111-1111-000000000028', 'social_contact', 'Eva', 'JelĂ­nkovĂˇ', '2009-08-18', '{"avatar_url":"https://images.unsplash.com/photo-1494790108377-be9c29b29330?w=150","relationship_to_child":"BiologickĂˇ dcera"}'::jsonb, true, 'N', true);
INSERT INTO public.persons (id, organization_id, household_id, role, first_name, last_name, birth_number, phone, gdpr_consent_signed, safety_rating, is_active) VALUES ('66666666-6666-6666-6666-000000000028', 'a0e0a0e0-a0e0-a0e0-a0e0-a0e0a0e0a0e0', '11111111-1111-1111-1111-000000000028', 'bio_parent', 'Monika', 'KolĂˇĹ™ovĂˇ', '710220/6765', '+420753197837', true, 'C', true);
INSERT INTO public.events (id, organization_id, household_id, author_id, type, title, payload, occurred_at) VALUES ('77777777-7777-7777-0028-000000000000', 'a0e0a0e0-a0e0-a0e0-a0e0-a0e0a0e0a0e0', '11111111-1111-1111-1111-000000000028', 'f1520cd2-38d3-49fc-a40b-e6c4524983c8', 'phone_call', 'TelefonickĂ˝ kontakt s pÄ›stounem', '{"content":"TelefonickĂ˝ hovor s pÄ›stounem. ProbĂ­rali jsme chovĂˇnĂ­ dÄ›tĂ­ ve Ĺˇkole a plĂˇnovĂˇnĂ­ letnĂ­ch prĂˇzdninovĂ˝ch aktivit.","summary":"TelefonĂˇt ohlednÄ› prĂˇzdnin."}'::jsonb, '2026-06-08 22:34:50+02');
INSERT INTO public.events (id, organization_id, household_id, author_id, type, title, payload, occurred_at) VALUES ('77777777-7777-7777-0028-000000000001', 'a0e0a0e0-a0e0-a0e0-a0e0-a0e0a0e0a0e0', '11111111-1111-1111-1111-000000000028', 'f1520cd2-38d3-49fc-a40b-e6c4524983c8', 'phone_call', 'TelefonickĂ˝ kontakt s pÄ›stounem', '{"content":"TelefonickĂ˝ hovor s pÄ›stounem. ProbĂ­rali jsme chovĂˇnĂ­ dÄ›tĂ­ ve Ĺˇkole a plĂˇnovĂˇnĂ­ letnĂ­ch prĂˇzdninovĂ˝ch aktivit.","summary":"TelefonĂˇt ohlednÄ› prĂˇzdnin."}'::jsonb, '2026-04-17 22:34:50+02');

-- DomĂˇcnost 30: Jakub Marek (FF-512-SEY)
INSERT INTO public.households (id, organization_id, branch_id, assigned_ko_id, foster_id, status, notes) VALUES ('11111111-1111-1111-1111-000000000029', 'a0e0a0e0-a0e0-a0e0-a0e0-a0e0a0e0a0e0', 'b0b0b0b0-b0b0-b0b0-b0b0-b0b0b0b0b0b0', 'f1520cd2-38d3-49fc-a40b-e6c4524983c8', 'FF-512-SEY', 'active', 'PÄ›stounskĂˇ rodina: Jakub Marek. DoprovĂˇzĂ­ Anna MĂˇlkovĂˇ.');
INSERT INTO public.persons (id, organization_id, household_id, role, first_name, last_name, birth_date, custom_fields, is_active) VALUES ('22222222-2222-2222-2222-000000000029', 'a0e0a0e0-a0e0-a0e0-a0e0-a0e0a0e0a0e0', '11111111-1111-1111-1111-000000000029', 'foster_parent', 'Jakub', 'Marek', '1970-10-01', '{"profession":"UÄŤitel","foster_care_type":"B","avatar_url":"https://images.unsplash.com/photo-1519085360753-af0119f7cbe7?w=150"}'::jsonb, true);
INSERT INTO public.person_addresses (id, person_id, type, street, city, zip, from_date) VALUES ('33333333-3333-3333-3333-000000000029', '22222222-2222-2222-2222-000000000029', 'actual', 'PekaĹ™skĂˇ 14', 'Brno', '694 73', '2020-01-01');
INSERT INTO public.persons (id, organization_id, household_id, role, first_name, last_name, birth_date, custom_fields, gdpr_consent_signed, safety_rating, is_active) VALUES ('44444444-4444-4444-0029-000000000000', 'a0e0a0e0-a0e0-a0e0-a0e0-a0e0a0e0a0e0', '11111111-1111-1111-1111-000000000029', 'child', 'Monika', 'NovotnĂˇ', '2012-07-15', '{"foster_care_type":"B","avatar_url":"https://images.unsplash.com/photo-1438761681033-6461ffad8d80?w=150","hobby":"PlavĂˇnĂ­","school":"ZĹ  Ĺ kolnĂ­ Hostomice"}'::jsonb, true, 'A', true);
INSERT INTO public.persons (id, organization_id, household_id, role, first_name, last_name, birth_date, custom_fields, gdpr_consent_signed, safety_rating, is_active) VALUES ('55555555-5555-5555-0029-000000000000', 'a0e0a0e0-a0e0-a0e0-a0e0-a0e0a0e0a0e0', '11111111-1111-1111-1111-000000000029', 'social_contact', 'OndĹ™ej', 'Marek', '2011-10-11', '{"avatar_url":"https://images.unsplash.com/photo-1492562080023-ab3db95bfbce?w=150","relationship_to_child":"BiologickĂ˝ syn"}'::jsonb, true, 'N', true);
INSERT INTO public.persons (id, organization_id, household_id, role, first_name, last_name, birth_date, custom_fields, gdpr_consent_signed, safety_rating, is_active) VALUES ('55555555-5555-5555-0029-000000000001', 'a0e0a0e0-a0e0-a0e0-a0e0-a0e0a0e0a0e0', '11111111-1111-1111-1111-000000000029', 'social_contact', 'Michaela', 'Marek', '2020-11-07', '{"avatar_url":"https://images.unsplash.com/photo-1534528741775-53994a69daeb?w=150","relationship_to_child":"BiologickĂˇ dcera"}'::jsonb, true, 'N', true);
INSERT INTO public.persons (id, organization_id, household_id, role, first_name, last_name, birth_date, custom_fields, gdpr_consent_signed, safety_rating, is_active) VALUES ('55555555-5555-5555-0029-000000000002', 'a0e0a0e0-a0e0-a0e0-a0e0-a0e0a0e0a0e0', '11111111-1111-1111-1111-000000000029', 'social_contact', 'Michaela', 'Marek', '2021-05-22', '{"avatar_url":"https://images.unsplash.com/photo-1438761681033-6461ffad8d80?w=150","relationship_to_child":"BiologickĂˇ dcera"}'::jsonb, true, 'N', true);
INSERT INTO public.persons (id, organization_id, household_id, role, first_name, last_name, birth_number, phone, gdpr_consent_signed, safety_rating, is_active) VALUES ('66666666-6666-6666-6666-000000000029', 'a0e0a0e0-a0e0-a0e0-a0e0-a0e0a0e0a0e0', '11111111-1111-1111-1111-000000000029', 'bio_parent', 'Martin', 'DvoĹ™Ăˇk', '791105/5717', '+420617972274', false, 'C', true);
INSERT INTO public.events (id, organization_id, household_id, author_id, type, title, payload, occurred_at) VALUES ('77777777-7777-7777-0029-000000000000', 'a0e0a0e0-a0e0-a0e0-a0e0-a0e0a0e0a0e0', '11111111-1111-1111-1111-000000000029', 'f1520cd2-38d3-49fc-a40b-e6c4524983c8', 'crisis_event', 'Incident / PoruĹˇenĂ­ pravidel', '{"content":"HlĂˇĹˇen drobnĂ˝ incident v rodinÄ›: neshody ve Ĺˇkole ohlednÄ› prospÄ›chu. KlĂ­ÄŤovĂˇ osoba naplĂˇnovala spoleÄŤnĂ© jednĂˇnĂ­ s tĹ™Ă­dnĂ­m uÄŤitelem.","summary":"ĹeĹˇenĂ­ studijnĂ­ch problĂ©mĹŻ."}'::jsonb, '2026-05-07 22:34:50+02');

-- DomĂˇcnost 31: Michal PokornĂ˝ (FF-899-WTR)
INSERT INTO public.households (id, organization_id, branch_id, assigned_ko_id, foster_id, status, notes) VALUES ('11111111-1111-1111-1111-000000000030', 'a0e0a0e0-a0e0-a0e0-a0e0-a0e0a0e0a0e0', 'b0b0b0b0-b0b0-b0b0-b0b0-b0b0b0b0b0b0', 'f1520cd2-38d3-49fc-a40b-e6c4524983c8', 'FF-899-WTR', 'active', 'PÄ›stounskĂˇ rodina: Michal PokornĂ˝. DoprovĂˇzĂ­ Anna MĂˇlkovĂˇ.');
INSERT INTO public.persons (id, organization_id, household_id, role, first_name, last_name, birth_date, custom_fields, is_active) VALUES ('22222222-2222-2222-2222-000000000030', 'a0e0a0e0-a0e0-a0e0-a0e0-a0e0a0e0a0e0', '11111111-1111-1111-1111-000000000030', 'foster_parent', 'Michal', 'PokornĂ˝', '1984-05-09', '{"profession":"DĹŻchodce","foster_care_type":"C","avatar_url":"https://images.unsplash.com/photo-1506794778202-cad84cf45f1d?w=150","relationship_to_child":"strĂ˝c"}'::jsonb, true);
INSERT INTO public.person_addresses (id, person_id, type, street, city, zip, from_date) VALUES ('33333333-3333-3333-3333-000000000030', '22222222-2222-2222-2222-000000000030', 'actual', 'PekaĹ™skĂˇ 36', 'ModĹ™ice', '281 34', '2020-01-01');
INSERT INTO public.persons (id, organization_id, household_id, role, first_name, last_name, birth_date, custom_fields, gdpr_consent_signed, safety_rating, is_active) VALUES ('44444444-4444-4444-0030-000000000000', 'a0e0a0e0-a0e0-a0e0-a0e0-a0e0a0e0a0e0', '11111111-1111-1111-1111-000000000030', 'child', 'Miroslav', 'BeneĹˇ', '2011-10-14', '{"relationship_to_foster_parent":"synovec","foster_care_type":"C","avatar_url":"https://images.unsplash.com/photo-1501196354995-cbb51c65aaea?w=150","hobby":"Ĺ achy","school":"ZĹ  KĹ™Ă­dlovickĂˇ Brno"}'::jsonb, true, 'A', true);
INSERT INTO public.persons (id, organization_id, household_id, role, first_name, last_name, birth_date, custom_fields, gdpr_consent_signed, safety_rating, is_active) VALUES ('55555555-5555-5555-0030-000000000000', 'a0e0a0e0-a0e0-a0e0-a0e0-a0e0a0e0a0e0', '11111111-1111-1111-1111-000000000030', 'social_contact', 'KristĂ˝na', 'PokornĂ˝', '2014-04-26', '{"avatar_url":"https://images.unsplash.com/photo-1488426862026-3ee34a7d66df?w=150","relationship_to_child":"BiologickĂˇ dcera"}'::jsonb, true, 'N', true);
INSERT INTO public.persons (id, organization_id, household_id, role, first_name, last_name, birth_date, custom_fields, gdpr_consent_signed, safety_rating, is_active) VALUES ('55555555-5555-5555-0030-000000000001', 'a0e0a0e0-a0e0-a0e0-a0e0-a0e0a0e0a0e0', '11111111-1111-1111-1111-000000000030', 'social_contact', 'LukĂˇĹˇ', 'PokornĂ˝', '2021-10-19', '{"avatar_url":"https://images.unsplash.com/photo-1519085360753-af0119f7cbe7?w=150","relationship_to_child":"BiologickĂ˝ syn"}'::jsonb, true, 'N', true);
INSERT INTO public.persons (id, organization_id, household_id, role, first_name, last_name, birth_number, phone, gdpr_consent_signed, safety_rating, is_active) VALUES ('66666666-6666-6666-6666-000000000030', 'a0e0a0e0-a0e0-a0e0-a0e0-a0e0a0e0a0e0', '11111111-1111-1111-1111-000000000030', 'bio_parent', 'Barbora', 'KrĂˇlovĂˇ', '731026/6114', '+420650630744', false, 'B', true);
INSERT INTO public.events (id, organization_id, household_id, author_id, type, title, payload, occurred_at) VALUES ('77777777-7777-7777-0030-000000000000', 'a0e0a0e0-a0e0-a0e0-a0e0-a0e0a0e0a0e0', '11111111-1111-1111-1111-000000000030', 'f1520cd2-38d3-49fc-a40b-e6c4524983c8', 'phone_call', 'TelefonickĂ˝ kontakt s pÄ›stounem', '{"content":"TelefonickĂ˝ hovor s pÄ›stounem. ProbĂ­rali jsme chovĂˇnĂ­ dÄ›tĂ­ ve Ĺˇkole a plĂˇnovĂˇnĂ­ letnĂ­ch prĂˇzdninovĂ˝ch aktivit.","summary":"TelefonĂˇt ohlednÄ› prĂˇzdnin."}'::jsonb, '2026-04-25 22:34:50+02');

-- DomĂˇcnost 32: Hana SedlĂˇÄŤkovĂˇ (FF-849-LPL)
INSERT INTO public.households (id, organization_id, branch_id, assigned_ko_id, foster_id, status, notes) VALUES ('11111111-1111-1111-1111-000000000031', 'a0e0a0e0-a0e0-a0e0-a0e0-a0e0a0e0a0e0', 'b0b0b0b0-b0b0-b0b0-b0b0-b0b0b0b0b0b0', 'f1520cd2-38d3-49fc-a40b-e6c4524983c8', 'FF-849-LPL', 'active', 'PÄ›stounskĂˇ rodina: Hana SedlĂˇÄŤkovĂˇ. DoprovĂˇzĂ­ Anna MĂˇlkovĂˇ.');
INSERT INTO public.persons (id, organization_id, household_id, role, first_name, last_name, birth_date, custom_fields, is_active) VALUES ('22222222-2222-2222-2222-000000000031', 'a0e0a0e0-a0e0-a0e0-a0e0-a0e0a0e0a0e0', '11111111-1111-1111-1111-000000000031', 'foster_parent', 'Hana', 'SedlĂˇÄŤkovĂˇ', '1982-01-02', '{"profession":"KuchaĹ™","foster_care_type":"C","avatar_url":"https://images.unsplash.com/photo-1544005313-94ddf0286df2?w=150","relationship_to_child":"teta"}'::jsonb, true);
INSERT INTO public.person_addresses (id, person_id, type, street, city, zip, from_date) VALUES ('33333333-3333-3333-3333-000000000031', '22222222-2222-2222-2222-000000000031', 'actual', 'KoneÄŤnĂ©ho nĂˇmÄ›stĂ­ 105', 'Hostomice', '725 84', '2020-01-01');
INSERT INTO public.persons (id, organization_id, household_id, role, first_name, last_name, birth_date, custom_fields, gdpr_consent_signed, safety_rating, is_active) VALUES ('44444444-4444-4444-0031-000000000000', 'a0e0a0e0-a0e0-a0e0-a0e0-a0e0a0e0a0e0', '11111111-1111-1111-1111-000000000031', 'child', 'Marek', 'VeselĂ˝', '2021-05-10', '{"relationship_to_foster_parent":"synovec","foster_care_type":"C","avatar_url":"https://images.unsplash.com/photo-1492562080023-ab3db95bfbce?w=150","hobby":"ÄŚtenĂ­","school":"ZĹ  Ăšvoz Brno"}'::jsonb, true, 'A', true);
INSERT INTO public.persons (id, organization_id, household_id, role, first_name, last_name, birth_date, custom_fields, gdpr_consent_signed, safety_rating, is_active) VALUES ('55555555-5555-5555-0031-000000000000', 'a0e0a0e0-a0e0-a0e0-a0e0-a0e0a0e0a0e0', '11111111-1111-1111-1111-000000000031', 'social_contact', 'Michal', 'SedlĂˇÄŤkovĂˇ', '2010-12-10', '{"avatar_url":"https://images.unsplash.com/photo-1492562080023-ab3db95bfbce?w=150","relationship_to_child":"BiologickĂ˝ syn"}'::jsonb, true, 'N', true);
INSERT INTO public.persons (id, organization_id, household_id, role, first_name, last_name, birth_date, custom_fields, gdpr_consent_signed, safety_rating, is_active) VALUES ('55555555-5555-5555-0031-000000000001', 'a0e0a0e0-a0e0-a0e0-a0e0-a0e0a0e0a0e0', '11111111-1111-1111-1111-000000000031', 'social_contact', 'Jakub', 'SedlĂˇÄŤkovĂˇ', '2017-06-06', '{"avatar_url":"https://images.unsplash.com/photo-1506794778202-cad84cf45f1d?w=150","relationship_to_child":"BiologickĂ˝ syn"}'::jsonb, true, 'N', true);
INSERT INTO public.persons (id, organization_id, household_id, role, first_name, last_name, birth_number, phone, gdpr_consent_signed, safety_rating, is_active) VALUES ('66666666-6666-6666-6666-000000000031', 'a0e0a0e0-a0e0-a0e0-a0e0-a0e0a0e0a0e0', '11111111-1111-1111-1111-000000000031', 'bio_parent', 'Anna', 'KuÄŤerovĂˇ', '821109/5572', '+420725724921', false, 'B', true);
INSERT INTO public.events (id, organization_id, household_id, author_id, type, title, payload, occurred_at) VALUES ('77777777-7777-7777-0031-000000000000', 'a0e0a0e0-a0e0-a0e0-a0e0-a0e0a0e0a0e0', '11111111-1111-1111-1111-000000000031', 'f1520cd2-38d3-49fc-a40b-e6c4524983c8', 'crisis_event', 'Incident / PoruĹˇenĂ­ pravidel', '{"content":"HlĂˇĹˇen drobnĂ˝ incident v rodinÄ›: neshody ve Ĺˇkole ohlednÄ› prospÄ›chu. KlĂ­ÄŤovĂˇ osoba naplĂˇnovala spoleÄŤnĂ© jednĂˇnĂ­ s tĹ™Ă­dnĂ­m uÄŤitelem.","summary":"ĹeĹˇenĂ­ studijnĂ­ch problĂ©mĹŻ."}'::jsonb, '2026-05-09 22:34:50+02');
INSERT INTO public.events (id, organization_id, household_id, author_id, type, title, payload, occurred_at) VALUES ('77777777-7777-7777-0031-000000000001', 'a0e0a0e0-a0e0-a0e0-a0e0-a0e0a0e0a0e0', '11111111-1111-1111-1111-000000000031', 'f1520cd2-38d3-49fc-a40b-e6c4524983c8', 'regular_visit', 'PravidelnĂˇ pololetnĂ­ nĂˇvĹˇtÄ›va', '{"content":"NĂˇvĹˇtÄ›va v rodinÄ› probÄ›hla v poĹ™Ăˇdku. PÄ›stoun Hana SedlĂˇÄŤkovĂˇ vzornÄ› spolupracuje, dÄ›ti se rozvĂ­jejĂ­ standardnÄ› podle IPOD.","summary":"PololetnĂ­ nĂˇvĹˇtÄ›va bez zjiĹˇtÄ›nĂ˝ch nedostatkĹŻ."}'::jsonb, '2026-03-19 22:34:50+02');

-- DomĂˇcnost 33: Anna MarkovĂˇ (FF-964-ZLB)
INSERT INTO public.households (id, organization_id, branch_id, assigned_ko_id, foster_id, status, notes) VALUES ('11111111-1111-1111-1111-000000000032', 'a0e0a0e0-a0e0-a0e0-a0e0-a0e0a0e0a0e0', 'b0b0b0b0-b0b0-b0b0-b0b0-b0b0b0b0b0b0', 'f1520cd2-38d3-49fc-a40b-e6c4524983c8', 'FF-964-ZLB', 'active', 'PÄ›stounskĂˇ rodina: Anna MarkovĂˇ. DoprovĂˇzĂ­ Anna MĂˇlkovĂˇ.');
INSERT INTO public.persons (id, organization_id, household_id, role, first_name, last_name, birth_date, custom_fields, is_active) VALUES ('22222222-2222-2222-2222-000000000032', 'a0e0a0e0-a0e0-a0e0-a0e0-a0e0a0e0a0e0', '11111111-1111-1111-1111-000000000032', 'foster_parent', 'Anna', 'MarkovĂˇ', '1978-12-18', '{"profession":"ĂšÄŤetnĂ­","foster_care_type":"C","avatar_url":"https://images.unsplash.com/photo-1494790108377-be9c29b29330?w=150","relationship_to_child":"babiÄŤka"}'::jsonb, true);
INSERT INTO public.person_addresses (id, person_id, type, street, city, zip, from_date) VALUES ('33333333-3333-3333-3333-000000000032', '22222222-2222-2222-2222-000000000032', 'actual', 'Husova 47', 'Slavkov u Brna', '751 82', '2020-01-01');
INSERT INTO public.persons (id, organization_id, household_id, role, first_name, last_name, birth_date, custom_fields, gdpr_consent_signed, safety_rating, is_active) VALUES ('44444444-4444-4444-0032-000000000000', 'a0e0a0e0-a0e0-a0e0-a0e0-a0e0a0e0a0e0', '11111111-1111-1111-1111-000000000032', 'child', 'AleĹˇ', 'DvoĹ™Ăˇk', '2012-11-18', '{"relationship_to_foster_parent":"vnuk","foster_care_type":"C","avatar_url":"https://images.unsplash.com/photo-1519085360753-af0119f7cbe7?w=150","hobby":"PlavĂˇnĂ­","school":"GymnĂˇzium Elgartova Brno"}'::jsonb, true, 'B', true);
INSERT INTO public.persons (id, organization_id, household_id, role, first_name, last_name, birth_date, custom_fields, gdpr_consent_signed, safety_rating, is_active) VALUES ('55555555-5555-5555-0032-000000000000', 'a0e0a0e0-a0e0-a0e0-a0e0-a0e0a0e0a0e0', '11111111-1111-1111-1111-000000000032', 'social_contact', 'Lucie', 'MarkovĂˇ', '2012-08-12', '{"avatar_url":"https://images.unsplash.com/photo-1494790108377-be9c29b29330?w=150","relationship_to_child":"BiologickĂˇ dcera"}'::jsonb, true, 'N', true);
INSERT INTO public.persons (id, organization_id, household_id, role, first_name, last_name, birth_number, phone, gdpr_consent_signed, safety_rating, is_active) VALUES ('66666666-6666-6666-6666-000000000032', 'a0e0a0e0-a0e0-a0e0-a0e0-a0e0a0e0a0e0', '11111111-1111-1111-1111-000000000032', 'bio_parent', 'Michaela', 'HorĂˇkovĂˇ', '971219/7466', '+420737534751', false, 'C', true);
INSERT INTO public.events (id, organization_id, household_id, author_id, type, title, payload, occurred_at) VALUES ('77777777-7777-7777-0032-000000000000', 'a0e0a0e0-a0e0-a0e0-a0e0-a0e0a0e0a0e0', '11111111-1111-1111-1111-000000000032', 'f1520cd2-38d3-49fc-a40b-e6c4524983c8', 'regular_visit', 'PravidelnĂˇ pololetnĂ­ nĂˇvĹˇtÄ›va', '{"content":"NĂˇvĹˇtÄ›va v rodinÄ› probÄ›hla v poĹ™Ăˇdku. PÄ›stoun Anna MarkovĂˇ vzornÄ› spolupracuje, dÄ›ti se rozvĂ­jejĂ­ standardnÄ› podle IPOD.","summary":"PololetnĂ­ nĂˇvĹˇtÄ›va bez zjiĹˇtÄ›nĂ˝ch nedostatkĹŻ."}'::jsonb, '2026-05-26 22:34:50+02');
INSERT INTO public.events (id, organization_id, household_id, author_id, type, title, payload, occurred_at) VALUES ('77777777-7777-7777-0032-000000000001', 'a0e0a0e0-a0e0-a0e0-a0e0-a0e0a0e0a0e0', '11111111-1111-1111-1111-000000000032', 'f1520cd2-38d3-49fc-a40b-e6c4524983c8', 'crisis_event', 'Incident / PoruĹˇenĂ­ pravidel', '{"content":"HlĂˇĹˇen drobnĂ˝ incident v rodinÄ›: neshody ve Ĺˇkole ohlednÄ› prospÄ›chu. KlĂ­ÄŤovĂˇ osoba naplĂˇnovala spoleÄŤnĂ© jednĂˇnĂ­ s tĹ™Ă­dnĂ­m uÄŤitelem.","summary":"ĹeĹˇenĂ­ studijnĂ­ch problĂ©mĹŻ."}'::jsonb, '2026-06-04 22:34:50+02');

-- DomĂˇcnost 34: Petra ProchĂˇzkovĂˇ (FF-817-NGJ)
INSERT INTO public.households (id, organization_id, branch_id, assigned_ko_id, foster_id, status, notes) VALUES ('11111111-1111-1111-1111-000000000033', 'a0e0a0e0-a0e0-a0e0-a0e0-a0e0a0e0a0e0', 'b0b0b0b0-b0b0-b0b0-b0b0-b0b0b0b0b0b0', 'f1520cd2-38d3-49fc-a40b-e6c4524983c8', 'FF-817-NGJ', 'active', 'PÄ›stounskĂˇ rodina: Petra ProchĂˇzkovĂˇ. DoprovĂˇzĂ­ Anna MĂˇlkovĂˇ.');
INSERT INTO public.persons (id, organization_id, household_id, role, first_name, last_name, birth_date, custom_fields, is_active) VALUES ('22222222-2222-2222-2222-000000000033', 'a0e0a0e0-a0e0-a0e0-a0e0-a0e0a0e0a0e0', '11111111-1111-1111-1111-000000000033', 'foster_parent', 'Petra', 'ProchĂˇzkovĂˇ', '1970-03-19', '{"profession":"IT specialista","foster_care_type":"C","avatar_url":"https://images.unsplash.com/photo-1544005313-94ddf0286df2?w=150","relationship_to_child":"babiÄŤka"}'::jsonb, true);
INSERT INTO public.person_addresses (id, person_id, type, street, city, zip, from_date) VALUES ('33333333-3333-3333-3333-000000000033', '22222222-2222-2222-2222-000000000033', 'actual', 'SportovnĂ­ 124', 'Slavkov u Brna', '788 17', '2020-01-01');
INSERT INTO public.persons (id, organization_id, household_id, role, first_name, last_name, birth_date, custom_fields, gdpr_consent_signed, safety_rating, is_active) VALUES ('44444444-4444-4444-0033-000000000000', 'a0e0a0e0-a0e0-a0e0-a0e0-a0e0a0e0a0e0', '11111111-1111-1111-1111-000000000033', 'child', 'Petr', 'Svoboda', '2020-08-08', '{"relationship_to_foster_parent":"vnuk","foster_care_type":"C","avatar_url":"https://images.unsplash.com/photo-1492562080023-ab3db95bfbce?w=150","hobby":"Keramika","school":"ZĹ  NĂˇdraĹľnĂ­ VyĹˇkov"}'::jsonb, true, 'A', true);
INSERT INTO public.persons (id, organization_id, household_id, role, first_name, last_name, birth_date, custom_fields, gdpr_consent_signed, safety_rating, is_active) VALUES ('44444444-4444-4444-0033-000000000001', 'a0e0a0e0-a0e0-a0e0-a0e0-a0e0a0e0a0e0', '11111111-1111-1111-1111-000000000033', 'child', 'Filip', 'NÄ›mec', '2010-01-13', '{"relationship_to_foster_parent":"vnuk","foster_care_type":"C","avatar_url":"https://images.unsplash.com/photo-1501196354995-cbb51c65aaea?w=150","hobby":"PlavĂˇnĂ­","school":"ZĹ  KĹ™Ă­dlovickĂˇ Brno"}'::jsonb, true, 'B', true);
INSERT INTO public.persons (id, organization_id, household_id, role, first_name, last_name, birth_date, custom_fields, gdpr_consent_signed, safety_rating, is_active) VALUES ('55555555-5555-5555-0033-000000000000', 'a0e0a0e0-a0e0-a0e0-a0e0-a0e0a0e0a0e0', '11111111-1111-1111-1111-000000000033', 'social_contact', 'KateĹ™ina', 'ProchĂˇzkovĂˇ', '2018-05-10', '{"avatar_url":"https://images.unsplash.com/photo-1544005313-94ddf0286df2?w=150","relationship_to_child":"BiologickĂˇ dcera"}'::jsonb, true, 'N', true);
INSERT INTO public.persons (id, organization_id, household_id, role, first_name, last_name, birth_date, custom_fields, gdpr_consent_signed, safety_rating, is_active) VALUES ('55555555-5555-5555-0033-000000000001', 'a0e0a0e0-a0e0-a0e0-a0e0-a0e0a0e0a0e0', '11111111-1111-1111-1111-000000000033', 'social_contact', 'Jaroslav', 'ProchĂˇzkovĂˇ', '2005-11-14', '{"avatar_url":"https://images.unsplash.com/photo-1507003211169-0a1dd7228f2d?w=150","relationship_to_child":"BiologickĂ˝ syn"}'::jsonb, true, 'N', true);
INSERT INTO public.persons (id, organization_id, household_id, role, first_name, last_name, birth_date, custom_fields, gdpr_consent_signed, safety_rating, is_active) VALUES ('55555555-5555-5555-0033-000000000002', 'a0e0a0e0-a0e0-a0e0-a0e0-a0e0a0e0a0e0', '11111111-1111-1111-1111-000000000033', 'social_contact', 'Monika', 'ProchĂˇzkovĂˇ', '2022-04-20', '{"avatar_url":"https://images.unsplash.com/photo-1544005313-94ddf0286df2?w=150","relationship_to_child":"BiologickĂˇ dcera"}'::jsonb, true, 'N', true);
INSERT INTO public.persons (id, organization_id, household_id, role, first_name, last_name, birth_number, phone, gdpr_consent_signed, safety_rating, is_active) VALUES ('66666666-6666-6666-6666-000000000033', 'a0e0a0e0-a0e0-a0e0-a0e0-a0e0a0e0a0e0', '11111111-1111-1111-1111-000000000033', 'bio_parent', 'FrantiĹˇek', 'ÄŚernĂ˝', '920311/9951', '+420710120293', false, 'B', true);
INSERT INTO public.events (id, organization_id, household_id, author_id, type, title, payload, occurred_at) VALUES ('77777777-7777-7777-0033-000000000000', 'a0e0a0e0-a0e0-a0e0-a0e0-a0e0a0e0a0e0', '11111111-1111-1111-1111-000000000033', 'f1520cd2-38d3-49fc-a40b-e6c4524983c8', 'phone_call', 'TelefonickĂ˝ kontakt s pÄ›stounem', '{"content":"TelefonickĂ˝ hovor s pÄ›stounem. ProbĂ­rali jsme chovĂˇnĂ­ dÄ›tĂ­ ve Ĺˇkole a plĂˇnovĂˇnĂ­ letnĂ­ch prĂˇzdninovĂ˝ch aktivit.","summary":"TelefonĂˇt ohlednÄ› prĂˇzdnin."}'::jsonb, '2026-03-20 22:34:50+02');
INSERT INTO public.events (id, organization_id, household_id, author_id, type, title, payload, occurred_at) VALUES ('77777777-7777-7777-0033-000000000001', 'a0e0a0e0-a0e0-a0e0-a0e0-a0e0a0e0a0e0', '11111111-1111-1111-1111-000000000033', 'f1520cd2-38d3-49fc-a40b-e6c4524983c8', 'phone_call', 'TelefonickĂ˝ kontakt s pÄ›stounem', '{"content":"TelefonickĂ˝ hovor s pÄ›stounem. ProbĂ­rali jsme chovĂˇnĂ­ dÄ›tĂ­ ve Ĺˇkole a plĂˇnovĂˇnĂ­ letnĂ­ch prĂˇzdninovĂ˝ch aktivit.","summary":"TelefonĂˇt ohlednÄ› prĂˇzdnin."}'::jsonb, '2026-06-15 22:34:50+02');

-- DomĂˇcnost 35: Pavel DvoĹ™Ăˇk (FF-135-THF)
INSERT INTO public.households (id, organization_id, branch_id, assigned_ko_id, foster_id, status, notes) VALUES ('11111111-1111-1111-1111-000000000034', 'a0e0a0e0-a0e0-a0e0-a0e0-a0e0a0e0a0e0', 'b0b0b0b0-b0b0-b0b0-b0b0-b0b0b0b0b0b0', 'f1520cd2-38d3-49fc-a40b-e6c4524983c8', 'FF-135-THF', 'active', 'PÄ›stounskĂˇ rodina: Pavel DvoĹ™Ăˇk. DoprovĂˇzĂ­ Anna MĂˇlkovĂˇ.');
INSERT INTO public.persons (id, organization_id, household_id, role, first_name, last_name, birth_date, custom_fields, is_active) VALUES ('22222222-2222-2222-2222-000000000034', 'a0e0a0e0-a0e0-a0e0-a0e0-a0e0a0e0a0e0', '11111111-1111-1111-1111-000000000034', 'foster_parent', 'Pavel', 'DvoĹ™Ăˇk', '1976-06-25', '{"profession":"ProdavaÄŤ","foster_care_type":"A","avatar_url":"https://images.unsplash.com/photo-1506794778202-cad84cf45f1d?w=150"}'::jsonb, true);
INSERT INTO public.person_addresses (id, person_id, type, street, city, zip, from_date) VALUES ('33333333-3333-3333-3333-000000000034', '22222222-2222-2222-2222-000000000034', 'actual', 'KoneÄŤnĂ©ho nĂˇmÄ›stĂ­ 147', 'KuĹ™im', '195 60', '2020-01-01');
INSERT INTO public.persons (id, organization_id, household_id, role, first_name, last_name, birth_date, custom_fields, gdpr_consent_signed, safety_rating, is_active) VALUES ('44444444-4444-4444-0034-000000000000', 'a0e0a0e0-a0e0-a0e0-a0e0-a0e0a0e0a0e0', '11111111-1111-1111-1111-000000000034', 'child', 'FrantiĹˇek', 'KolĂˇĹ™', '2020-05-06', '{"foster_care_type":"A","avatar_url":"https://images.unsplash.com/photo-1501196354995-cbb51c65aaea?w=150","hobby":"ModelĂˇĹ™stvĂ­","school":"ZĹ  KĹ™Ă­dlovickĂˇ Brno"}'::jsonb, true, 'C', true);
INSERT INTO public.persons (id, organization_id, household_id, role, first_name, last_name, birth_date, custom_fields, gdpr_consent_signed, safety_rating, is_active) VALUES ('55555555-5555-5555-0034-000000000000', 'a0e0a0e0-a0e0-a0e0-a0e0-a0e0a0e0a0e0', '11111111-1111-1111-1111-000000000034', 'social_contact', 'Marek', 'DvoĹ™Ăˇk', '2010-06-26', '{"avatar_url":"https://images.unsplash.com/photo-1500648767791-00dcc994a43e?w=150","relationship_to_child":"BiologickĂ˝ syn"}'::jsonb, true, 'N', true);
INSERT INTO public.persons (id, organization_id, household_id, role, first_name, last_name, birth_date, custom_fields, gdpr_consent_signed, safety_rating, is_active) VALUES ('55555555-5555-5555-0034-000000000001', 'a0e0a0e0-a0e0-a0e0-a0e0-a0e0a0e0a0e0', '11111111-1111-1111-1111-000000000034', 'social_contact', 'Jana', 'DvoĹ™Ăˇk', '2013-08-19', '{"avatar_url":"https://images.unsplash.com/photo-1488426862026-3ee34a7d66df?w=150","relationship_to_child":"BiologickĂˇ dcera"}'::jsonb, true, 'N', true);
INSERT INTO public.persons (id, organization_id, household_id, role, first_name, last_name, birth_number, phone, gdpr_consent_signed, safety_rating, is_active) VALUES ('66666666-6666-6666-6666-000000000034', 'a0e0a0e0-a0e0-a0e0-a0e0-a0e0a0e0a0e0', '11111111-1111-1111-1111-000000000034', 'bio_parent', 'Hana', 'DvoĹ™ĂˇkovĂˇ', '771118/4099', '+420733511501', true, 'Z', true);
INSERT INTO public.events (id, organization_id, household_id, author_id, type, title, payload, occurred_at) VALUES ('77777777-7777-7777-0034-000000000000', 'a0e0a0e0-a0e0-a0e0-a0e0-a0e0a0e0a0e0', '11111111-1111-1111-1111-000000000034', 'f1520cd2-38d3-49fc-a40b-e6c4524983c8', 'crisis_event', 'Pokus o kontakt biologickĂ©ho otce', '{"content":"BiologickĂ˝ rodiÄŤ Hana DvoĹ™ĂˇkovĂˇ se pokusil kontaktovat dĂ­tÄ› navzdory soudnĂ­Ĺˇemu zĂˇkazu styku. PÄ›stoun okamĹľitÄ› kontaktoval naĹˇi klĂ­ÄŤovou osobu. Incident hlĂˇĹˇen na OSPOD.","summary":"PoruĹˇenĂ­ zĂˇkazu styku biologickĂ˝m rodiÄŤem."}'::jsonb, '2026-06-08 22:34:50+02');

-- DomĂˇcnost 36: AdĂ©la KolĂˇĹ™ovĂˇ (FF-544-LJN)
INSERT INTO public.households (id, organization_id, branch_id, assigned_ko_id, foster_id, status, notes) VALUES ('11111111-1111-1111-1111-000000000035', 'a0e0a0e0-a0e0-a0e0-a0e0-a0e0a0e0a0e0', 'b0b0b0b0-b0b0-b0b0-b0b0-b0b0b0b0b0b0', 'f1520cd2-38d3-49fc-a40b-e6c4524983c8', 'FF-544-LJN', 'active', 'PÄ›stounskĂˇ rodina: AdĂ©la KolĂˇĹ™ovĂˇ. DoprovĂˇzĂ­ Anna MĂˇlkovĂˇ.');
INSERT INTO public.persons (id, organization_id, household_id, role, first_name, last_name, birth_date, custom_fields, is_active) VALUES ('22222222-2222-2222-2222-000000000035', 'a0e0a0e0-a0e0-a0e0-a0e0-a0e0a0e0a0e0', '11111111-1111-1111-1111-000000000035', 'foster_parent', 'AdĂ©la', 'KolĂˇĹ™ovĂˇ', '1980-05-08', '{"profession":"ĂšÄŤetnĂ­","foster_care_type":"A","avatar_url":"https://images.unsplash.com/photo-1544005313-94ddf0286df2?w=150"}'::jsonb, true);
INSERT INTO public.person_addresses (id, person_id, type, street, city, zip, from_date) VALUES ('33333333-3333-3333-3333-000000000035', '22222222-2222-2222-2222-000000000035', 'actual', 'Ĺ kolnĂ­ 35', 'Brno', '512 46', '2020-01-01');
INSERT INTO public.persons (id, organization_id, household_id, role, first_name, last_name, birth_date, custom_fields, gdpr_consent_signed, safety_rating, is_active) VALUES ('44444444-4444-4444-0035-000000000000', 'a0e0a0e0-a0e0-a0e0-a0e0-a0e0a0e0a0e0', '11111111-1111-1111-1111-000000000035', 'child', 'VÄ›ra', 'DvoĹ™ĂˇkovĂˇ', '2014-09-02', '{"foster_care_type":"A","avatar_url":"https://images.unsplash.com/photo-1534528741775-53994a69daeb?w=150","hobby":"ÄŚtenĂ­","school":"ZĹ  NĂˇdraĹľnĂ­ VyĹˇkov"}'::jsonb, true, 'A', true);
INSERT INTO public.persons (id, organization_id, household_id, role, first_name, last_name, birth_date, custom_fields, gdpr_consent_signed, safety_rating, is_active) VALUES ('55555555-5555-5555-0035-000000000000', 'a0e0a0e0-a0e0-a0e0-a0e0-a0e0a0e0a0e0', '11111111-1111-1111-1111-000000000035', 'social_contact', 'TomĂˇĹˇ', 'KolĂˇĹ™ovĂˇ', '2005-08-20', '{"avatar_url":"https://images.unsplash.com/photo-1492562080023-ab3db95bfbce?w=150","relationship_to_child":"BiologickĂ˝ syn"}'::jsonb, true, 'N', true);
INSERT INTO public.persons (id, organization_id, household_id, role, first_name, last_name, birth_date, custom_fields, gdpr_consent_signed, safety_rating, is_active) VALUES ('55555555-5555-5555-0035-000000000001', 'a0e0a0e0-a0e0-a0e0-a0e0-a0e0a0e0a0e0', '11111111-1111-1111-1111-000000000035', 'social_contact', 'Anna', 'KolĂˇĹ™ovĂˇ', '2014-02-18', '{"avatar_url":"https://images.unsplash.com/photo-1494790108377-be9c29b29330?w=150","relationship_to_child":"BiologickĂˇ dcera"}'::jsonb, true, 'N', true);
INSERT INTO public.persons (id, organization_id, household_id, role, first_name, last_name, birth_number, phone, gdpr_consent_signed, safety_rating, is_active) VALUES ('66666666-6666-6666-6666-000000000035', 'a0e0a0e0-a0e0-a0e0-a0e0-a0e0a0e0a0e0', '11111111-1111-1111-1111-000000000035', 'bio_parent', 'Tereza', 'PokornĂˇ', '970516/8097', '+420744131852', true, 'B', true);
INSERT INTO public.events (id, organization_id, household_id, author_id, type, title, payload, occurred_at) VALUES ('77777777-7777-7777-0035-000000000000', 'a0e0a0e0-a0e0-a0e0-a0e0-a0e0a0e0a0e0', '11111111-1111-1111-1111-000000000035', 'f1520cd2-38d3-49fc-a40b-e6c4524983c8', 'crisis_event', 'Incident / PoruĹˇenĂ­ pravidel', '{"content":"HlĂˇĹˇen drobnĂ˝ incident v rodinÄ›: neshody ve Ĺˇkole ohlednÄ› prospÄ›chu. KlĂ­ÄŤovĂˇ osoba naplĂˇnovala spoleÄŤnĂ© jednĂˇnĂ­ s tĹ™Ă­dnĂ­m uÄŤitelem.","summary":"ĹeĹˇenĂ­ studijnĂ­ch problĂ©mĹŻ."}'::jsonb, '2026-03-29 22:34:50+02');

-- DomĂˇcnost 37: Josef DvoĹ™Ăˇk (FF-765-BXX)
INSERT INTO public.households (id, organization_id, branch_id, assigned_ko_id, foster_id, status, notes) VALUES ('11111111-1111-1111-1111-000000000036', 'a0e0a0e0-a0e0-a0e0-a0e0-a0e0a0e0a0e0', 'b0b0b0b0-b0b0-b0b0-b0b0-b0b0b0b0b0b0', 'f1520cd2-38d3-49fc-a40b-e6c4524983c8', 'FF-765-BXX', 'active', 'PÄ›stounskĂˇ rodina: Josef DvoĹ™Ăˇk. DoprovĂˇzĂ­ Anna MĂˇlkovĂˇ.');
INSERT INTO public.persons (id, organization_id, household_id, role, first_name, last_name, birth_date, custom_fields, is_active) VALUES ('22222222-2222-2222-2222-000000000036', 'a0e0a0e0-a0e0-a0e0-a0e0-a0e0a0e0a0e0', '11111111-1111-1111-1111-000000000036', 'foster_parent', 'Josef', 'DvoĹ™Ăˇk', '1968-08-15', '{"profession":"ProdavaÄŤ","foster_care_type":"C","avatar_url":"https://images.unsplash.com/photo-1506794778202-cad84cf45f1d?w=150","relationship_to_child":"strĂ˝c"}'::jsonb, true);
INSERT INTO public.person_addresses (id, person_id, type, street, city, zip, from_date) VALUES ('33333333-3333-3333-3333-000000000036', '22222222-2222-2222-2222-000000000036', 'actual', 'Ĺ kolnĂ­ 93', 'Hostomice', '741 28', '2020-01-01');
INSERT INTO public.persons (id, organization_id, household_id, role, first_name, last_name, birth_date, custom_fields, gdpr_consent_signed, safety_rating, is_active) VALUES ('44444444-4444-4444-0036-000000000000', 'a0e0a0e0-a0e0-a0e0-a0e0-a0e0a0e0a0e0', '11111111-1111-1111-1111-000000000036', 'child', 'Eva', 'SedlĂˇÄŤkovĂˇ', '2010-06-01', '{"relationship_to_foster_parent":"neteĹ™","foster_care_type":"C","avatar_url":"https://images.unsplash.com/photo-1488426862026-3ee34a7d66df?w=150","hobby":"Cyklistika","school":"ZĹ  NĂˇdraĹľnĂ­ VyĹˇkov"}'::jsonb, true, 'C', true);
INSERT INTO public.persons (id, organization_id, household_id, role, first_name, last_name, birth_date, custom_fields, gdpr_consent_signed, safety_rating, is_active) VALUES ('44444444-4444-4444-0036-000000000001', 'a0e0a0e0-a0e0-a0e0-a0e0-a0e0a0e0a0e0', '11111111-1111-1111-1111-000000000036', 'child', 'David', 'Fiala', '2011-08-27', '{"relationship_to_foster_parent":"synovec","foster_care_type":"C","avatar_url":"https://images.unsplash.com/photo-1507003211169-0a1dd7228f2d?w=150","hobby":"ÄŚtenĂ­","school":"ZĹ  NĂˇdraĹľnĂ­ VyĹˇkov"}'::jsonb, true, 'A', true);
INSERT INTO public.persons (id, organization_id, household_id, role, first_name, last_name, birth_date, custom_fields, gdpr_consent_signed, safety_rating, is_active) VALUES ('55555555-5555-5555-0036-000000000000', 'a0e0a0e0-a0e0-a0e0-a0e0-a0e0a0e0a0e0', '11111111-1111-1111-1111-000000000036', 'social_contact', 'David', 'DvoĹ™Ăˇk', '2020-01-11', '{"avatar_url":"https://images.unsplash.com/photo-1506794778202-cad84cf45f1d?w=150","relationship_to_child":"BiologickĂ˝ syn"}'::jsonb, true, 'N', true);
INSERT INTO public.persons (id, organization_id, household_id, role, first_name, last_name, birth_date, custom_fields, gdpr_consent_signed, safety_rating, is_active) VALUES ('55555555-5555-5555-0036-000000000001', 'a0e0a0e0-a0e0-a0e0-a0e0-a0e0a0e0a0e0', '11111111-1111-1111-1111-000000000036', 'social_contact', 'Tereza', 'DvoĹ™Ăˇk', '2019-03-28', '{"avatar_url":"https://images.unsplash.com/photo-1488426862026-3ee34a7d66df?w=150","relationship_to_child":"BiologickĂˇ dcera"}'::jsonb, true, 'N', true);
INSERT INTO public.persons (id, organization_id, household_id, role, first_name, last_name, birth_number, phone, gdpr_consent_signed, safety_rating, is_active) VALUES ('66666666-6666-6666-6666-000000000036', 'a0e0a0e0-a0e0-a0e0-a0e0-a0e0a0e0a0e0', '11111111-1111-1111-1111-000000000036', 'bio_parent', 'Monika', 'NovĂˇkovĂˇ', '730215/2729', '+420775348054', true, 'B', true);
INSERT INTO public.events (id, organization_id, household_id, author_id, type, title, payload, occurred_at) VALUES ('77777777-7777-7777-0036-000000000000', 'a0e0a0e0-a0e0-a0e0-a0e0-a0e0a0e0a0e0', '11111111-1111-1111-1111-000000000036', 'f1520cd2-38d3-49fc-a40b-e6c4524983c8', 'crisis_event', 'Incident / PoruĹˇenĂ­ pravidel', '{"content":"HlĂˇĹˇen drobnĂ˝ incident v rodinÄ›: neshody ve Ĺˇkole ohlednÄ› prospÄ›chu. KlĂ­ÄŤovĂˇ osoba naplĂˇnovala spoleÄŤnĂ© jednĂˇnĂ­ s tĹ™Ă­dnĂ­m uÄŤitelem.","summary":"ĹeĹˇenĂ­ studijnĂ­ch problĂ©mĹŻ."}'::jsonb, '2026-04-06 22:34:50+02');
INSERT INTO public.events (id, organization_id, household_id, author_id, type, title, payload, occurred_at) VALUES ('77777777-7777-7777-0036-000000000001', 'a0e0a0e0-a0e0-a0e0-a0e0-a0e0a0e0a0e0', '11111111-1111-1111-1111-000000000036', 'f1520cd2-38d3-49fc-a40b-e6c4524983c8', 'phone_call', 'TelefonickĂ˝ kontakt s pÄ›stounem', '{"content":"TelefonickĂ˝ hovor s pÄ›stounem. ProbĂ­rali jsme chovĂˇnĂ­ dÄ›tĂ­ ve Ĺˇkole a plĂˇnovĂˇnĂ­ letnĂ­ch prĂˇzdninovĂ˝ch aktivit.","summary":"TelefonĂˇt ohlednÄ› prĂˇzdnin."}'::jsonb, '2026-04-17 22:34:50+02');

-- DomĂˇcnost 38: Lucie SedlĂˇÄŤkovĂˇ (FF-497-BXG)
INSERT INTO public.households (id, organization_id, branch_id, assigned_ko_id, foster_id, status, notes) VALUES ('11111111-1111-1111-1111-000000000037', 'a0e0a0e0-a0e0-a0e0-a0e0-a0e0a0e0a0e0', 'b0b0b0b0-b0b0-b0b0-b0b0-b0b0b0b0b0b0', 'f1520cd2-38d3-49fc-a40b-e6c4524983c8', 'FF-497-BXG', 'active', 'PÄ›stounskĂˇ rodina: Lucie SedlĂˇÄŤkovĂˇ. DoprovĂˇzĂ­ Anna MĂˇlkovĂˇ.');
INSERT INTO public.persons (id, organization_id, household_id, role, first_name, last_name, birth_date, custom_fields, is_active) VALUES ('22222222-2222-2222-2222-000000000037', 'a0e0a0e0-a0e0-a0e0-a0e0-a0e0a0e0a0e0', '11111111-1111-1111-1111-000000000037', 'foster_parent', 'Lucie', 'SedlĂˇÄŤkovĂˇ', '1979-11-24', '{"profession":"ĂšÄŤetnĂ­","foster_care_type":"C","avatar_url":"https://images.unsplash.com/photo-1438761681033-6461ffad8d80?w=150","relationship_to_child":"babiÄŤka"}'::jsonb, true);
INSERT INTO public.person_addresses (id, person_id, type, street, city, zip, from_date) VALUES ('33333333-3333-3333-3333-000000000037', '22222222-2222-2222-2222-000000000037', 'actual', 'NĂˇdraĹľnĂ­ 112', 'Hostomice', '638 55', '2020-01-01');
INSERT INTO public.persons (id, organization_id, household_id, role, first_name, last_name, birth_date, custom_fields, gdpr_consent_signed, safety_rating, is_active) VALUES ('44444444-4444-4444-0037-000000000000', 'a0e0a0e0-a0e0-a0e0-a0e0-a0e0a0e0a0e0', '11111111-1111-1111-1111-000000000037', 'child', 'AdĂ©la', 'HorĂˇkovĂˇ', '2012-10-06', '{"relationship_to_foster_parent":"vnuÄŤka","foster_care_type":"C","avatar_url":"https://images.unsplash.com/photo-1534528741775-53994a69daeb?w=150","hobby":"Hra na klavĂ­r","school":"ZĹ  Ĺ kolnĂ­ Hostomice"}'::jsonb, true, 'A', true);
INSERT INTO public.persons (id, organization_id, household_id, role, first_name, last_name, birth_date, custom_fields, gdpr_consent_signed, safety_rating, is_active) VALUES ('55555555-5555-5555-0037-000000000000', 'a0e0a0e0-a0e0-a0e0-a0e0-a0e0a0e0a0e0', '11111111-1111-1111-1111-000000000037', 'social_contact', 'Hana', 'SedlĂˇÄŤkovĂˇ', '2012-04-17', '{"avatar_url":"https://images.unsplash.com/photo-1488426862026-3ee34a7d66df?w=150","relationship_to_child":"BiologickĂˇ dcera"}'::jsonb, true, 'N', true);
INSERT INTO public.persons (id, organization_id, household_id, role, first_name, last_name, birth_date, custom_fields, gdpr_consent_signed, safety_rating, is_active) VALUES ('55555555-5555-5555-0037-000000000001', 'a0e0a0e0-a0e0-a0e0-a0e0-a0e0a0e0a0e0', '11111111-1111-1111-1111-000000000037', 'social_contact', 'Pavel', 'SedlĂˇÄŤkovĂˇ', '2013-04-26', '{"avatar_url":"https://images.unsplash.com/photo-1519085360753-af0119f7cbe7?w=150","relationship_to_child":"BiologickĂ˝ syn"}'::jsonb, true, 'N', true);
INSERT INTO public.persons (id, organization_id, household_id, role, first_name, last_name, birth_date, custom_fields, gdpr_consent_signed, safety_rating, is_active) VALUES ('55555555-5555-5555-0037-000000000002', 'a0e0a0e0-a0e0-a0e0-a0e0-a0e0a0e0a0e0', '11111111-1111-1111-1111-000000000037', 'social_contact', 'Monika', 'SedlĂˇÄŤkovĂˇ', '2021-06-04', '{"avatar_url":"https://images.unsplash.com/photo-1438761681033-6461ffad8d80?w=150","relationship_to_child":"BiologickĂˇ dcera"}'::jsonb, true, 'N', true);
INSERT INTO public.persons (id, organization_id, household_id, role, first_name, last_name, birth_number, phone, gdpr_consent_signed, safety_rating, is_active) VALUES ('66666666-6666-6666-6666-000000000037', 'a0e0a0e0-a0e0-a0e0-a0e0-a0e0a0e0a0e0', '11111111-1111-1111-1111-000000000037', 'bio_parent', 'LukĂˇĹˇ', 'JelĂ­nek', '921108/1540', '+420707367293', false, 'C', true);
INSERT INTO public.events (id, organization_id, household_id, author_id, type, title, payload, occurred_at) VALUES ('77777777-7777-7777-0037-000000000000', 'a0e0a0e0-a0e0-a0e0-a0e0-a0e0a0e0a0e0', '11111111-1111-1111-1111-000000000037', 'f1520cd2-38d3-49fc-a40b-e6c4524983c8', 'crisis_event', 'Incident / PoruĹˇenĂ­ pravidel', '{"content":"HlĂˇĹˇen drobnĂ˝ incident v rodinÄ›: neshody ve Ĺˇkole ohlednÄ› prospÄ›chu. KlĂ­ÄŤovĂˇ osoba naplĂˇnovala spoleÄŤnĂ© jednĂˇnĂ­ s tĹ™Ă­dnĂ­m uÄŤitelem.","summary":"ĹeĹˇenĂ­ studijnĂ­ch problĂ©mĹŻ."}'::jsonb, '2026-06-08 22:34:50+02');

-- DomĂˇcnost 39: Lucie KuÄŤerovĂˇ (FF-932-FKJ)
INSERT INTO public.households (id, organization_id, branch_id, assigned_ko_id, foster_id, status, notes) VALUES ('11111111-1111-1111-1111-000000000038', 'a0e0a0e0-a0e0-a0e0-a0e0-a0e0a0e0a0e0', 'b0b0b0b0-b0b0-b0b0-b0b0-b0b0b0b0b0b0', 'f1520cd2-38d3-49fc-a40b-e6c4524983c8', 'FF-932-FKJ', 'active', 'PÄ›stounskĂˇ rodina: Lucie KuÄŤerovĂˇ. DoprovĂˇzĂ­ Anna MĂˇlkovĂˇ.');
INSERT INTO public.persons (id, organization_id, household_id, role, first_name, last_name, birth_date, custom_fields, is_active) VALUES ('22222222-2222-2222-2222-000000000038', 'a0e0a0e0-a0e0-a0e0-a0e0-a0e0a0e0a0e0', '11111111-1111-1111-1111-000000000038', 'foster_parent', 'Lucie', 'KuÄŤerovĂˇ', '1983-06-20', '{"profession":"ĂšÄŤetnĂ­","foster_care_type":"B","avatar_url":"https://images.unsplash.com/photo-1488426862026-3ee34a7d66df?w=150"}'::jsonb, true);
INSERT INTO public.person_addresses (id, person_id, type, street, city, zip, from_date) VALUES ('33333333-3333-3333-3333-000000000038', '22222222-2222-2222-2222-000000000038', 'actual', 'PekaĹ™skĂˇ 144', 'VyĹˇkov', '751 57', '2020-01-01');
INSERT INTO public.persons (id, organization_id, household_id, role, first_name, last_name, birth_date, custom_fields, gdpr_consent_signed, safety_rating, is_active) VALUES ('44444444-4444-4444-0038-000000000000', 'a0e0a0e0-a0e0-a0e0-a0e0-a0e0a0e0a0e0', '11111111-1111-1111-1111-000000000038', 'child', 'Radim', 'Zeman', '2018-11-24', '{"foster_care_type":"B","avatar_url":"https://images.unsplash.com/photo-1492562080023-ab3db95bfbce?w=150","hobby":"Cyklistika","school":"ZĹ  KĹ™Ă­dlovickĂˇ Brno"}'::jsonb, true, 'B', true);
INSERT INTO public.persons (id, organization_id, household_id, role, first_name, last_name, birth_date, custom_fields, gdpr_consent_signed, safety_rating, is_active) VALUES ('44444444-4444-4444-0038-000000000001', 'a0e0a0e0-a0e0-a0e0-a0e0-a0e0a0e0a0e0', '11111111-1111-1111-1111-000000000038', 'child', 'Martin', 'NovĂˇk', '2019-03-24', '{"foster_care_type":"B","avatar_url":"https://images.unsplash.com/photo-1507003211169-0a1dd7228f2d?w=150","hobby":"Skaut","school":"ZĹ  NĂˇdraĹľnĂ­ VyĹˇkov"}'::jsonb, true, 'C', true);
INSERT INTO public.persons (id, organization_id, household_id, role, first_name, last_name, birth_date, custom_fields, gdpr_consent_signed, safety_rating, is_active) VALUES ('55555555-5555-5555-0038-000000000000', 'a0e0a0e0-a0e0-a0e0-a0e0-a0e0a0e0a0e0', '11111111-1111-1111-1111-000000000038', 'social_contact', 'Marek', 'KuÄŤerovĂˇ', '2012-10-14', '{"avatar_url":"https://images.unsplash.com/photo-1492562080023-ab3db95bfbce?w=150","relationship_to_child":"BiologickĂ˝ syn"}'::jsonb, true, 'N', true);
INSERT INTO public.persons (id, organization_id, household_id, role, first_name, last_name, birth_date, custom_fields, gdpr_consent_signed, safety_rating, is_active) VALUES ('55555555-5555-5555-0038-000000000001', 'a0e0a0e0-a0e0-a0e0-a0e0-a0e0a0e0a0e0', '11111111-1111-1111-1111-000000000038', 'social_contact', 'OndĹ™ej', 'KuÄŤerovĂˇ', '2008-04-15', '{"avatar_url":"https://images.unsplash.com/photo-1492562080023-ab3db95bfbce?w=150","relationship_to_child":"BiologickĂ˝ syn"}'::jsonb, true, 'N', true);
INSERT INTO public.persons (id, organization_id, household_id, role, first_name, last_name, birth_number, phone, gdpr_consent_signed, safety_rating, is_active) VALUES ('66666666-6666-6666-6666-000000000038', 'a0e0a0e0-a0e0-a0e0-a0e0-a0e0a0e0a0e0', '11111111-1111-1111-1111-000000000038', 'bio_parent', 'Martina', 'SvobodovĂˇ', '961102/3615', '+420723521614', false, 'B', true);
INSERT INTO public.events (id, organization_id, household_id, author_id, type, title, payload, occurred_at) VALUES ('77777777-7777-7777-0038-000000000000', 'a0e0a0e0-a0e0-a0e0-a0e0-a0e0a0e0a0e0', '11111111-1111-1111-1111-000000000038', 'f1520cd2-38d3-49fc-a40b-e6c4524983c8', 'regular_visit', 'PravidelnĂˇ pololetnĂ­ nĂˇvĹˇtÄ›va', '{"content":"NĂˇvĹˇtÄ›va v rodinÄ› probÄ›hla v poĹ™Ăˇdku. PÄ›stoun Lucie KuÄŤerovĂˇ vzornÄ› spolupracuje, dÄ›ti se rozvĂ­jejĂ­ standardnÄ› podle IPOD.","summary":"PololetnĂ­ nĂˇvĹˇtÄ›va bez zjiĹˇtÄ›nĂ˝ch nedostatkĹŻ."}'::jsonb, '2026-05-05 22:34:50+02');

-- DomĂˇcnost 40: AleĹˇ VeselĂ˝ (FF-936-FAS)
INSERT INTO public.households (id, organization_id, branch_id, assigned_ko_id, foster_id, status, notes) VALUES ('11111111-1111-1111-1111-000000000039', 'a0e0a0e0-a0e0-a0e0-a0e0-a0e0a0e0a0e0', 'b0b0b0b0-b0b0-b0b0-b0b0-b0b0b0b0b0b0', 'f1520cd2-38d3-49fc-a40b-e6c4524983c8', 'FF-936-FAS', 'active', 'PÄ›stounskĂˇ rodina: AleĹˇ VeselĂ˝. DoprovĂˇzĂ­ Anna MĂˇlkovĂˇ.');
INSERT INTO public.persons (id, organization_id, household_id, role, first_name, last_name, birth_date, custom_fields, is_active) VALUES ('22222222-2222-2222-2222-000000000039', 'a0e0a0e0-a0e0-a0e0-a0e0-a0e0a0e0a0e0', '11111111-1111-1111-1111-000000000039', 'foster_parent', 'AleĹˇ', 'VeselĂ˝', '1971-01-06', '{"profession":"IT specialista","foster_care_type":"B","avatar_url":"https://images.unsplash.com/photo-1519085360753-af0119f7cbe7?w=150"}'::jsonb, true);
INSERT INTO public.person_addresses (id, person_id, type, street, city, zip, from_date) VALUES ('33333333-3333-3333-3333-000000000039', '22222222-2222-2222-2222-000000000039', 'actual', 'Husova 71', 'KuĹ™im', '489 78', '2020-01-01');
INSERT INTO public.persons (id, organization_id, household_id, role, first_name, last_name, birth_date, custom_fields, gdpr_consent_signed, safety_rating, is_active) VALUES ('44444444-4444-4444-0039-000000000000', 'a0e0a0e0-a0e0-a0e0-a0e0-a0e0a0e0a0e0', '11111111-1111-1111-1111-000000000039', 'child', 'Marie', 'ProchĂˇzkovĂˇ', '2012-10-17', '{"foster_care_type":"B","avatar_url":"https://images.unsplash.com/photo-1544005313-94ddf0286df2?w=150","hobby":"Skaut","school":"ZĹ  KĹ™Ă­dlovickĂˇ Brno"}'::jsonb, true, 'C', true);
INSERT INTO public.persons (id, organization_id, household_id, role, first_name, last_name, birth_date, custom_fields, gdpr_consent_signed, safety_rating, is_active) VALUES ('55555555-5555-5555-0039-000000000000', 'a0e0a0e0-a0e0-a0e0-a0e0-a0e0a0e0a0e0', '11111111-1111-1111-1111-000000000039', 'social_contact', 'KristĂ˝na', 'VeselĂ˝', '2020-11-07', '{"avatar_url":"https://images.unsplash.com/photo-1438761681033-6461ffad8d80?w=150","relationship_to_child":"BiologickĂˇ dcera"}'::jsonb, true, 'N', true);
INSERT INTO public.persons (id, organization_id, household_id, role, first_name, last_name, birth_date, custom_fields, gdpr_consent_signed, safety_rating, is_active) VALUES ('55555555-5555-5555-0039-000000000001', 'a0e0a0e0-a0e0-a0e0-a0e0-a0e0a0e0a0e0', '11111111-1111-1111-1111-000000000039', 'social_contact', 'AleĹˇ', 'VeselĂ˝', '2019-04-11', '{"avatar_url":"https://images.unsplash.com/photo-1500648767791-00dcc994a43e?w=150","relationship_to_child":"BiologickĂ˝ syn"}'::jsonb, true, 'N', true);
INSERT INTO public.persons (id, organization_id, household_id, role, first_name, last_name, birth_date, custom_fields, gdpr_consent_signed, safety_rating, is_active) VALUES ('55555555-5555-5555-0039-000000000002', 'a0e0a0e0-a0e0-a0e0-a0e0-a0e0a0e0a0e0', '11111111-1111-1111-1111-000000000039', 'social_contact', 'Jaroslav', 'VeselĂ˝', '2012-09-13', '{"avatar_url":"https://images.unsplash.com/photo-1506794778202-cad84cf45f1d?w=150","relationship_to_child":"BiologickĂ˝ syn"}'::jsonb, true, 'N', true);
INSERT INTO public.persons (id, organization_id, household_id, role, first_name, last_name, birth_number, phone, gdpr_consent_signed, safety_rating, is_active) VALUES ('66666666-6666-6666-6666-000000000039', 'a0e0a0e0-a0e0-a0e0-a0e0-a0e0a0e0a0e0', '11111111-1111-1111-1111-000000000039', 'bio_parent', 'Martina', 'NÄ›mcovĂˇ', '800213/5105', '+420702389843', false, 'B', true);
INSERT INTO public.events (id, organization_id, household_id, author_id, type, title, payload, occurred_at) VALUES ('77777777-7777-7777-0039-000000000000', 'a0e0a0e0-a0e0-a0e0-a0e0-a0e0a0e0a0e0', '11111111-1111-1111-1111-000000000039', 'f1520cd2-38d3-49fc-a40b-e6c4524983c8', 'phone_call', 'TelefonickĂ˝ kontakt s pÄ›stounem', '{"content":"TelefonickĂ˝ hovor s pÄ›stounem. ProbĂ­rali jsme chovĂˇnĂ­ dÄ›tĂ­ ve Ĺˇkole a plĂˇnovĂˇnĂ­ letnĂ­ch prĂˇzdninovĂ˝ch aktivit.","summary":"TelefonĂˇt ohlednÄ› prĂˇzdnin."}'::jsonb, '2026-06-10 22:34:50+02');

