п»ҝ-- Supabase Migration: TestovacДӮВӯ data (Seed data - 20 domДӮЛҮcnostДӮВӯ)
-- Cesta: moje_doprovazeni_com/supabase/migrations/20260617000100_seed_data.sql

TRUNCATE public.person_physiological_metrics, public.person_documents, public.person_education, public.person_addresses, public.events, public.persons, public.households, public.profiles, public.branches, public.organizations CASCADE;

-- ==========================================
-- 1. ZALOД№ЛқENДӮЕӨ TESTOVACДӮЕӨ ORGANIZACE A POBOГ„ЕҡKY
-- ==========================================

INSERT INTO public.organizations (id, name, slug, primary_color, secondary_color, subscription_tier) VALUES ('a0e0a0e0-a0e0-a0e0-a0e0-a0e0a0e0a0e0', 'DoprovДӮЛҮzenДӮВӯ s.r.o.', 'doprovazeni', '#6366f1', '#0f172a', 'pro');
INSERT INTO public.branches (id, organization_id, name, address) VALUES ('b0b0b0b0-b0b0-b0b0-b0b0-b0b0b0b0b0b0', 'a0e0a0e0-a0e0-a0e0-a0e0-a0e0a0e0a0e0', 'PoboГ„ЕӨka Brno-mГ„вҖәsto', 'ДӮЕЎdolnДӮВӯ 250/5, 602 00 Brno');

-- ==========================================
-- 2. ZALOД№ЛқENДӮЕӨ UД№ЛқIVATELSKДӮЕҘCH PROFILД№В®
-- ==========================================

INSERT INTO public.profiles (id, organization_id, branch_id, email, first_name, last_name, role, is_active) VALUES ('f1520cd2-38d3-49fc-a40b-e6c4524983c8', 'a0e0a0e0-a0e0-a0e0-a0e0-a0e0a0e0a0e0', 'b0b0b0b0-b0b0-b0b0-b0b0-b0b0b0b0b0b0', 'petr.homolka@gmail.com', 'Petr', 'Homolka', 'superadmin', true);
INSERT INTO public.profiles (id, organization_id, branch_id, email, first_name, last_name, role, is_active) VALUES ('aecbcd51-1ae6-48b3-b641-a5c639b46fe6', 'a0e0a0e0-a0e0-a0e0-a0e0-a0e0a0e0a0e0', 'b0b0b0b0-b0b0-b0b0-b0b0-b0b0b0b0b0b0', 'test@doprovazeni.com', 'Test', 'PracovnДӮВӯk', 'worker', true);

System.Collections.Hashtable
System.Collections.Hashtable
System.Collections.Hashtable
System.Collections.Hashtable
System.Collections.Hashtable
System.Collections.Hashtable
-- DomДӮЛҮcnost 1: Jan NovДӮЛҮk (FF-300-BDM)
INSERT INTO public.households (id, organization_id, branch_id, assigned_ko_id, foster_id, status, notes) VALUES ('11111111-1111-1111-1111-000000000000', 'a0e0a0e0-a0e0-a0e0-a0e0-a0e0a0e0a0e0', 'b0b0b0b0-b0b0-b0b0-b0b0-b0b0b0b0b0b0', 'aecbcd51-1ae6-48b3-b641-a5c639b46fe6', 'FF-300-BDM', 'active', 'PГ„вҖәstounskДӮЛҮ rodina: Jan NovДӮЛҮk. DoprovДӮЛҮzДӮВӯ Anna MДӮЛҮlkovДӮЛҮ.');
INSERT INTO public.persons (id, organization_id, household_id, role, first_name, last_name, birth_date, custom_fields, is_active) VALUES ('22222222-2222-2222-2222-000000000000', 'a0e0a0e0-a0e0-a0e0-a0e0-a0e0a0e0a0e0', '11111111-1111-1111-1111-000000000000', 'foster_parent', 'Jan', 'NovДӮЛҮk', '1965-07-08', '{"profession":"IT specialista","foster_care_type":"A","avatar_url":"https://images.unsplash.com/photo-1519085360753-af0119f7cbe7?w=150"}'::jsonb, true);
INSERT INTO public.person_addresses (id, person_id, type, street, city, zip, from_date) VALUES ('33333333-3333-3333-3333-000000000000', '22222222-2222-2222-2222-000000000000', 'actual', 'KoneГ„ЕӨnДӮВ©ho nДӮЛҮmГ„вҖәstДӮВӯ 4', 'Brno', '766 82', '2020-01-01');
INSERT INTO public.persons (id, organization_id, household_id, role, first_name, last_name, birth_date, custom_fields, gdpr_consent_signed, safety_rating, is_active) VALUES ('44444444-4444-4444-0000-00000000', 'a0e0a0e0-a0e0-a0e0-a0e0-a0e0a0e0a0e0', '11111111-1111-1111-1111-000000000000', 'child', 'Michaela', 'BeneД№ЛҮovДӮЛҮ', '2019-02-17', '{"foster_care_type":"A","avatar_url":"https://images.unsplash.com/photo-1544005313-94ddf0286df2?w=150","hobby":"Skaut","school":"ZД№В  Д№В kolnДӮВӯ Hostomice"}'::jsonb, true, 'C', true);
INSERT INTO public.persons (id, organization_id, household_id, role, first_name, last_name, birth_date, custom_fields, gdpr_consent_signed, safety_rating, is_active) VALUES ('55555555-5555-5555-0000-00000000', 'a0e0a0e0-a0e0-a0e0-a0e0-a0e0a0e0a0e0', '11111111-1111-1111-1111-000000000000', 'social_contact', 'Barbora', 'NovДӮЛҮk', '2016-02-02', '{"avatar_url":"https://images.unsplash.com/photo-1488426862026-3ee34a7d66df?w=150","relationship_to_child":"BiologickДӮЛҮ dcera"}'::jsonb, true, 'N', true);
INSERT INTO public.persons (id, organization_id, household_id, role, first_name, last_name, birth_number, phone, gdpr_consent_signed, safety_rating, is_active) VALUES ('66666666-6666-6666-6666-000000000000', 'a0e0a0e0-a0e0-a0e0-a0e0-a0e0a0e0a0e0', '11111111-1111-1111-1111-000000000000', 'bio_parent', 'Petra', 'RД№Е»Д№ДҫiГ„ЕӨkovДӮЛҮ', '881008/4819', '+420601915020', true, 'B', true);
INSERT INTO public.events (id, organization_id, household_id, author_id, type, title, payload, occurred_at) VALUES ('77777777-7777-7777-0000-00000000', 'a0e0a0e0-a0e0-a0e0-a0e0-a0e0a0e0a0e0', '11111111-1111-1111-1111-000000000000', 'aecbcd51-1ae6-48b3-b641-a5c639b46fe6', 'regular_visit', 'PravidelnДӮЛҮ pololetnДӮВӯ nДӮЛҮvД№ЛҮtГ„вҖәva', '{"content":"NДӮЛҮvД№ЛҮtГ„вҖәva v rodinГ„вҖә probГ„вҖәhla v poД№в„ўДӮЛҮdku. PГ„вҖәstoun Jan NovДӮЛҮk vzornГ„вҖә spolupracuje, dГ„вҖәti se rozvДӮВӯjejДӮВӯ standardnГ„вҖә podle IPOD.","summary":"PololetnДӮВӯ nДӮЛҮvД№ЛҮtГ„вҖәva bez zjiД№ЛҮtГ„вҖәnДӮЛқch nedostatkД№Е»."}'::jsonb, '2026-05-26 22:27:09+02');

-- DomДӮЛҮcnost 2: Jan NovДӮЛҮk (FF-513-PCW)
INSERT INTO public.households (id, organization_id, branch_id, assigned_ko_id, foster_id, status, notes) VALUES ('11111111-1111-1111-1111-000000000001', 'a0e0a0e0-a0e0-a0e0-a0e0-a0e0a0e0a0e0', 'b0b0b0b0-b0b0-b0b0-b0b0-b0b0b0b0b0b0', 'aecbcd51-1ae6-48b3-b641-a5c639b46fe6', 'FF-513-PCW', 'active', 'PГ„вҖәstounskДӮЛҮ rodina: Jan NovДӮЛҮk. DoprovДӮЛҮzДӮВӯ Anna MДӮЛҮlkovДӮЛҮ.');
INSERT INTO public.persons (id, organization_id, household_id, role, first_name, last_name, birth_date, custom_fields, is_active) VALUES ('22222222-2222-2222-2222-000000000001', 'a0e0a0e0-a0e0-a0e0-a0e0-a0e0a0e0a0e0', '11111111-1111-1111-1111-000000000001', 'foster_parent', 'Jan', 'NovДӮЛҮk', '1971-01-08', '{"profession":"Д№ВҳidiГ„ЕӨ","foster_care_type":"C","avatar_url":"https://images.unsplash.com/photo-1507003211169-0a1dd7228f2d?w=150","relationship_to_child":"dГ„вҖәdeГ„ЕӨek"}'::jsonb, true);
INSERT INTO public.person_addresses (id, person_id, type, street, city, zip, from_date) VALUES ('33333333-3333-3333-3333-000000000001', '22222222-2222-2222-2222-000000000001', 'actual', 'Д№В kolnДӮВӯ 13', 'Hostomice', '100 28', '2020-01-01');
INSERT INTO public.persons (id, organization_id, household_id, role, first_name, last_name, birth_date, custom_fields, gdpr_consent_signed, safety_rating, is_active) VALUES ('44444444-4444-4444-0001-00000000', 'a0e0a0e0-a0e0-a0e0-a0e0-a0e0a0e0a0e0', '11111111-1111-1111-1111-000000000001', 'child', 'David', 'Zeman', '2013-04-11', '{"relationship_to_foster_parent":"vnuk","foster_care_type":"C","avatar_url":"https://images.unsplash.com/photo-1506794778202-cad84cf45f1d?w=150","hobby":"Keramika","school":"GymnДӮЛҮzium Elgartova Brno"}'::jsonb, true, 'B', true);
INSERT INTO public.persons (id, organization_id, household_id, role, first_name, last_name, birth_date, custom_fields, gdpr_consent_signed, safety_rating, is_active) VALUES ('44444444-4444-4444-0001-00000001', 'a0e0a0e0-a0e0-a0e0-a0e0-a0e0a0e0a0e0', '11111111-1111-1111-1111-000000000001', 'child', 'Eva', 'JelДӮВӯnkovДӮЛҮ', '2011-04-02', '{"relationship_to_foster_parent":"vnuГ„ЕӨka","foster_care_type":"C","avatar_url":"https://images.unsplash.com/photo-1534528741775-53994a69daeb?w=150","hobby":"Skaut","school":"ZД№В  ДӮЕЎvoz Brno"}'::jsonb, true, 'A', true);
INSERT INTO public.persons (id, organization_id, household_id, role, first_name, last_name, birth_date, custom_fields, gdpr_consent_signed, safety_rating, is_active) VALUES ('55555555-5555-5555-0001-00000000', 'a0e0a0e0-a0e0-a0e0-a0e0-a0e0a0e0a0e0', '11111111-1111-1111-1111-000000000001', 'social_contact', 'Filip', 'NovДӮЛҮk', '2010-10-21', '{"avatar_url":"https://images.unsplash.com/photo-1501196354995-cbb51c65aaea?w=150","relationship_to_child":"BiologickДӮЛқ syn"}'::jsonb, true, 'N', true);
INSERT INTO public.persons (id, organization_id, household_id, role, first_name, last_name, birth_date, custom_fields, gdpr_consent_signed, safety_rating, is_active) VALUES ('55555555-5555-5555-0001-00000001', 'a0e0a0e0-a0e0-a0e0-a0e0-a0e0a0e0a0e0', '11111111-1111-1111-1111-000000000001', 'social_contact', 'Jaroslav', 'NovДӮЛҮk', '2009-06-28', '{"avatar_url":"https://images.unsplash.com/photo-1501196354995-cbb51c65aaea?w=150","relationship_to_child":"BiologickДӮЛқ syn"}'::jsonb, true, 'N', true);
INSERT INTO public.persons (id, organization_id, household_id, role, first_name, last_name, birth_number, phone, gdpr_consent_signed, safety_rating, is_active) VALUES ('66666666-6666-6666-6666-000000000001', 'a0e0a0e0-a0e0-a0e0-a0e0-a0e0a0e0a0e0', '11111111-1111-1111-1111-000000000001', 'bio_parent', 'Jakub', 'HorДӮЛҮk', '891024/2350', '+420673124576', false, 'Z', true);
INSERT INTO public.events (id, organization_id, household_id, author_id, type, title, payload, occurred_at) VALUES ('77777777-7777-7777-0001-00000000', 'a0e0a0e0-a0e0-a0e0-a0e0-a0e0a0e0a0e0', '11111111-1111-1111-1111-000000000001', 'aecbcd51-1ae6-48b3-b641-a5c639b46fe6', 'crisis_event', 'Pokus o kontakt biologickДӮВ©ho otce', '{"content":"BiologickДӮЛқ rodiГ„ЕӨ Jakub HorДӮЛҮk se pokusil kontaktovat dДӮВӯtГ„вҖә navzdory soudnДӮВӯД№ЛҮemu zДӮЛҮkazu styku. PГ„вҖәstoun okamД№ДҫitГ„вҖә kontaktoval naД№ЛҮi klДӮВӯГ„ЕӨovou osobu. Incident hlДӮЛҮД№ЛҮen na OSPOD.","summary":"PoruД№ЛҮenДӮВӯ zДӮЛҮkazu styku biologickДӮЛқm rodiГ„ЕӨem."}'::jsonb, '2026-05-08 22:27:09+02');
INSERT INTO public.events (id, organization_id, household_id, author_id, type, title, payload, occurred_at) VALUES ('77777777-7777-7777-0001-00000001', 'a0e0a0e0-a0e0-a0e0-a0e0-a0e0a0e0a0e0', '11111111-1111-1111-1111-000000000001', 'aecbcd51-1ae6-48b3-b641-a5c639b46fe6', 'crisis_event', 'Pokus o kontakt biologickДӮВ©ho otce', '{"content":"BiologickДӮЛқ rodiГ„ЕӨ Jakub HorДӮЛҮk se pokusil kontaktovat dДӮВӯtГ„вҖә navzdory soudnДӮВӯД№ЛҮemu zДӮЛҮkazu styku. PГ„вҖәstoun okamД№ДҫitГ„вҖә kontaktoval naД№ЛҮi klДӮВӯГ„ЕӨovou osobu. Incident hlДӮЛҮД№ЛҮen na OSPOD.","summary":"PoruД№ЛҮenДӮВӯ zДӮЛҮkazu styku biologickДӮЛқm rodiГ„ЕӨem."}'::jsonb, '2026-05-27 22:27:09+02');

-- DomДӮЛҮcnost 3: Petr NovДӮЛҮk (FF-244-NZC)
INSERT INTO public.households (id, organization_id, branch_id, assigned_ko_id, foster_id, status, notes) VALUES ('11111111-1111-1111-1111-000000000002', 'a0e0a0e0-a0e0-a0e0-a0e0-a0e0a0e0a0e0', 'b0b0b0b0-b0b0-b0b0-b0b0-b0b0b0b0b0b0', 'aecbcd51-1ae6-48b3-b641-a5c639b46fe6', 'FF-244-NZC', 'active', 'PГ„вҖәstounskДӮЛҮ rodina: Petr NovДӮЛҮk. DoprovДӮЛҮzДӮВӯ Anna MДӮЛҮlkovДӮЛҮ.');
INSERT INTO public.persons (id, organization_id, household_id, role, first_name, last_name, birth_date, custom_fields, is_active) VALUES ('22222222-2222-2222-2222-000000000002', 'a0e0a0e0-a0e0-a0e0-a0e0-a0e0a0e0a0e0', '11111111-1111-1111-1111-000000000002', 'foster_parent', 'Petr', 'NovДӮЛҮk', '1991-07-14', '{"profession":"DД№Е»chodce","foster_care_type":"B","avatar_url":"https://images.unsplash.com/photo-1506794778202-cad84cf45f1d?w=150"}'::jsonb, true);
INSERT INTO public.person_addresses (id, person_id, type, street, city, zip, from_date) VALUES ('33333333-3333-3333-3333-000000000002', '22222222-2222-2222-2222-000000000002', 'actual', 'NДӮЛҮdraД№ДҫnДӮВӯ 8', 'Blansko', '200 19', '2020-01-01');
INSERT INTO public.persons (id, organization_id, household_id, role, first_name, last_name, birth_date, custom_fields, gdpr_consent_signed, safety_rating, is_active) VALUES ('44444444-4444-4444-0002-00000000', 'a0e0a0e0-a0e0-a0e0-a0e0-a0e0a0e0a0e0', '11111111-1111-1111-1111-000000000002', 'child', 'Alena', 'MarkovДӮЛҮ', '2014-04-06', '{"foster_care_type":"B","avatar_url":"https://images.unsplash.com/photo-1488426862026-3ee34a7d66df?w=150","hobby":"ModelДӮЛҮД№в„ўstvДӮВӯ","school":"ZД№В  NДӮЛҮdraД№ДҫnДӮВӯ VyД№ЛҮkov"}'::jsonb, true, 'C', true);
INSERT INTO public.persons (id, organization_id, household_id, role, first_name, last_name, birth_date, custom_fields, gdpr_consent_signed, safety_rating, is_active) VALUES ('55555555-5555-5555-0002-00000000', 'a0e0a0e0-a0e0-a0e0-a0e0-a0e0a0e0a0e0', '11111111-1111-1111-1111-000000000002', 'social_contact', 'Petra', 'NovДӮЛҮk', '2016-09-10', '{"avatar_url":"https://images.unsplash.com/photo-1488426862026-3ee34a7d66df?w=150","relationship_to_child":"BiologickДӮЛҮ dcera"}'::jsonb, true, 'N', true);
INSERT INTO public.persons (id, organization_id, household_id, role, first_name, last_name, birth_date, custom_fields, gdpr_consent_signed, safety_rating, is_active) VALUES ('55555555-5555-5555-0002-00000001', 'a0e0a0e0-a0e0-a0e0-a0e0-a0e0a0e0a0e0', '11111111-1111-1111-1111-000000000002', 'social_contact', 'VДӮЛҮclav', 'NovДӮЛҮk', '2013-03-08', '{"avatar_url":"https://images.unsplash.com/photo-1507003211169-0a1dd7228f2d?w=150","relationship_to_child":"BiologickДӮЛқ syn"}'::jsonb, true, 'N', true);
INSERT INTO public.persons (id, organization_id, household_id, role, first_name, last_name, birth_date, custom_fields, gdpr_consent_signed, safety_rating, is_active) VALUES ('55555555-5555-5555-0002-00000002', 'a0e0a0e0-a0e0-a0e0-a0e0-a0e0a0e0a0e0', '11111111-1111-1111-1111-000000000002', 'social_contact', 'David', 'NovДӮЛҮk', '2013-04-05', '{"avatar_url":"https://images.unsplash.com/photo-1506794778202-cad84cf45f1d?w=150","relationship_to_child":"BiologickДӮЛқ syn"}'::jsonb, true, 'N', true);
INSERT INTO public.persons (id, organization_id, household_id, role, first_name, last_name, birth_number, phone, gdpr_consent_signed, safety_rating, is_active) VALUES ('66666666-6666-6666-6666-000000000002', 'a0e0a0e0-a0e0-a0e0-a0e0-a0e0a0e0a0e0', '11111111-1111-1111-1111-000000000002', 'bio_parent', 'Anna', 'SedlДӮЛҮГ„ЕӨkovДӮЛҮ', '880123/5187', '+420708392209', false, 'C', true);
INSERT INTO public.events (id, organization_id, household_id, author_id, type, title, payload, occurred_at) VALUES ('77777777-7777-7777-0002-00000000', 'a0e0a0e0-a0e0-a0e0-a0e0-a0e0a0e0a0e0', '11111111-1111-1111-1111-000000000002', 'aecbcd51-1ae6-48b3-b641-a5c639b46fe6', 'crisis_event', 'Incident / PoruД№ЛҮenДӮВӯ pravidel', '{"content":"HlДӮЛҮД№ЛҮen drobnДӮЛқ incident v rodinГ„вҖә: neshody ve Д№ЛҮkole ohlednГ„вҖә prospГ„вҖәchu. KlДӮВӯГ„ЕӨovДӮЛҮ osoba naplДӮЛҮnovala spoleГ„ЕӨnДӮВ© jednДӮЛҮnДӮВӯ s tД№в„ўДӮВӯdnДӮВӯm uГ„ЕӨitelem.","summary":"Д№ВҳeД№ЛҮenДӮВӯ studijnДӮВӯch problДӮВ©mД№Е»."}'::jsonb, '2026-06-09 22:27:09+02');

-- DomДӮЛҮcnost 4: Jana NovotnДӮЛҮ (FF-342-XMT)
INSERT INTO public.households (id, organization_id, branch_id, assigned_ko_id, foster_id, status, notes) VALUES ('11111111-1111-1111-1111-000000000003', 'a0e0a0e0-a0e0-a0e0-a0e0-a0e0a0e0a0e0', 'b0b0b0b0-b0b0-b0b0-b0b0-b0b0b0b0b0b0', 'aecbcd51-1ae6-48b3-b641-a5c639b46fe6', 'FF-342-XMT', 'active', 'PГ„вҖәstounskДӮЛҮ rodina: Jana NovotnДӮЛҮ. DoprovДӮЛҮzДӮВӯ Anna MДӮЛҮlkovДӮЛҮ.');
INSERT INTO public.persons (id, organization_id, household_id, role, first_name, last_name, birth_date, custom_fields, is_active) VALUES ('22222222-2222-2222-2222-000000000003', 'a0e0a0e0-a0e0-a0e0-a0e0-a0e0a0e0a0e0', '11111111-1111-1111-1111-000000000003', 'foster_parent', 'Jana', 'NovotnДӮЛҮ', '1965-10-24', '{"profession":"Podnikatel","foster_care_type":"C","avatar_url":"https://images.unsplash.com/photo-1517841905240-472988babdf9?w=150","relationship_to_child":"babiГ„ЕӨka"}'::jsonb, true);
INSERT INTO public.person_addresses (id, person_id, type, street, city, zip, from_date) VALUES ('33333333-3333-3333-3333-000000000003', '22222222-2222-2222-2222-000000000003', 'actual', 'NДӮЛҮdraД№ДҫnДӮВӯ 45', 'VyД№ЛҮkov', '755 74', '2020-01-01');
INSERT INTO public.persons (id, organization_id, household_id, role, first_name, last_name, birth_date, custom_fields, gdpr_consent_signed, safety_rating, is_active) VALUES ('44444444-4444-4444-0003-00000000', 'a0e0a0e0-a0e0-a0e0-a0e0-a0e0a0e0a0e0', '11111111-1111-1111-1111-000000000003', 'child', 'Michal', 'KuГ„ЕӨera', '2011-08-26', '{"relationship_to_foster_parent":"vnuk","foster_care_type":"C","avatar_url":"https://images.unsplash.com/photo-1506794778202-cad84cf45f1d?w=150","hobby":"Cyklistika","school":"ZД№В  ДӮЕЎvoz Brno"}'::jsonb, true, 'B', true);
INSERT INTO public.persons (id, organization_id, household_id, role, first_name, last_name, birth_date, custom_fields, gdpr_consent_signed, safety_rating, is_active) VALUES ('55555555-5555-5555-0003-00000000', 'a0e0a0e0-a0e0-a0e0-a0e0-a0e0a0e0a0e0', '11111111-1111-1111-1111-000000000003', 'social_contact', 'JiД№в„ўДӮВӯ', 'NovotnДӮЛҮ', '2016-08-06', '{"avatar_url":"https://images.unsplash.com/photo-1519085360753-af0119f7cbe7?w=150","relationship_to_child":"BiologickДӮЛқ syn"}'::jsonb, true, 'N', true);
INSERT INTO public.persons (id, organization_id, household_id, role, first_name, last_name, birth_date, custom_fields, gdpr_consent_signed, safety_rating, is_active) VALUES ('55555555-5555-5555-0003-00000001', 'a0e0a0e0-a0e0-a0e0-a0e0-a0e0a0e0a0e0', '11111111-1111-1111-1111-000000000003', 'social_contact', 'Marek', 'NovotnДӮЛҮ', '2017-09-05', '{"avatar_url":"https://images.unsplash.com/photo-1501196354995-cbb51c65aaea?w=150","relationship_to_child":"BiologickДӮЛқ syn"}'::jsonb, true, 'N', true);
INSERT INTO public.persons (id, organization_id, household_id, role, first_name, last_name, birth_number, phone, gdpr_consent_signed, safety_rating, is_active) VALUES ('66666666-6666-6666-6666-000000000003', 'a0e0a0e0-a0e0-a0e0-a0e0-a0e0a0e0a0e0', '11111111-1111-1111-1111-000000000003', 'bio_parent', 'Jan', 'KolДӮЛҮД№в„ў', '930704/2168', '+420686663266', false, 'C', true);
INSERT INTO public.events (id, organization_id, household_id, author_id, type, title, payload, occurred_at) VALUES ('77777777-7777-7777-0003-00000000', 'a0e0a0e0-a0e0-a0e0-a0e0-a0e0a0e0a0e0', '11111111-1111-1111-1111-000000000003', 'aecbcd51-1ae6-48b3-b641-a5c639b46fe6', 'regular_visit', 'PravidelnДӮЛҮ pololetnДӮВӯ nДӮЛҮvД№ЛҮtГ„вҖәva', '{"content":"NДӮЛҮvД№ЛҮtГ„вҖәva v rodinГ„вҖә probГ„вҖәhla v poД№в„ўДӮЛҮdku. PГ„вҖәstoun Jana NovotnДӮЛҮ vzornГ„вҖә spolupracuje, dГ„вҖәti se rozvДӮВӯjejДӮВӯ standardnГ„вҖә podle IPOD.","summary":"PololetnДӮВӯ nДӮЛҮvД№ЛҮtГ„вҖәva bez zjiД№ЛҮtГ„вҖәnДӮЛқch nedostatkД№Е»."}'::jsonb, '2026-04-18 22:27:09+02');

-- DomДӮЛҮcnost 5: Jana NovotnДӮЛҮ (FF-803-ELP)
INSERT INTO public.households (id, organization_id, branch_id, assigned_ko_id, foster_id, status, notes) VALUES ('11111111-1111-1111-1111-000000000004', 'a0e0a0e0-a0e0-a0e0-a0e0-a0e0a0e0a0e0', 'b0b0b0b0-b0b0-b0b0-b0b0-b0b0b0b0b0b0', 'aecbcd51-1ae6-48b3-b641-a5c639b46fe6', 'FF-803-ELP', 'active', 'PГ„вҖәstounskДӮЛҮ rodina: Jana NovotnДӮЛҮ. DoprovДӮЛҮzДӮВӯ Anna MДӮЛҮlkovДӮЛҮ.');
INSERT INTO public.persons (id, organization_id, household_id, role, first_name, last_name, birth_date, custom_fields, is_active) VALUES ('22222222-2222-2222-2222-000000000004', 'a0e0a0e0-a0e0-a0e0-a0e0-a0e0a0e0a0e0', '11111111-1111-1111-1111-000000000004', 'foster_parent', 'Jana', 'NovotnДӮЛҮ', '1989-11-07', '{"profession":"SociДӮЛҮlnДӮВӯ pracovnДӮВӯk","foster_care_type":"A","avatar_url":"https://images.unsplash.com/photo-1438761681033-6461ffad8d80?w=150"}'::jsonb, true);
INSERT INTO public.person_addresses (id, person_id, type, street, city, zip, from_date) VALUES ('33333333-3333-3333-3333-000000000004', '22222222-2222-2222-2222-000000000004', 'actual', 'ДӮЕЎdolnДӮВӯ 12', 'Brno', '687 52', '2020-01-01');
INSERT INTO public.persons (id, organization_id, household_id, role, first_name, last_name, birth_date, custom_fields, gdpr_consent_signed, safety_rating, is_active) VALUES ('44444444-4444-4444-0004-00000000', 'a0e0a0e0-a0e0-a0e0-a0e0-a0e0a0e0a0e0', '11111111-1111-1111-1111-000000000004', 'child', 'Martin', 'Svoboda', '2016-01-22', '{"foster_care_type":"A","avatar_url":"https://images.unsplash.com/photo-1492562080023-ab3db95bfbce?w=150","hobby":"Florbal","school":"GymnДӮЛҮzium Elgartova Brno"}'::jsonb, true, 'A', true);
INSERT INTO public.persons (id, organization_id, household_id, role, first_name, last_name, birth_date, custom_fields, gdpr_consent_signed, safety_rating, is_active) VALUES ('55555555-5555-5555-0004-00000000', 'a0e0a0e0-a0e0-a0e0-a0e0-a0e0a0e0a0e0', '11111111-1111-1111-1111-000000000004', 'social_contact', 'Jana', 'NovotnДӮЛҮ', '2014-12-22', '{"avatar_url":"https://images.unsplash.com/photo-1517841905240-472988babdf9?w=150","relationship_to_child":"BiologickДӮЛҮ dcera"}'::jsonb, true, 'N', true);
INSERT INTO public.persons (id, organization_id, household_id, role, first_name, last_name, birth_date, custom_fields, gdpr_consent_signed, safety_rating, is_active) VALUES ('55555555-5555-5555-0004-00000001', 'a0e0a0e0-a0e0-a0e0-a0e0-a0e0a0e0a0e0', '11111111-1111-1111-1111-000000000004', 'social_contact', 'Petr', 'NovotnДӮЛҮ', '2016-06-08', '{"avatar_url":"https://images.unsplash.com/photo-1501196354995-cbb51c65aaea?w=150","relationship_to_child":"BiologickДӮЛқ syn"}'::jsonb, true, 'N', true);
INSERT INTO public.persons (id, organization_id, household_id, role, first_name, last_name, birth_date, custom_fields, gdpr_consent_signed, safety_rating, is_active) VALUES ('55555555-5555-5555-0004-00000002', 'a0e0a0e0-a0e0-a0e0-a0e0-a0e0a0e0a0e0', '11111111-1111-1111-1111-000000000004', 'social_contact', 'Martin', 'NovotnДӮЛҮ', '2017-10-07', '{"avatar_url":"https://images.unsplash.com/photo-1492562080023-ab3db95bfbce?w=150","relationship_to_child":"BiologickДӮЛқ syn"}'::jsonb, true, 'N', true);
INSERT INTO public.persons (id, organization_id, household_id, role, first_name, last_name, birth_number, phone, gdpr_consent_signed, safety_rating, is_active) VALUES ('66666666-6666-6666-6666-000000000004', 'a0e0a0e0-a0e0-a0e0-a0e0-a0e0a0e0a0e0', '11111111-1111-1111-1111-000000000004', 'bio_parent', 'Petra', 'JelДӮВӯnkovДӮЛҮ', '770107/6421', '+420708994836', false, 'Z', true);
INSERT INTO public.events (id, organization_id, household_id, author_id, type, title, payload, occurred_at) VALUES ('77777777-7777-7777-0004-00000000', 'a0e0a0e0-a0e0-a0e0-a0e0-a0e0a0e0a0e0', '11111111-1111-1111-1111-000000000004', 'aecbcd51-1ae6-48b3-b641-a5c639b46fe6', 'crisis_event', 'Pokus o kontakt biologickДӮВ©ho otce', '{"content":"BiologickДӮЛқ rodiГ„ЕӨ Petra JelДӮВӯnkovДӮЛҮ se pokusil kontaktovat dДӮВӯtГ„вҖә navzdory soudnДӮВӯД№ЛҮemu zДӮЛҮkazu styku. PГ„вҖәstoun okamД№ДҫitГ„вҖә kontaktoval naД№ЛҮi klДӮВӯГ„ЕӨovou osobu. Incident hlДӮЛҮД№ЛҮen na OSPOD.","summary":"PoruД№ЛҮenДӮВӯ zДӮЛҮkazu styku biologickДӮЛқm rodiГ„ЕӨem."}'::jsonb, '2026-05-13 22:27:09+02');
INSERT INTO public.events (id, organization_id, household_id, author_id, type, title, payload, occurred_at) VALUES ('77777777-7777-7777-0004-00000001', 'a0e0a0e0-a0e0-a0e0-a0e0-a0e0a0e0a0e0', '11111111-1111-1111-1111-000000000004', 'aecbcd51-1ae6-48b3-b641-a5c639b46fe6', 'crisis_event', 'Pokus o kontakt biologickДӮВ©ho otce', '{"content":"BiologickДӮЛқ rodiГ„ЕӨ Petra JelДӮВӯnkovДӮЛҮ se pokusil kontaktovat dДӮВӯtГ„вҖә navzdory soudnДӮВӯД№ЛҮemu zДӮЛҮkazu styku. PГ„вҖәstoun okamД№ДҫitГ„вҖә kontaktoval naД№ЛҮi klДӮВӯГ„ЕӨovou osobu. Incident hlДӮЛҮД№ЛҮen na OSPOD.","summary":"PoruД№ЛҮenДӮВӯ zДӮЛҮkazu styku biologickДӮЛқm rodiГ„ЕӨem."}'::jsonb, '2026-04-17 22:27:09+02');

-- DomДӮЛҮcnost 6: Marie NovotnДӮЛҮ (FF-289-LUG)
INSERT INTO public.households (id, organization_id, branch_id, assigned_ko_id, foster_id, status, notes) VALUES ('11111111-1111-1111-1111-000000000005', 'a0e0a0e0-a0e0-a0e0-a0e0-a0e0a0e0a0e0', 'b0b0b0b0-b0b0-b0b0-b0b0-b0b0b0b0b0b0', 'aecbcd51-1ae6-48b3-b641-a5c639b46fe6', 'FF-289-LUG', 'active', 'PГ„вҖәstounskДӮЛҮ rodina: Marie NovotnДӮЛҮ. DoprovДӮЛҮzДӮВӯ Anna MДӮЛҮlkovДӮЛҮ.');
INSERT INTO public.persons (id, organization_id, household_id, role, first_name, last_name, birth_date, custom_fields, is_active) VALUES ('22222222-2222-2222-2222-000000000005', 'a0e0a0e0-a0e0-a0e0-a0e0-a0e0a0e0a0e0', '11111111-1111-1111-1111-000000000005', 'foster_parent', 'Marie', 'NovotnДӮЛҮ', '1973-11-21', '{"profession":"ДӮЕЎГ„ЕӨetnДӮВӯ","foster_care_type":"B","avatar_url":"https://images.unsplash.com/photo-1494790108377-be9c29b29330?w=150"}'::jsonb, true);
INSERT INTO public.person_addresses (id, person_id, type, street, city, zip, from_date) VALUES ('33333333-3333-3333-3333-000000000005', '22222222-2222-2222-2222-000000000005', 'actual', 'ДӮЕЎzkДӮЛҮ 5', 'TiД№ЛҮnov', '617 13', '2020-01-01');
INSERT INTO public.persons (id, organization_id, household_id, role, first_name, last_name, birth_date, custom_fields, gdpr_consent_signed, safety_rating, is_active) VALUES ('44444444-4444-4444-0005-00000000', 'a0e0a0e0-a0e0-a0e0-a0e0-a0e0a0e0a0e0', '11111111-1111-1111-1111-000000000005', 'child', 'Jaroslav', 'SedlДӮЛҮГ„ЕӨek', '2020-09-18', '{"foster_care_type":"B","avatar_url":"https://images.unsplash.com/photo-1500648767791-00dcc994a43e?w=150","hobby":"ModelДӮЛҮД№в„ўstvДӮВӯ","school":"ZД№В  Merhautova Brno"}'::jsonb, true, 'A', true);
INSERT INTO public.persons (id, organization_id, household_id, role, first_name, last_name, birth_date, custom_fields, gdpr_consent_signed, safety_rating, is_active) VALUES ('55555555-5555-5555-0005-00000000', 'a0e0a0e0-a0e0-a0e0-a0e0-a0e0a0e0a0e0', '11111111-1111-1111-1111-000000000005', 'social_contact', 'KateД№в„ўina', 'NovotnДӮЛҮ', '2013-01-11', '{"avatar_url":"https://images.unsplash.com/photo-1517841905240-472988babdf9?w=150","relationship_to_child":"BiologickДӮЛҮ dcera"}'::jsonb, true, 'N', true);
INSERT INTO public.persons (id, organization_id, household_id, role, first_name, last_name, birth_number, phone, gdpr_consent_signed, safety_rating, is_active) VALUES ('66666666-6666-6666-6666-000000000005', 'a0e0a0e0-a0e0-a0e0-a0e0-a0e0a0e0a0e0', '11111111-1111-1111-1111-000000000005', 'bio_parent', 'Jana', 'SedlДӮЛҮГ„ЕӨkovДӮЛҮ', '760912/6944', '+420626331847', true, 'Z', true);
INSERT INTO public.events (id, organization_id, household_id, author_id, type, title, payload, occurred_at) VALUES ('77777777-7777-7777-0005-00000000', 'a0e0a0e0-a0e0-a0e0-a0e0-a0e0a0e0a0e0', '11111111-1111-1111-1111-000000000005', 'aecbcd51-1ae6-48b3-b641-a5c639b46fe6', 'crisis_event', 'Pokus o kontakt biologickДӮВ©ho otce', '{"content":"BiologickДӮЛқ rodiГ„ЕӨ Jana SedlДӮЛҮГ„ЕӨkovДӮЛҮ se pokusil kontaktovat dДӮВӯtГ„вҖә navzdory soudnДӮВӯД№ЛҮemu zДӮЛҮkazu styku. PГ„вҖәstoun okamД№ДҫitГ„вҖә kontaktoval naД№ЛҮi klДӮВӯГ„ЕӨovou osobu. Incident hlДӮЛҮД№ЛҮen na OSPOD.","summary":"PoruД№ЛҮenДӮВӯ zДӮЛҮkazu styku biologickДӮЛқm rodiГ„ЕӨem."}'::jsonb, '2026-05-17 22:27:09+02');

-- DomДӮЛҮcnost 7: Filip KrДӮЛҮl (FF-447-AFJ)
INSERT INTO public.households (id, organization_id, branch_id, assigned_ko_id, foster_id, status, notes) VALUES ('11111111-1111-1111-1111-000000000006', 'a0e0a0e0-a0e0-a0e0-a0e0-a0e0a0e0a0e0', 'b0b0b0b0-b0b0-b0b0-b0b0-b0b0b0b0b0b0', 'aecbcd51-1ae6-48b3-b641-a5c639b46fe6', 'FF-447-AFJ', 'active', 'PГ„вҖәstounskДӮЛҮ rodina: Filip KrДӮЛҮl. DoprovДӮЛҮzДӮВӯ Anna MДӮЛҮlkovДӮЛҮ.');
INSERT INTO public.persons (id, organization_id, household_id, role, first_name, last_name, birth_date, custom_fields, is_active) VALUES ('22222222-2222-2222-2222-000000000006', 'a0e0a0e0-a0e0-a0e0-a0e0-a0e0a0e0a0e0', '11111111-1111-1111-1111-000000000006', 'foster_parent', 'Filip', 'KrДӮЛҮl', '1968-06-05', '{"profession":"ProdavaГ„ЕӨ","foster_care_type":"B","avatar_url":"https://images.unsplash.com/photo-1519085360753-af0119f7cbe7?w=150"}'::jsonb, true);
INSERT INTO public.person_addresses (id, person_id, type, street, city, zip, from_date) VALUES ('33333333-3333-3333-3333-000000000006', '22222222-2222-2222-2222-000000000006', 'actual', 'SportovnДӮВӯ 45', 'KuД№в„ўim', '622 81', '2020-01-01');
INSERT INTO public.persons (id, organization_id, household_id, role, first_name, last_name, birth_date, custom_fields, gdpr_consent_signed, safety_rating, is_active) VALUES ('44444444-4444-4444-0006-00000000', 'a0e0a0e0-a0e0-a0e0-a0e0-a0e0a0e0a0e0', '11111111-1111-1111-1111-000000000006', 'child', 'Marie', 'PokornДӮЛҮ', '2013-01-20', '{"foster_care_type":"B","avatar_url":"https://images.unsplash.com/photo-1517841905240-472988babdf9?w=150","hobby":"Fotbal","school":"ZД№В  ДӮЕЎvoz Brno"}'::jsonb, true, 'A', true);
INSERT INTO public.persons (id, organization_id, household_id, role, first_name, last_name, birth_date, custom_fields, gdpr_consent_signed, safety_rating, is_active) VALUES ('44444444-4444-4444-0006-00000001', 'a0e0a0e0-a0e0-a0e0-a0e0-a0e0a0e0a0e0', '11111111-1111-1111-1111-000000000006', 'child', 'LukДӮЛҮД№ЛҮ', 'Svoboda', '2011-02-04', '{"foster_care_type":"B","avatar_url":"https://images.unsplash.com/photo-1519085360753-af0119f7cbe7?w=150","hobby":"Fotbal","school":"GymnДӮЛҮzium Elgartova Brno"}'::jsonb, true, 'A', true);
INSERT INTO public.persons (id, organization_id, household_id, role, first_name, last_name, birth_date, custom_fields, gdpr_consent_signed, safety_rating, is_active) VALUES ('55555555-5555-5555-0006-00000000', 'a0e0a0e0-a0e0-a0e0-a0e0-a0e0a0e0a0e0', '11111111-1111-1111-1111-000000000006', 'social_contact', 'Petr', 'KrДӮЛҮl', '2022-01-13', '{"avatar_url":"https://images.unsplash.com/photo-1506794778202-cad84cf45f1d?w=150","relationship_to_child":"BiologickДӮЛқ syn"}'::jsonb, true, 'N', true);
INSERT INTO public.persons (id, organization_id, household_id, role, first_name, last_name, birth_number, phone, gdpr_consent_signed, safety_rating, is_active) VALUES ('66666666-6666-6666-6666-000000000006', 'a0e0a0e0-a0e0-a0e0-a0e0-a0e0a0e0a0e0', '11111111-1111-1111-1111-000000000006', 'bio_parent', 'Tereza', 'DvoД№в„ўДӮЛҮkovДӮЛҮ', '850224/6245', '+420747436898', false, 'Z', true);
INSERT INTO public.events (id, organization_id, household_id, author_id, type, title, payload, occurred_at) VALUES ('77777777-7777-7777-0006-00000000', 'a0e0a0e0-a0e0-a0e0-a0e0-a0e0a0e0a0e0', '11111111-1111-1111-1111-000000000006', 'aecbcd51-1ae6-48b3-b641-a5c639b46fe6', 'crisis_event', 'Pokus o kontakt biologickДӮВ©ho otce', '{"content":"BiologickДӮЛқ rodiГ„ЕӨ Tereza DvoД№в„ўДӮЛҮkovДӮЛҮ se pokusil kontaktovat dДӮВӯtГ„вҖә navzdory soudnДӮВӯД№ЛҮemu zДӮЛҮkazu styku. PГ„вҖәstoun okamД№ДҫitГ„вҖә kontaktoval naД№ЛҮi klДӮВӯГ„ЕӨovou osobu. Incident hlДӮЛҮД№ЛҮen na OSPOD.","summary":"PoruД№ЛҮenДӮВӯ zДӮЛҮkazu styku biologickДӮЛқm rodiГ„ЕӨem."}'::jsonb, '2026-05-29 22:27:09+02');

-- DomДӮЛҮcnost 8: Martina ProchДӮЛҮzkovДӮЛҮ (FF-318-BBU)
INSERT INTO public.households (id, organization_id, branch_id, assigned_ko_id, foster_id, status, notes) VALUES ('11111111-1111-1111-1111-000000000007', 'a0e0a0e0-a0e0-a0e0-a0e0-a0e0a0e0a0e0', 'b0b0b0b0-b0b0-b0b0-b0b0-b0b0b0b0b0b0', 'aecbcd51-1ae6-48b3-b641-a5c639b46fe6', 'FF-318-BBU', 'active', 'PГ„вҖәstounskДӮЛҮ rodina: Martina ProchДӮЛҮzkovДӮЛҮ. DoprovДӮЛҮzДӮВӯ Anna MДӮЛҮlkovДӮЛҮ.');
INSERT INTO public.persons (id, organization_id, household_id, role, first_name, last_name, birth_date, custom_fields, is_active) VALUES ('22222222-2222-2222-2222-000000000007', 'a0e0a0e0-a0e0-a0e0-a0e0-a0e0a0e0a0e0', '11111111-1111-1111-1111-000000000007', 'foster_parent', 'Martina', 'ProchДӮЛҮzkovДӮЛҮ', '1965-02-12', '{"profession":"Podnikatel","foster_care_type":"B","avatar_url":"https://images.unsplash.com/photo-1494790108377-be9c29b29330?w=150"}'::jsonb, true);
INSERT INTO public.person_addresses (id, person_id, type, street, city, zip, from_date) VALUES ('33333333-3333-3333-3333-000000000007', '22222222-2222-2222-2222-000000000007', 'actual', 'SportovnДӮВӯ 2', 'TiД№ЛҮnov', '308 19', '2020-01-01');
INSERT INTO public.persons (id, organization_id, household_id, role, first_name, last_name, birth_date, custom_fields, gdpr_consent_signed, safety_rating, is_active) VALUES ('44444444-4444-4444-0007-00000000', 'a0e0a0e0-a0e0-a0e0-a0e0-a0e0a0e0a0e0', '11111111-1111-1111-1111-000000000007', 'child', 'Marek', 'Fiala', '2012-12-08', '{"foster_care_type":"B","avatar_url":"https://images.unsplash.com/photo-1519085360753-af0119f7cbe7?w=150","hobby":"Fotbal","school":"ZД№В  NДӮЛҮdraД№ДҫnДӮВӯ VyД№ЛҮkov"}'::jsonb, true, 'A', true);
INSERT INTO public.persons (id, organization_id, household_id, role, first_name, last_name, birth_date, custom_fields, gdpr_consent_signed, safety_rating, is_active) VALUES ('44444444-4444-4444-0007-00000001', 'a0e0a0e0-a0e0-a0e0-a0e0-a0e0a0e0a0e0', '11111111-1111-1111-1111-000000000007', 'child', 'Petra', 'JelДӮВӯnkovДӮЛҮ', '2011-10-17', '{"foster_care_type":"B","avatar_url":"https://images.unsplash.com/photo-1438761681033-6461ffad8d80?w=150","hobby":"PlavДӮЛҮnДӮВӯ","school":"ZД№В  NДӮЛҮdraД№ДҫnДӮВӯ VyД№ЛҮkov"}'::jsonb, true, 'C', true);
INSERT INTO public.persons (id, organization_id, household_id, role, first_name, last_name, birth_date, custom_fields, gdpr_consent_signed, safety_rating, is_active) VALUES ('55555555-5555-5555-0007-00000000', 'a0e0a0e0-a0e0-a0e0-a0e0-a0e0a0e0a0e0', '11111111-1111-1111-1111-000000000007', 'social_contact', 'Marek', 'ProchДӮЛҮzkovДӮЛҮ', '2013-04-05', '{"avatar_url":"https://images.unsplash.com/photo-1500648767791-00dcc994a43e?w=150","relationship_to_child":"BiologickДӮЛқ syn"}'::jsonb, true, 'N', true);
INSERT INTO public.persons (id, organization_id, household_id, role, first_name, last_name, birth_number, phone, gdpr_consent_signed, safety_rating, is_active) VALUES ('66666666-6666-6666-6666-000000000007', 'a0e0a0e0-a0e0-a0e0-a0e0-a0e0a0e0a0e0', '11111111-1111-1111-1111-000000000007', 'bio_parent', 'Martin', 'NovДӮЛҮk', '931210/2235', '+420732458276', true, 'B', true);
INSERT INTO public.events (id, organization_id, household_id, author_id, type, title, payload, occurred_at) VALUES ('77777777-7777-7777-0007-00000000', 'a0e0a0e0-a0e0-a0e0-a0e0-a0e0a0e0a0e0', '11111111-1111-1111-1111-000000000007', 'aecbcd51-1ae6-48b3-b641-a5c639b46fe6', 'regular_visit', 'PravidelnДӮЛҮ pololetnДӮВӯ nДӮЛҮvД№ЛҮtГ„вҖәva', '{"content":"NДӮЛҮvД№ЛҮtГ„вҖәva v rodinГ„вҖә probГ„вҖәhla v poД№в„ўДӮЛҮdku. PГ„вҖәstoun Martina ProchДӮЛҮzkovДӮЛҮ vzornГ„вҖә spolupracuje, dГ„вҖәti se rozvДӮВӯjejДӮВӯ standardnГ„вҖә podle IPOD.","summary":"PololetnДӮВӯ nДӮЛҮvД№ЛҮtГ„вҖәva bez zjiД№ЛҮtГ„вҖәnДӮЛқch nedostatkД№Е»."}'::jsonb, '2026-05-11 22:27:09+02');

-- DomДӮЛҮcnost 9: Jan ProchДӮЛҮzka (FF-030-XPY)
INSERT INTO public.households (id, organization_id, branch_id, assigned_ko_id, foster_id, status, notes) VALUES ('11111111-1111-1111-1111-000000000008', 'a0e0a0e0-a0e0-a0e0-a0e0-a0e0a0e0a0e0', 'b0b0b0b0-b0b0-b0b0-b0b0-b0b0b0b0b0b0', 'aecbcd51-1ae6-48b3-b641-a5c639b46fe6', 'FF-030-XPY', 'active', 'PГ„вҖәstounskДӮЛҮ rodina: Jan ProchДӮЛҮzka. DoprovДӮЛҮzДӮВӯ Anna MДӮЛҮlkovДӮЛҮ.');
INSERT INTO public.persons (id, organization_id, household_id, role, first_name, last_name, birth_date, custom_fields, is_active) VALUES ('22222222-2222-2222-2222-000000000008', 'a0e0a0e0-a0e0-a0e0-a0e0-a0e0a0e0a0e0', '11111111-1111-1111-1111-000000000008', 'foster_parent', 'Jan', 'ProchДӮЛҮzka', '1975-07-28', '{"profession":"DД№Е»chodce","foster_care_type":"C","avatar_url":"https://images.unsplash.com/photo-1492562080023-ab3db95bfbce?w=150","relationship_to_child":"strДӮЛқc"}'::jsonb, true);
INSERT INTO public.person_addresses (id, person_id, type, street, city, zip, from_date) VALUES ('33333333-3333-3333-3333-000000000008', '22222222-2222-2222-2222-000000000008', 'actual', 'Husova 74', 'VyД№ЛҮkov', '545 65', '2020-01-01');
INSERT INTO public.persons (id, organization_id, household_id, role, first_name, last_name, birth_date, custom_fields, gdpr_consent_signed, safety_rating, is_active) VALUES ('44444444-4444-4444-0008-00000000', 'a0e0a0e0-a0e0-a0e0-a0e0-a0e0a0e0a0e0', '11111111-1111-1111-1111-000000000008', 'child', 'Jaroslav', 'KrДӮЛҮl', '2014-01-24', '{"relationship_to_foster_parent":"synovec","foster_care_type":"C","avatar_url":"https://images.unsplash.com/photo-1506794778202-cad84cf45f1d?w=150","hobby":"Г„ЕҡtenДӮВӯ","school":"ZД№В  NДӮЛҮdraД№ДҫnДӮВӯ VyД№ЛҮkov"}'::jsonb, true, 'C', true);
INSERT INTO public.persons (id, organization_id, household_id, role, first_name, last_name, birth_date, custom_fields, gdpr_consent_signed, safety_rating, is_active) VALUES ('55555555-5555-5555-0008-00000000', 'a0e0a0e0-a0e0-a0e0-a0e0-a0e0a0e0a0e0', '11111111-1111-1111-1111-000000000008', 'social_contact', 'Michaela', 'ProchДӮЛҮzka', '2015-03-26', '{"avatar_url":"https://images.unsplash.com/photo-1534528741775-53994a69daeb?w=150","relationship_to_child":"BiologickДӮЛҮ dcera"}'::jsonb, true, 'N', true);
INSERT INTO public.persons (id, organization_id, household_id, role, first_name, last_name, birth_date, custom_fields, gdpr_consent_signed, safety_rating, is_active) VALUES ('55555555-5555-5555-0008-00000001', 'a0e0a0e0-a0e0-a0e0-a0e0-a0e0a0e0a0e0', '11111111-1111-1111-1111-000000000008', 'social_contact', 'Monika', 'ProchДӮЛҮzka', '2016-11-27', '{"avatar_url":"https://images.unsplash.com/photo-1517841905240-472988babdf9?w=150","relationship_to_child":"BiologickДӮЛҮ dcera"}'::jsonb, true, 'N', true);
INSERT INTO public.persons (id, organization_id, household_id, role, first_name, last_name, birth_number, phone, gdpr_consent_signed, safety_rating, is_active) VALUES ('66666666-6666-6666-6666-000000000008', 'a0e0a0e0-a0e0-a0e0-a0e0-a0e0a0e0a0e0', '11111111-1111-1111-1111-000000000008', 'bio_parent', 'Jan', 'Г„ЕҡernДӮЛқ', '920327/4839', '+420680304611', false, 'Z', true);
INSERT INTO public.events (id, organization_id, household_id, author_id, type, title, payload, occurred_at) VALUES ('77777777-7777-7777-0008-00000000', 'a0e0a0e0-a0e0-a0e0-a0e0-a0e0a0e0a0e0', '11111111-1111-1111-1111-000000000008', 'aecbcd51-1ae6-48b3-b641-a5c639b46fe6', 'crisis_event', 'Pokus o kontakt biologickДӮВ©ho otce', '{"content":"BiologickДӮЛқ rodiГ„ЕӨ Jan Г„ЕҡernДӮЛқ se pokusil kontaktovat dДӮВӯtГ„вҖә navzdory soudnДӮВӯД№ЛҮemu zДӮЛҮkazu styku. PГ„вҖәstoun okamД№ДҫitГ„вҖә kontaktoval naД№ЛҮi klДӮВӯГ„ЕӨovou osobu. Incident hlДӮЛҮД№ЛҮen na OSPOD.","summary":"PoruД№ЛҮenДӮВӯ zДӮЛҮkazu styku biologickДӮЛқm rodiГ„ЕӨem."}'::jsonb, '2026-04-18 22:27:09+02');
INSERT INTO public.events (id, organization_id, household_id, author_id, type, title, payload, occurred_at) VALUES ('77777777-7777-7777-0008-00000001', 'a0e0a0e0-a0e0-a0e0-a0e0-a0e0a0e0a0e0', '11111111-1111-1111-1111-000000000008', 'aecbcd51-1ae6-48b3-b641-a5c639b46fe6', 'crisis_event', 'Pokus o kontakt biologickДӮВ©ho otce', '{"content":"BiologickДӮЛқ rodiГ„ЕӨ Jan Г„ЕҡernДӮЛқ se pokusil kontaktovat dДӮВӯtГ„вҖә navzdory soudnДӮВӯД№ЛҮemu zДӮЛҮkazu styku. PГ„вҖәstoun okamД№ДҫitГ„вҖә kontaktoval naД№ЛҮi klДӮВӯГ„ЕӨovou osobu. Incident hlДӮЛҮД№ЛҮen na OSPOD.","summary":"PoruД№ЛҮenДӮВӯ zДӮЛҮkazu styku biologickДӮЛқm rodiГ„ЕӨem."}'::jsonb, '2026-05-14 22:27:09+02');

-- DomДӮЛҮcnost 10: Hana HorДӮЛҮkovДӮЛҮ (FF-754-JUS)
INSERT INTO public.households (id, organization_id, branch_id, assigned_ko_id, foster_id, status, notes) VALUES ('11111111-1111-1111-1111-000000000009', 'a0e0a0e0-a0e0-a0e0-a0e0-a0e0a0e0a0e0', 'b0b0b0b0-b0b0-b0b0-b0b0-b0b0b0b0b0b0', 'aecbcd51-1ae6-48b3-b641-a5c639b46fe6', 'FF-754-JUS', 'active', 'PГ„вҖәstounskДӮЛҮ rodina: Hana HorДӮЛҮkovДӮЛҮ. DoprovДӮЛҮzДӮВӯ Anna MДӮЛҮlkovДӮЛҮ.');
INSERT INTO public.persons (id, organization_id, household_id, role, first_name, last_name, birth_date, custom_fields, is_active) VALUES ('22222222-2222-2222-2222-000000000009', 'a0e0a0e0-a0e0-a0e0-a0e0-a0e0a0e0a0e0', '11111111-1111-1111-1111-000000000009', 'foster_parent', 'Hana', 'HorДӮЛҮkovДӮЛҮ', '1990-04-19', '{"profession":"IT specialista","foster_care_type":"B","avatar_url":"https://images.unsplash.com/photo-1494790108377-be9c29b29330?w=150"}'::jsonb, true);
INSERT INTO public.person_addresses (id, person_id, type, street, city, zip, from_date) VALUES ('33333333-3333-3333-3333-000000000009', '22222222-2222-2222-2222-000000000009', 'actual', 'NДӮЛҮdraД№ДҫnДӮВӯ 51', 'Hostomice', '518 27', '2020-01-01');
INSERT INTO public.persons (id, organization_id, household_id, role, first_name, last_name, birth_date, custom_fields, gdpr_consent_signed, safety_rating, is_active) VALUES ('44444444-4444-4444-0009-00000000', 'a0e0a0e0-a0e0-a0e0-a0e0-a0e0a0e0a0e0', '11111111-1111-1111-1111-000000000009', 'child', 'Veronika', 'KrДӮЛҮlovДӮЛҮ', '2010-08-06', '{"foster_care_type":"B","avatar_url":"https://images.unsplash.com/photo-1488426862026-3ee34a7d66df?w=150","hobby":"PlavДӮЛҮnДӮВӯ","school":"GymnДӮЛҮzium Elgartova Brno"}'::jsonb, true, 'C', true);
INSERT INTO public.persons (id, organization_id, household_id, role, first_name, last_name, birth_date, custom_fields, gdpr_consent_signed, safety_rating, is_active) VALUES ('44444444-4444-4444-0009-00000001', 'a0e0a0e0-a0e0-a0e0-a0e0-a0e0a0e0a0e0', '11111111-1111-1111-1111-000000000009', 'child', 'Jana', 'PokornДӮЛҮ', '2015-04-03', '{"foster_care_type":"B","avatar_url":"https://images.unsplash.com/photo-1438761681033-6461ffad8d80?w=150","hobby":"Keramika","school":"ZД№В  ДӮЕЎvoz Brno"}'::jsonb, true, 'C', true);
INSERT INTO public.persons (id, organization_id, household_id, role, first_name, last_name, birth_date, custom_fields, gdpr_consent_signed, safety_rating, is_active) VALUES ('55555555-5555-5555-0009-00000000', 'a0e0a0e0-a0e0-a0e0-a0e0-a0e0a0e0a0e0', '11111111-1111-1111-1111-000000000009', 'social_contact', 'Tereza', 'HorДӮЛҮkovДӮЛҮ', '2017-08-01', '{"avatar_url":"https://images.unsplash.com/photo-1517841905240-472988babdf9?w=150","relationship_to_child":"BiologickДӮЛҮ dcera"}'::jsonb, true, 'N', true);
INSERT INTO public.persons (id, organization_id, household_id, role, first_name, last_name, birth_number, phone, gdpr_consent_signed, safety_rating, is_active) VALUES ('66666666-6666-6666-6666-000000000009', 'a0e0a0e0-a0e0-a0e0-a0e0-a0e0a0e0a0e0', '11111111-1111-1111-1111-000000000009', 'bio_parent', 'Pavel', 'BeneД№ЛҮ', '841105/4786', '+420679773637', false, 'Z', true);
INSERT INTO public.events (id, organization_id, household_id, author_id, type, title, payload, occurred_at) VALUES ('77777777-7777-7777-0009-00000000', 'a0e0a0e0-a0e0-a0e0-a0e0-a0e0a0e0a0e0', '11111111-1111-1111-1111-000000000009', 'aecbcd51-1ae6-48b3-b641-a5c639b46fe6', 'crisis_event', 'Pokus o kontakt biologickДӮВ©ho otce', '{"content":"BiologickДӮЛқ rodiГ„ЕӨ Pavel BeneД№ЛҮ se pokusil kontaktovat dДӮВӯtГ„вҖә navzdory soudnДӮВӯД№ЛҮemu zДӮЛҮkazu styku. PГ„вҖәstoun okamД№ДҫitГ„вҖә kontaktoval naД№ЛҮi klДӮВӯГ„ЕӨovou osobu. Incident hlДӮЛҮД№ЛҮen na OSPOD.","summary":"PoruД№ЛҮenДӮВӯ zДӮЛҮkazu styku biologickДӮЛқm rodiГ„ЕӨem."}'::jsonb, '2026-05-30 22:27:09+02');

-- DomДӮЛҮcnost 11: Petra DvoД№в„ўДӮЛҮkovДӮЛҮ (FF-888-XSW)
INSERT INTO public.households (id, organization_id, branch_id, assigned_ko_id, foster_id, status, notes) VALUES ('11111111-1111-1111-1111-000000000010', 'a0e0a0e0-a0e0-a0e0-a0e0-a0e0a0e0a0e0', 'b0b0b0b0-b0b0-b0b0-b0b0-b0b0b0b0b0b0', 'aecbcd51-1ae6-48b3-b641-a5c639b46fe6', 'FF-888-XSW', 'active', 'PГ„вҖәstounskДӮЛҮ rodina: Petra DvoД№в„ўДӮЛҮkovДӮЛҮ. DoprovДӮЛҮzДӮВӯ Anna MДӮЛҮlkovДӮЛҮ.');
INSERT INTO public.persons (id, organization_id, household_id, role, first_name, last_name, birth_date, custom_fields, is_active) VALUES ('22222222-2222-2222-2222-000000000010', 'a0e0a0e0-a0e0-a0e0-a0e0-a0e0a0e0a0e0', '11111111-1111-1111-1111-000000000010', 'foster_parent', 'Petra', 'DvoД№в„ўДӮЛҮkovДӮЛҮ', '1973-05-02', '{"profession":"ДӮЕЎГ„ЕӨetnДӮВӯ","foster_care_type":"B","avatar_url":"https://images.unsplash.com/photo-1494790108377-be9c29b29330?w=150"}'::jsonb, true);
INSERT INTO public.person_addresses (id, person_id, type, street, city, zip, from_date) VALUES ('33333333-3333-3333-3333-000000000010', '22222222-2222-2222-2222-000000000010', 'actual', 'DlouhДӮЛҮ 20', 'KuД№в„ўim', '717 17', '2020-01-01');
INSERT INTO public.persons (id, organization_id, household_id, role, first_name, last_name, birth_date, custom_fields, gdpr_consent_signed, safety_rating, is_active) VALUES ('44444444-4444-4444-0010-00000000', 'a0e0a0e0-a0e0-a0e0-a0e0-a0e0a0e0a0e0', '11111111-1111-1111-1111-000000000010', 'child', 'Barbora', 'PokornДӮЛҮ', '2018-12-06', '{"foster_care_type":"B","avatar_url":"https://images.unsplash.com/photo-1544005313-94ddf0286df2?w=150","hobby":"PlavДӮЛҮnДӮВӯ","school":"ZД№В  KД№в„ўДӮВӯdlovickДӮЛҮ Brno"}'::jsonb, true, 'C', true);
INSERT INTO public.persons (id, organization_id, household_id, role, first_name, last_name, birth_date, custom_fields, gdpr_consent_signed, safety_rating, is_active) VALUES ('44444444-4444-4444-0010-00000001', 'a0e0a0e0-a0e0-a0e0-a0e0-a0e0a0e0a0e0', '11111111-1111-1111-1111-000000000010', 'child', 'OndД№в„ўej', 'Zeman', '2019-09-21', '{"foster_care_type":"B","avatar_url":"https://images.unsplash.com/photo-1492562080023-ab3db95bfbce?w=150","hobby":"Cyklistika","school":"ZД№В  Merhautova Brno"}'::jsonb, true, 'A', true);
INSERT INTO public.persons (id, organization_id, household_id, role, first_name, last_name, birth_date, custom_fields, gdpr_consent_signed, safety_rating, is_active) VALUES ('55555555-5555-5555-0010-00000000', 'a0e0a0e0-a0e0-a0e0-a0e0-a0e0a0e0a0e0', '11111111-1111-1111-1111-000000000010', 'social_contact', 'AdДӮВ©la', 'DvoД№в„ўДӮЛҮkovДӮЛҮ', '2018-12-23', '{"avatar_url":"https://images.unsplash.com/photo-1517841905240-472988babdf9?w=150","relationship_to_child":"BiologickДӮЛҮ dcera"}'::jsonb, true, 'N', true);
INSERT INTO public.persons (id, organization_id, household_id, role, first_name, last_name, birth_date, custom_fields, gdpr_consent_signed, safety_rating, is_active) VALUES ('55555555-5555-5555-0010-00000001', 'a0e0a0e0-a0e0-a0e0-a0e0-a0e0a0e0a0e0', '11111111-1111-1111-1111-000000000010', 'social_contact', 'JiД№в„ўДӮВӯ', 'DvoД№в„ўДӮЛҮkovДӮЛҮ', '2005-07-23', '{"avatar_url":"https://images.unsplash.com/photo-1492562080023-ab3db95bfbce?w=150","relationship_to_child":"BiologickДӮЛқ syn"}'::jsonb, true, 'N', true);
INSERT INTO public.persons (id, organization_id, household_id, role, first_name, last_name, birth_date, custom_fields, gdpr_consent_signed, safety_rating, is_active) VALUES ('55555555-5555-5555-0010-00000002', 'a0e0a0e0-a0e0-a0e0-a0e0-a0e0a0e0a0e0', '11111111-1111-1111-1111-000000000010', 'social_contact', 'KristДӮЛқna', 'DvoД№в„ўДӮЛҮkovДӮЛҮ', '2022-04-21', '{"avatar_url":"https://images.unsplash.com/photo-1488426862026-3ee34a7d66df?w=150","relationship_to_child":"BiologickДӮЛҮ dcera"}'::jsonb, true, 'N', true);
INSERT INTO public.persons (id, organization_id, household_id, role, first_name, last_name, birth_number, phone, gdpr_consent_signed, safety_rating, is_active) VALUES ('66666666-6666-6666-6666-000000000010', 'a0e0a0e0-a0e0-a0e0-a0e0-a0e0a0e0a0e0', '11111111-1111-1111-1111-000000000010', 'bio_parent', 'Jana', 'KolДӮЛҮД№в„ўovДӮЛҮ', '841124/8989', '+420736517544', true, 'B', true);
INSERT INTO public.events (id, organization_id, household_id, author_id, type, title, payload, occurred_at) VALUES ('77777777-7777-7777-0010-00000000', 'a0e0a0e0-a0e0-a0e0-a0e0-a0e0a0e0a0e0', '11111111-1111-1111-1111-000000000010', 'aecbcd51-1ae6-48b3-b641-a5c639b46fe6', 'phone_call', 'TelefonickДӮЛқ kontakt s pГ„вҖәstounem', '{"content":"TelefonickДӮЛқ hovor s pГ„вҖәstounem. ProbДӮВӯrali jsme chovДӮЛҮnДӮВӯ dГ„вҖәtДӮВӯ ve Д№ЛҮkole a plДӮЛҮnovДӮЛҮnДӮВӯ letnДӮВӯch prДӮЛҮzdninovДӮЛқch aktivit.","summary":"TelefonДӮЛҮt ohlednГ„вҖә prДӮЛҮzdnin."}'::jsonb, '2026-05-04 22:27:09+02');

-- DomДӮЛҮcnost 12: Martin Г„ЕҡernДӮЛқ (FF-719-RTB)
INSERT INTO public.households (id, organization_id, branch_id, assigned_ko_id, foster_id, status, notes) VALUES ('11111111-1111-1111-1111-000000000011', 'a0e0a0e0-a0e0-a0e0-a0e0-a0e0a0e0a0e0', 'b0b0b0b0-b0b0-b0b0-b0b0-b0b0b0b0b0b0', 'aecbcd51-1ae6-48b3-b641-a5c639b46fe6', 'FF-719-RTB', 'active', 'PГ„вҖәstounskДӮЛҮ rodina: Martin Г„ЕҡernДӮЛқ. DoprovДӮЛҮzДӮВӯ Anna MДӮЛҮlkovДӮЛҮ.');
INSERT INTO public.persons (id, organization_id, household_id, role, first_name, last_name, birth_date, custom_fields, is_active) VALUES ('22222222-2222-2222-2222-000000000011', 'a0e0a0e0-a0e0-a0e0-a0e0-a0e0a0e0a0e0', '11111111-1111-1111-1111-000000000011', 'foster_parent', 'Martin', 'Г„ЕҡernДӮЛқ', '1974-03-14', '{"profession":"ZdravotnДӮВӯ sestra","foster_care_type":"B","avatar_url":"https://images.unsplash.com/photo-1506794778202-cad84cf45f1d?w=150"}'::jsonb, true);
INSERT INTO public.person_addresses (id, person_id, type, street, city, zip, from_date) VALUES ('33333333-3333-3333-3333-000000000011', '22222222-2222-2222-2222-000000000011', 'actual', 'ДӮЕЎdolnДӮВӯ 145', 'Hostomice', '344 55', '2020-01-01');
INSERT INTO public.persons (id, organization_id, household_id, role, first_name, last_name, birth_date, custom_fields, gdpr_consent_signed, safety_rating, is_active) VALUES ('44444444-4444-4444-0011-00000000', 'a0e0a0e0-a0e0-a0e0-a0e0-a0e0a0e0a0e0', '11111111-1111-1111-1111-000000000011', 'child', 'David', 'Zeman', '2011-05-20', '{"foster_care_type":"B","avatar_url":"https://images.unsplash.com/photo-1500648767791-00dcc994a43e?w=150","hobby":"Hra na klavДӮВӯr","school":"ZД№В  Д№В kolnДӮВӯ Hostomice"}'::jsonb, true, 'C', true);
INSERT INTO public.persons (id, organization_id, household_id, role, first_name, last_name, birth_date, custom_fields, gdpr_consent_signed, safety_rating, is_active) VALUES ('55555555-5555-5555-0011-00000000', 'a0e0a0e0-a0e0-a0e0-a0e0-a0e0a0e0a0e0', '11111111-1111-1111-1111-000000000011', 'social_contact', 'VДӮЛҮclav', 'Г„ЕҡernДӮЛқ', '2008-02-08', '{"avatar_url":"https://images.unsplash.com/photo-1506794778202-cad84cf45f1d?w=150","relationship_to_child":"BiologickДӮЛқ syn"}'::jsonb, true, 'N', true);
INSERT INTO public.persons (id, organization_id, household_id, role, first_name, last_name, birth_number, phone, gdpr_consent_signed, safety_rating, is_active) VALUES ('66666666-6666-6666-6666-000000000011', 'a0e0a0e0-a0e0-a0e0-a0e0-a0e0a0e0a0e0', '11111111-1111-1111-1111-000000000011', 'bio_parent', 'Marek', 'SedlДӮЛҮГ„ЕӨek', '931223/1070', '+420640610465', false, 'C', true);
INSERT INTO public.events (id, organization_id, household_id, author_id, type, title, payload, occurred_at) VALUES ('77777777-7777-7777-0011-00000000', 'a0e0a0e0-a0e0-a0e0-a0e0-a0e0a0e0a0e0', '11111111-1111-1111-1111-000000000011', 'aecbcd51-1ae6-48b3-b641-a5c639b46fe6', 'crisis_event', 'Incident / PoruД№ЛҮenДӮВӯ pravidel', '{"content":"HlДӮЛҮД№ЛҮen drobnДӮЛқ incident v rodinГ„вҖә: neshody ve Д№ЛҮkole ohlednГ„вҖә prospГ„вҖәchu. KlДӮВӯГ„ЕӨovДӮЛҮ osoba naplДӮЛҮnovala spoleГ„ЕӨnДӮВ© jednДӮЛҮnДӮВӯ s tД№в„ўДӮВӯdnДӮВӯm uГ„ЕӨitelem.","summary":"Д№ВҳeД№ЛҮenДӮВӯ studijnДӮВӯch problДӮВ©mД№Е»."}'::jsonb, '2026-06-14 22:27:09+02');

-- DomДӮЛҮcnost 13: Marie KuГ„ЕӨerovДӮЛҮ (FF-401-JMG)
INSERT INTO public.households (id, organization_id, branch_id, assigned_ko_id, foster_id, status, notes) VALUES ('11111111-1111-1111-1111-000000000012', 'a0e0a0e0-a0e0-a0e0-a0e0-a0e0a0e0a0e0', 'b0b0b0b0-b0b0-b0b0-b0b0-b0b0b0b0b0b0', 'aecbcd51-1ae6-48b3-b641-a5c639b46fe6', 'FF-401-JMG', 'active', 'PГ„вҖәstounskДӮЛҮ rodina: Marie KuГ„ЕӨerovДӮЛҮ. DoprovДӮЛҮzДӮВӯ Anna MДӮЛҮlkovДӮЛҮ.');
INSERT INTO public.persons (id, organization_id, household_id, role, first_name, last_name, birth_date, custom_fields, is_active) VALUES ('22222222-2222-2222-2222-000000000012', 'a0e0a0e0-a0e0-a0e0-a0e0-a0e0a0e0a0e0', '11111111-1111-1111-1111-000000000012', 'foster_parent', 'Marie', 'KuГ„ЕӨerovДӮЛҮ', '1987-10-01', '{"profession":"StavebnДӮВӯ inД№ДҫenДӮЛқr","foster_care_type":"B","avatar_url":"https://images.unsplash.com/photo-1488426862026-3ee34a7d66df?w=150"}'::jsonb, true);
INSERT INTO public.person_addresses (id, person_id, type, street, city, zip, from_date) VALUES ('33333333-3333-3333-3333-000000000012', '22222222-2222-2222-2222-000000000012', 'actual', 'Merhautova 76', 'ModД№в„ўice', '343 28', '2020-01-01');
INSERT INTO public.persons (id, organization_id, household_id, role, first_name, last_name, birth_date, custom_fields, gdpr_consent_signed, safety_rating, is_active) VALUES ('44444444-4444-4444-0012-00000000', 'a0e0a0e0-a0e0-a0e0-a0e0-a0e0a0e0a0e0', '11111111-1111-1111-1111-000000000012', 'child', 'VГ„вҖәra', 'NГ„вҖәmcovДӮЛҮ', '2014-02-07', '{"foster_care_type":"B","avatar_url":"https://images.unsplash.com/photo-1534528741775-53994a69daeb?w=150","hobby":"Keramika","school":"GymnДӮЛҮzium Elgartova Brno"}'::jsonb, true, 'C', true);
INSERT INTO public.persons (id, organization_id, household_id, role, first_name, last_name, birth_date, custom_fields, gdpr_consent_signed, safety_rating, is_active) VALUES ('44444444-4444-4444-0012-00000001', 'a0e0a0e0-a0e0-a0e0-a0e0-a0e0a0e0a0e0', '11111111-1111-1111-1111-000000000012', 'child', 'Petra', 'KolДӮЛҮД№в„ўovДӮЛҮ', '2014-11-12', '{"foster_care_type":"B","avatar_url":"https://images.unsplash.com/photo-1494790108377-be9c29b29330?w=150","hobby":"Д№В achy","school":"ZД№В  KД№в„ўДӮВӯdlovickДӮЛҮ Brno"}'::jsonb, true, 'B', true);
INSERT INTO public.persons (id, organization_id, household_id, role, first_name, last_name, birth_date, custom_fields, gdpr_consent_signed, safety_rating, is_active) VALUES ('55555555-5555-5555-0012-00000000', 'a0e0a0e0-a0e0-a0e0-a0e0-a0e0a0e0a0e0', '11111111-1111-1111-1111-000000000012', 'social_contact', 'Tereza', 'KuГ„ЕӨerovДӮЛҮ', '2018-11-21', '{"avatar_url":"https://images.unsplash.com/photo-1534528741775-53994a69daeb?w=150","relationship_to_child":"BiologickДӮЛҮ dcera"}'::jsonb, true, 'N', true);
INSERT INTO public.persons (id, organization_id, household_id, role, first_name, last_name, birth_date, custom_fields, gdpr_consent_signed, safety_rating, is_active) VALUES ('55555555-5555-5555-0012-00000001', 'a0e0a0e0-a0e0-a0e0-a0e0-a0e0a0e0a0e0', '11111111-1111-1111-1111-000000000012', 'social_contact', 'Jakub', 'KuГ„ЕӨerovДӮЛҮ', '2020-04-14', '{"avatar_url":"https://images.unsplash.com/photo-1492562080023-ab3db95bfbce?w=150","relationship_to_child":"BiologickДӮЛқ syn"}'::jsonb, true, 'N', true);
INSERT INTO public.persons (id, organization_id, household_id, role, first_name, last_name, birth_number, phone, gdpr_consent_signed, safety_rating, is_active) VALUES ('66666666-6666-6666-6666-000000000012', 'a0e0a0e0-a0e0-a0e0-a0e0-a0e0a0e0a0e0', '11111111-1111-1111-1111-000000000012', 'bio_parent', 'Miroslav', 'SedlДӮЛҮГ„ЕӨek', '771006/8948', '+420623491099', false, 'C', true);
INSERT INTO public.events (id, organization_id, household_id, author_id, type, title, payload, occurred_at) VALUES ('77777777-7777-7777-0012-00000000', 'a0e0a0e0-a0e0-a0e0-a0e0-a0e0a0e0a0e0', '11111111-1111-1111-1111-000000000012', 'aecbcd51-1ae6-48b3-b641-a5c639b46fe6', 'crisis_event', 'Incident / PoruД№ЛҮenДӮВӯ pravidel', '{"content":"HlДӮЛҮД№ЛҮen drobnДӮЛқ incident v rodinГ„вҖә: neshody ve Д№ЛҮkole ohlednГ„вҖә prospГ„вҖәchu. KlДӮВӯГ„ЕӨovДӮЛҮ osoba naplДӮЛҮnovala spoleГ„ЕӨnДӮВ© jednДӮЛҮnДӮВӯ s tД№в„ўДӮВӯdnДӮВӯm uГ„ЕӨitelem.","summary":"Д№ВҳeД№ЛҮenДӮВӯ studijnДӮВӯch problДӮВ©mД№Е»."}'::jsonb, '2026-03-19 22:27:09+02');
INSERT INTO public.events (id, organization_id, household_id, author_id, type, title, payload, occurred_at) VALUES ('77777777-7777-7777-0012-00000001', 'a0e0a0e0-a0e0-a0e0-a0e0-a0e0a0e0a0e0', '11111111-1111-1111-1111-000000000012', 'aecbcd51-1ae6-48b3-b641-a5c639b46fe6', 'regular_visit', 'PravidelnДӮЛҮ pololetnДӮВӯ nДӮЛҮvД№ЛҮtГ„вҖәva', '{"content":"NДӮЛҮvД№ЛҮtГ„вҖәva v rodinГ„вҖә probГ„вҖәhla v poД№в„ўДӮЛҮdku. PГ„вҖәstoun Marie KuГ„ЕӨerovДӮЛҮ vzornГ„вҖә spolupracuje, dГ„вҖәti se rozvДӮВӯjejДӮВӯ standardnГ„вҖә podle IPOD.","summary":"PololetnДӮВӯ nДӮЛҮvД№ЛҮtГ„вҖәva bez zjiД№ЛҮtГ„вҖәnДӮЛқch nedostatkД№Е»."}'::jsonb, '2026-06-09 22:27:09+02');

-- DomДӮЛҮcnost 14: OndД№в„ўej Svoboda (FF-922-ZHF)
INSERT INTO public.households (id, organization_id, branch_id, assigned_ko_id, foster_id, status, notes) VALUES ('11111111-1111-1111-1111-000000000013', 'a0e0a0e0-a0e0-a0e0-a0e0-a0e0a0e0a0e0', 'b0b0b0b0-b0b0-b0b0-b0b0-b0b0b0b0b0b0', 'aecbcd51-1ae6-48b3-b641-a5c639b46fe6', 'FF-922-ZHF', 'active', 'PГ„вҖәstounskДӮЛҮ rodina: OndД№в„ўej Svoboda. DoprovДӮЛҮzДӮВӯ Anna MДӮЛҮlkovДӮЛҮ.');
INSERT INTO public.persons (id, organization_id, household_id, role, first_name, last_name, birth_date, custom_fields, is_active) VALUES ('22222222-2222-2222-2222-000000000013', 'a0e0a0e0-a0e0-a0e0-a0e0-a0e0a0e0a0e0', '11111111-1111-1111-1111-000000000013', 'foster_parent', 'OndД№в„ўej', 'Svoboda', '1974-11-21', '{"profession":"StavebnДӮВӯ inД№ДҫenДӮЛқr","foster_care_type":"C","avatar_url":"https://images.unsplash.com/photo-1506794778202-cad84cf45f1d?w=150","relationship_to_child":"strДӮЛқc"}'::jsonb, true);
INSERT INTO public.person_addresses (id, person_id, type, street, city, zip, from_date) VALUES ('33333333-3333-3333-3333-000000000013', '22222222-2222-2222-2222-000000000013', 'actual', 'ДӮЕЎdolnДӮВӯ 52', 'Blansko', '361 89', '2020-01-01');
INSERT INTO public.persons (id, organization_id, household_id, role, first_name, last_name, birth_date, custom_fields, gdpr_consent_signed, safety_rating, is_active) VALUES ('44444444-4444-4444-0013-00000000', 'a0e0a0e0-a0e0-a0e0-a0e0-a0e0a0e0a0e0', '11111111-1111-1111-1111-000000000013', 'child', 'LukДӮЛҮД№ЛҮ', 'Г„ЕҡernДӮЛқ', '2010-12-01', '{"relationship_to_foster_parent":"synovec","foster_care_type":"C","avatar_url":"https://images.unsplash.com/photo-1501196354995-cbb51c65aaea?w=150","hobby":"VДӮЛқtvarnДӮЛқ krouД№Дҫek","school":"ZД№В  ДӮЕЎvoz Brno"}'::jsonb, true, 'B', true);
INSERT INTO public.persons (id, organization_id, household_id, role, first_name, last_name, birth_date, custom_fields, gdpr_consent_signed, safety_rating, is_active) VALUES ('55555555-5555-5555-0013-00000000', 'a0e0a0e0-a0e0-a0e0-a0e0-a0e0a0e0a0e0', '11111111-1111-1111-1111-000000000013', 'social_contact', 'Michaela', 'Svoboda', '2008-06-20', '{"avatar_url":"https://images.unsplash.com/photo-1544005313-94ddf0286df2?w=150","relationship_to_child":"BiologickДӮЛҮ dcera"}'::jsonb, true, 'N', true);
INSERT INTO public.persons (id, organization_id, household_id, role, first_name, last_name, birth_date, custom_fields, gdpr_consent_signed, safety_rating, is_active) VALUES ('55555555-5555-5555-0013-00000001', 'a0e0a0e0-a0e0-a0e0-a0e0-a0e0a0e0a0e0', '11111111-1111-1111-1111-000000000013', 'social_contact', 'Marek', 'Svoboda', '2010-01-18', '{"avatar_url":"https://images.unsplash.com/photo-1501196354995-cbb51c65aaea?w=150","relationship_to_child":"BiologickДӮЛқ syn"}'::jsonb, true, 'N', true);
INSERT INTO public.persons (id, organization_id, household_id, role, first_name, last_name, birth_number, phone, gdpr_consent_signed, safety_rating, is_active) VALUES ('66666666-6666-6666-6666-000000000013', 'a0e0a0e0-a0e0-a0e0-a0e0-a0e0a0e0a0e0', '11111111-1111-1111-1111-000000000013', 'bio_parent', 'Martina', 'PokornДӮЛҮ', '910324/9852', '+420717353061', false, 'Z', true);
INSERT INTO public.events (id, organization_id, household_id, author_id, type, title, payload, occurred_at) VALUES ('77777777-7777-7777-0013-00000000', 'a0e0a0e0-a0e0-a0e0-a0e0-a0e0a0e0a0e0', '11111111-1111-1111-1111-000000000013', 'aecbcd51-1ae6-48b3-b641-a5c639b46fe6', 'crisis_event', 'Pokus o kontakt biologickДӮВ©ho otce', '{"content":"BiologickДӮЛқ rodiГ„ЕӨ Martina PokornДӮЛҮ se pokusil kontaktovat dДӮВӯtГ„вҖә navzdory soudnДӮВӯД№ЛҮemu zДӮЛҮkazu styku. PГ„вҖәstoun okamД№ДҫitГ„вҖә kontaktoval naД№ЛҮi klДӮВӯГ„ЕӨovou osobu. Incident hlДӮЛҮД№ЛҮen na OSPOD.","summary":"PoruД№ЛҮenДӮВӯ zДӮЛҮkazu styku biologickДӮЛқm rodiГ„ЕӨem."}'::jsonb, '2026-06-10 22:27:09+02');

-- DomДӮЛҮcnost 15: David VeselДӮЛқ (FF-255-SPW)
INSERT INTO public.households (id, organization_id, branch_id, assigned_ko_id, foster_id, status, notes) VALUES ('11111111-1111-1111-1111-000000000014', 'a0e0a0e0-a0e0-a0e0-a0e0-a0e0a0e0a0e0', 'b0b0b0b0-b0b0-b0b0-b0b0-b0b0b0b0b0b0', 'aecbcd51-1ae6-48b3-b641-a5c639b46fe6', 'FF-255-SPW', 'active', 'PГ„вҖәstounskДӮЛҮ rodina: David VeselДӮЛқ. DoprovДӮЛҮzДӮВӯ Anna MДӮЛҮlkovДӮЛҮ.');
INSERT INTO public.persons (id, organization_id, household_id, role, first_name, last_name, birth_date, custom_fields, is_active) VALUES ('22222222-2222-2222-2222-000000000014', 'a0e0a0e0-a0e0-a0e0-a0e0-a0e0a0e0a0e0', '11111111-1111-1111-1111-000000000014', 'foster_parent', 'David', 'VeselДӮЛқ', '1975-12-09', '{"profession":"UГ„ЕӨitel","foster_care_type":"B","avatar_url":"https://images.unsplash.com/photo-1500648767791-00dcc994a43e?w=150"}'::jsonb, true);
INSERT INTO public.person_addresses (id, person_id, type, street, city, zip, from_date) VALUES ('33333333-3333-3333-3333-000000000014', '22222222-2222-2222-2222-000000000014', 'actual', 'ZahradnДӮВӯ 19', 'Blansko', '495 64', '2020-01-01');
INSERT INTO public.persons (id, organization_id, household_id, role, first_name, last_name, birth_date, custom_fields, gdpr_consent_signed, safety_rating, is_active) VALUES ('44444444-4444-4444-0014-00000000', 'a0e0a0e0-a0e0-a0e0-a0e0-a0e0a0e0a0e0', '11111111-1111-1111-1111-000000000014', 'child', 'Veronika', 'FialovДӮЛҮ', '2020-09-08', '{"foster_care_type":"B","avatar_url":"https://images.unsplash.com/photo-1517841905240-472988babdf9?w=150","hobby":"Florbal","school":"ZД№В  NДӮЛҮdraД№ДҫnДӮВӯ VyД№ЛҮkov"}'::jsonb, true, 'A', true);
INSERT INTO public.persons (id, organization_id, household_id, role, first_name, last_name, birth_date, custom_fields, gdpr_consent_signed, safety_rating, is_active) VALUES ('55555555-5555-5555-0014-00000000', 'a0e0a0e0-a0e0-a0e0-a0e0-a0e0a0e0a0e0', '11111111-1111-1111-1111-000000000014', 'social_contact', 'Hana', 'VeselДӮЛқ', '2007-01-18', '{"avatar_url":"https://images.unsplash.com/photo-1438761681033-6461ffad8d80?w=150","relationship_to_child":"BiologickДӮЛҮ dcera"}'::jsonb, true, 'N', true);
INSERT INTO public.persons (id, organization_id, household_id, role, first_name, last_name, birth_date, custom_fields, gdpr_consent_signed, safety_rating, is_active) VALUES ('55555555-5555-5555-0014-00000001', 'a0e0a0e0-a0e0-a0e0-a0e0-a0e0a0e0a0e0', '11111111-1111-1111-1111-000000000014', 'social_contact', 'Lucie', 'VeselДӮЛқ', '2011-04-26', '{"avatar_url":"https://images.unsplash.com/photo-1438761681033-6461ffad8d80?w=150","relationship_to_child":"BiologickДӮЛҮ dcera"}'::jsonb, true, 'N', true);
INSERT INTO public.persons (id, organization_id, household_id, role, first_name, last_name, birth_number, phone, gdpr_consent_signed, safety_rating, is_active) VALUES ('66666666-6666-6666-6666-000000000014', 'a0e0a0e0-a0e0-a0e0-a0e0-a0e0a0e0a0e0', '11111111-1111-1111-1111-000000000014', 'bio_parent', 'Petra', 'NovДӮЛҮkovДӮЛҮ', '930228/6099', '+420717945214', false, 'B', true);
INSERT INTO public.events (id, organization_id, household_id, author_id, type, title, payload, occurred_at) VALUES ('77777777-7777-7777-0014-00000000', 'a0e0a0e0-a0e0-a0e0-a0e0-a0e0a0e0a0e0', '11111111-1111-1111-1111-000000000014', 'aecbcd51-1ae6-48b3-b641-a5c639b46fe6', 'regular_visit', 'PravidelnДӮЛҮ pololetnДӮВӯ nДӮЛҮvД№ЛҮtГ„вҖәva', '{"content":"NДӮЛҮvД№ЛҮtГ„вҖәva v rodinГ„вҖә probГ„вҖәhla v poД№в„ўДӮЛҮdku. PГ„вҖәstoun David VeselДӮЛқ vzornГ„вҖә spolupracuje, dГ„вҖәti se rozvДӮВӯjejДӮВӯ standardnГ„вҖә podle IPOD.","summary":"PololetnДӮВӯ nДӮЛҮvД№ЛҮtГ„вҖәva bez zjiД№ЛҮtГ„вҖәnДӮЛқch nedostatkД№Е»."}'::jsonb, '2026-06-05 22:27:09+02');

-- DomДӮЛҮcnost 16: Michal KolДӮЛҮД№в„ў (FF-253-GPP)
INSERT INTO public.households (id, organization_id, branch_id, assigned_ko_id, foster_id, status, notes) VALUES ('11111111-1111-1111-1111-000000000015', 'a0e0a0e0-a0e0-a0e0-a0e0-a0e0a0e0a0e0', 'b0b0b0b0-b0b0-b0b0-b0b0-b0b0b0b0b0b0', 'aecbcd51-1ae6-48b3-b641-a5c639b46fe6', 'FF-253-GPP', 'active', 'PГ„вҖәstounskДӮЛҮ rodina: Michal KolДӮЛҮД№в„ў. DoprovДӮЛҮzДӮВӯ Anna MДӮЛҮlkovДӮЛҮ.');
INSERT INTO public.persons (id, organization_id, household_id, role, first_name, last_name, birth_date, custom_fields, is_active) VALUES ('22222222-2222-2222-2222-000000000015', 'a0e0a0e0-a0e0-a0e0-a0e0-a0e0a0e0a0e0', '11111111-1111-1111-1111-000000000015', 'foster_parent', 'Michal', 'KolДӮЛҮД№в„ў', '1977-09-05', '{"profession":"ДӮЕЎГ„ЕӨetnДӮВӯ","foster_care_type":"C","avatar_url":"https://images.unsplash.com/photo-1519085360753-af0119f7cbe7?w=150","relationship_to_child":"strДӮЛқc"}'::jsonb, true);
INSERT INTO public.person_addresses (id, person_id, type, street, city, zip, from_date) VALUES ('33333333-3333-3333-3333-000000000015', '22222222-2222-2222-2222-000000000015', 'actual', 'DlouhДӮЛҮ 138', 'Brno', '223 23', '2020-01-01');
INSERT INTO public.persons (id, organization_id, household_id, role, first_name, last_name, birth_date, custom_fields, gdpr_consent_signed, safety_rating, is_active) VALUES ('44444444-4444-4444-0015-00000000', 'a0e0a0e0-a0e0-a0e0-a0e0-a0e0a0e0a0e0', '11111111-1111-1111-1111-000000000015', 'child', 'AdДӮВ©la', 'BeneД№ЛҮovДӮЛҮ', '2017-01-16', '{"relationship_to_foster_parent":"neteД№в„ў","foster_care_type":"C","avatar_url":"https://images.unsplash.com/photo-1438761681033-6461ffad8d80?w=150","hobby":"TaneГ„ЕӨnДӮВӯ krouД№Дҫek","school":"GymnДӮЛҮzium Elgartova Brno"}'::jsonb, true, 'A', true);
INSERT INTO public.persons (id, organization_id, household_id, role, first_name, last_name, birth_date, custom_fields, gdpr_consent_signed, safety_rating, is_active) VALUES ('55555555-5555-5555-0015-00000000', 'a0e0a0e0-a0e0-a0e0-a0e0-a0e0a0e0a0e0', '11111111-1111-1111-1111-000000000015', 'social_contact', 'Tereza', 'KolДӮЛҮД№в„ў', '2021-05-09', '{"avatar_url":"https://images.unsplash.com/photo-1544005313-94ddf0286df2?w=150","relationship_to_child":"BiologickДӮЛҮ dcera"}'::jsonb, true, 'N', true);
INSERT INTO public.persons (id, organization_id, household_id, role, first_name, last_name, birth_number, phone, gdpr_consent_signed, safety_rating, is_active) VALUES ('66666666-6666-6666-6666-000000000015', 'a0e0a0e0-a0e0-a0e0-a0e0-a0e0a0e0a0e0', '11111111-1111-1111-1111-000000000015', 'bio_parent', 'Anna', 'VeselДӮЛҮ', '770503/3813', '+420709629083', true, 'C', true);
INSERT INTO public.events (id, organization_id, household_id, author_id, type, title, payload, occurred_at) VALUES ('77777777-7777-7777-0015-00000000', 'a0e0a0e0-a0e0-a0e0-a0e0-a0e0a0e0a0e0', '11111111-1111-1111-1111-000000000015', 'aecbcd51-1ae6-48b3-b641-a5c639b46fe6', 'phone_call', 'TelefonickДӮЛқ kontakt s pГ„вҖәstounem', '{"content":"TelefonickДӮЛқ hovor s pГ„вҖәstounem. ProbДӮВӯrali jsme chovДӮЛҮnДӮВӯ dГ„вҖәtДӮВӯ ve Д№ЛҮkole a plДӮЛҮnovДӮЛҮnДӮВӯ letnДӮВӯch prДӮЛҮzdninovДӮЛқch aktivit.","summary":"TelefonДӮЛҮt ohlednГ„вҖә prДӮЛҮzdnin."}'::jsonb, '2026-05-03 22:27:09+02');

-- DomДӮЛҮcnost 17: OndД№в„ўej NovotnДӮЛқ (FF-124-ESM)
INSERT INTO public.households (id, organization_id, branch_id, assigned_ko_id, foster_id, status, notes) VALUES ('11111111-1111-1111-1111-000000000016', 'a0e0a0e0-a0e0-a0e0-a0e0-a0e0a0e0a0e0', 'b0b0b0b0-b0b0-b0b0-b0b0-b0b0b0b0b0b0', 'aecbcd51-1ae6-48b3-b641-a5c639b46fe6', 'FF-124-ESM', 'active', 'PГ„вҖәstounskДӮЛҮ rodina: OndД№в„ўej NovotnДӮЛқ. DoprovДӮЛҮzДӮВӯ Anna MДӮЛҮlkovДӮЛҮ.');
INSERT INTO public.persons (id, organization_id, household_id, role, first_name, last_name, birth_date, custom_fields, is_active) VALUES ('22222222-2222-2222-2222-000000000016', 'a0e0a0e0-a0e0-a0e0-a0e0-a0e0a0e0a0e0', '11111111-1111-1111-1111-000000000016', 'foster_parent', 'OndД№в„ўej', 'NovotnДӮЛқ', '1979-11-15', '{"profession":"KuchaД№в„ў","foster_care_type":"B","avatar_url":"https://images.unsplash.com/photo-1500648767791-00dcc994a43e?w=150"}'::jsonb, true);
INSERT INTO public.person_addresses (id, person_id, type, street, city, zip, from_date) VALUES ('33333333-3333-3333-3333-000000000016', '22222222-2222-2222-2222-000000000016', 'actual', 'Merhautova 134', 'Slavkov u Brna', '188 20', '2020-01-01');
INSERT INTO public.persons (id, organization_id, household_id, role, first_name, last_name, birth_date, custom_fields, gdpr_consent_signed, safety_rating, is_active) VALUES ('44444444-4444-4444-0016-00000000', 'a0e0a0e0-a0e0-a0e0-a0e0-a0e0a0e0a0e0', '11111111-1111-1111-1111-000000000016', 'child', 'JiД№в„ўДӮВӯ', 'Marek', '2019-01-08', '{"foster_care_type":"B","avatar_url":"https://images.unsplash.com/photo-1492562080023-ab3db95bfbce?w=150","hobby":"Cyklistika","school":"ZД№В  NДӮЛҮdraД№ДҫnДӮВӯ VyД№ЛҮkov"}'::jsonb, true, 'A', true);
INSERT INTO public.persons (id, organization_id, household_id, role, first_name, last_name, birth_date, custom_fields, gdpr_consent_signed, safety_rating, is_active) VALUES ('44444444-4444-4444-0016-00000001', 'a0e0a0e0-a0e0-a0e0-a0e0-a0e0a0e0a0e0', '11111111-1111-1111-1111-000000000016', 'child', 'Tereza', 'RД№Е»Д№ДҫiГ„ЕӨkovДӮЛҮ', '2012-06-04', '{"foster_care_type":"B","avatar_url":"https://images.unsplash.com/photo-1534528741775-53994a69daeb?w=150","hobby":"VДӮЛқtvarnДӮЛқ krouД№Дҫek","school":"ZД№В  Д№В kolnДӮВӯ Hostomice"}'::jsonb, true, 'A', true);
INSERT INTO public.persons (id, organization_id, household_id, role, first_name, last_name, birth_date, custom_fields, gdpr_consent_signed, safety_rating, is_active) VALUES ('55555555-5555-5555-0016-00000000', 'a0e0a0e0-a0e0-a0e0-a0e0-a0e0a0e0a0e0', '11111111-1111-1111-1111-000000000016', 'social_contact', 'Jaroslav', 'NovotnДӮЛқ', '2008-12-18', '{"avatar_url":"https://images.unsplash.com/photo-1500648767791-00dcc994a43e?w=150","relationship_to_child":"BiologickДӮЛқ syn"}'::jsonb, true, 'N', true);
INSERT INTO public.persons (id, organization_id, household_id, role, first_name, last_name, birth_number, phone, gdpr_consent_signed, safety_rating, is_active) VALUES ('66666666-6666-6666-6666-000000000016', 'a0e0a0e0-a0e0-a0e0-a0e0-a0e0a0e0a0e0', '11111111-1111-1111-1111-000000000016', 'bio_parent', 'TomДӮЛҮД№ЛҮ', 'HorДӮЛҮk', '720306/9772', '+420728323504', false, 'Z', true);
INSERT INTO public.events (id, organization_id, household_id, author_id, type, title, payload, occurred_at) VALUES ('77777777-7777-7777-0016-00000000', 'a0e0a0e0-a0e0-a0e0-a0e0-a0e0a0e0a0e0', '11111111-1111-1111-1111-000000000016', 'aecbcd51-1ae6-48b3-b641-a5c639b46fe6', 'crisis_event', 'Pokus o kontakt biologickДӮВ©ho otce', '{"content":"BiologickДӮЛқ rodiГ„ЕӨ TomДӮЛҮД№ЛҮ HorДӮЛҮk se pokusil kontaktovat dДӮВӯtГ„вҖә navzdory soudnДӮВӯД№ЛҮemu zДӮЛҮkazu styku. PГ„вҖәstoun okamД№ДҫitГ„вҖә kontaktoval naД№ЛҮi klДӮВӯГ„ЕӨovou osobu. Incident hlДӮЛҮД№ЛҮen na OSPOD.","summary":"PoruД№ЛҮenДӮВӯ zДӮЛҮkazu styku biologickДӮЛқm rodiГ„ЕӨem."}'::jsonb, '2026-05-19 22:27:09+02');

-- DomДӮЛҮcnost 18: KristДӮЛқna Г„ЕҡernДӮЛҮ (FF-918-SEY)
INSERT INTO public.households (id, organization_id, branch_id, assigned_ko_id, foster_id, status, notes) VALUES ('11111111-1111-1111-1111-000000000017', 'a0e0a0e0-a0e0-a0e0-a0e0-a0e0a0e0a0e0', 'b0b0b0b0-b0b0-b0b0-b0b0-b0b0b0b0b0b0', 'aecbcd51-1ae6-48b3-b641-a5c639b46fe6', 'FF-918-SEY', 'active', 'PГ„вҖәstounskДӮЛҮ rodina: KristДӮЛқna Г„ЕҡernДӮЛҮ. DoprovДӮЛҮzДӮВӯ Anna MДӮЛҮlkovДӮЛҮ.');
INSERT INTO public.persons (id, organization_id, household_id, role, first_name, last_name, birth_date, custom_fields, is_active) VALUES ('22222222-2222-2222-2222-000000000017', 'a0e0a0e0-a0e0-a0e0-a0e0-a0e0a0e0a0e0', '11111111-1111-1111-1111-000000000017', 'foster_parent', 'KristДӮЛқna', 'Г„ЕҡernДӮЛҮ', '1974-09-01', '{"profession":"ZahradnДӮВӯk","foster_care_type":"A","avatar_url":"https://images.unsplash.com/photo-1488426862026-3ee34a7d66df?w=150"}'::jsonb, true);
INSERT INTO public.person_addresses (id, person_id, type, street, city, zip, from_date) VALUES ('33333333-3333-3333-3333-000000000017', '22222222-2222-2222-2222-000000000017', 'actual', 'Д№В kolnДӮВӯ 77', 'Blansko', '449 89', '2020-01-01');
INSERT INTO public.persons (id, organization_id, household_id, role, first_name, last_name, birth_date, custom_fields, gdpr_consent_signed, safety_rating, is_active) VALUES ('44444444-4444-4444-0017-00000000', 'a0e0a0e0-a0e0-a0e0-a0e0-a0e0a0e0a0e0', '11111111-1111-1111-1111-000000000017', 'child', 'EliД№ЛҮka', 'PokornДӮЛҮ', '2020-12-11', '{"foster_care_type":"A","avatar_url":"https://images.unsplash.com/photo-1438761681033-6461ffad8d80?w=150","hobby":"Hra na klavДӮВӯr","school":"GymnДӮЛҮzium Elgartova Brno"}'::jsonb, true, 'A', true);
INSERT INTO public.persons (id, organization_id, household_id, role, first_name, last_name, birth_date, custom_fields, gdpr_consent_signed, safety_rating, is_active) VALUES ('44444444-4444-4444-0017-00000001', 'a0e0a0e0-a0e0-a0e0-a0e0-a0e0a0e0a0e0', '11111111-1111-1111-1111-000000000017', 'child', 'Filip', 'RД№Е»Д№ДҫiГ„ЕӨka', '2018-10-02', '{"foster_care_type":"A","avatar_url":"https://images.unsplash.com/photo-1501196354995-cbb51c65aaea?w=150","hobby":"Keramika","school":"ZД№В  Д№В kolnДӮВӯ Hostomice"}'::jsonb, true, 'C', true);
INSERT INTO public.persons (id, organization_id, household_id, role, first_name, last_name, birth_date, custom_fields, gdpr_consent_signed, safety_rating, is_active) VALUES ('55555555-5555-5555-0017-00000000', 'a0e0a0e0-a0e0-a0e0-a0e0-a0e0a0e0a0e0', '11111111-1111-1111-1111-000000000017', 'social_contact', 'JiД№в„ўДӮВӯ', 'Г„ЕҡernДӮЛҮ', '2019-01-12', '{"avatar_url":"https://images.unsplash.com/photo-1507003211169-0a1dd7228f2d?w=150","relationship_to_child":"BiologickДӮЛқ syn"}'::jsonb, true, 'N', true);
INSERT INTO public.persons (id, organization_id, household_id, role, first_name, last_name, birth_number, phone, gdpr_consent_signed, safety_rating, is_active) VALUES ('66666666-6666-6666-6666-000000000017', 'a0e0a0e0-a0e0-a0e0-a0e0-a0e0a0e0a0e0', '11111111-1111-1111-1111-000000000017', 'bio_parent', 'Radim', 'NovДӮЛҮk', '950710/8531', '+420747702792', false, 'Z', true);
INSERT INTO public.events (id, organization_id, household_id, author_id, type, title, payload, occurred_at) VALUES ('77777777-7777-7777-0017-00000000', 'a0e0a0e0-a0e0-a0e0-a0e0-a0e0a0e0a0e0', '11111111-1111-1111-1111-000000000017', 'aecbcd51-1ae6-48b3-b641-a5c639b46fe6', 'crisis_event', 'Pokus o kontakt biologickДӮВ©ho otce', '{"content":"BiologickДӮЛқ rodiГ„ЕӨ Radim NovДӮЛҮk se pokusil kontaktovat dДӮВӯtГ„вҖә navzdory soudnДӮВӯД№ЛҮemu zДӮЛҮkazu styku. PГ„вҖәstoun okamД№ДҫitГ„вҖә kontaktoval naД№ЛҮi klДӮВӯГ„ЕӨovou osobu. Incident hlДӮЛҮД№ЛҮen na OSPOD.","summary":"PoruД№ЛҮenДӮВӯ zДӮЛҮkazu styku biologickДӮЛқm rodiГ„ЕӨem."}'::jsonb, '2026-04-25 22:27:09+02');
INSERT INTO public.events (id, organization_id, household_id, author_id, type, title, payload, occurred_at) VALUES ('77777777-7777-7777-0017-00000001', 'a0e0a0e0-a0e0-a0e0-a0e0-a0e0a0e0a0e0', '11111111-1111-1111-1111-000000000017', 'aecbcd51-1ae6-48b3-b641-a5c639b46fe6', 'crisis_event', 'Pokus o kontakt biologickДӮВ©ho otce', '{"content":"BiologickДӮЛқ rodiГ„ЕӨ Radim NovДӮЛҮk se pokusil kontaktovat dДӮВӯtГ„вҖә navzdory soudnДӮВӯД№ЛҮemu zДӮЛҮkazu styku. PГ„вҖәstoun okamД№ДҫitГ„вҖә kontaktoval naД№ЛҮi klДӮВӯГ„ЕӨovou osobu. Incident hlДӮЛҮД№ЛҮen na OSPOD.","summary":"PoruД№ЛҮenДӮВӯ zДӮЛҮkazu styku biologickДӮЛқm rodiГ„ЕӨem."}'::jsonb, '2026-04-01 22:27:09+02');

-- DomДӮЛҮcnost 19: EliД№ЛҮka HorДӮЛҮkovДӮЛҮ (FF-312-SLB)
INSERT INTO public.households (id, organization_id, branch_id, assigned_ko_id, foster_id, status, notes) VALUES ('11111111-1111-1111-1111-000000000018', 'a0e0a0e0-a0e0-a0e0-a0e0-a0e0a0e0a0e0', 'b0b0b0b0-b0b0-b0b0-b0b0-b0b0b0b0b0b0', 'aecbcd51-1ae6-48b3-b641-a5c639b46fe6', 'FF-312-SLB', 'active', 'PГ„вҖәstounskДӮЛҮ rodina: EliД№ЛҮka HorДӮЛҮkovДӮЛҮ. DoprovДӮЛҮzДӮВӯ Anna MДӮЛҮlkovДӮЛҮ.');
INSERT INTO public.persons (id, organization_id, household_id, role, first_name, last_name, birth_date, custom_fields, is_active) VALUES ('22222222-2222-2222-2222-000000000018', 'a0e0a0e0-a0e0-a0e0-a0e0-a0e0a0e0a0e0', '11111111-1111-1111-1111-000000000018', 'foster_parent', 'EliД№ЛҮka', 'HorДӮЛҮkovДӮЛҮ', '1984-10-04', '{"profession":"ДӮЕЎГ„ЕӨetnДӮВӯ","foster_care_type":"C","avatar_url":"https://images.unsplash.com/photo-1488426862026-3ee34a7d66df?w=150","relationship_to_child":"teta"}'::jsonb, true);
INSERT INTO public.person_addresses (id, person_id, type, street, city, zip, from_date) VALUES ('33333333-3333-3333-3333-000000000018', '22222222-2222-2222-2222-000000000018', 'actual', 'Merhautova 69', 'VyД№ЛҮkov', '216 44', '2020-01-01');
INSERT INTO public.persons (id, organization_id, household_id, role, first_name, last_name, birth_date, custom_fields, gdpr_consent_signed, safety_rating, is_active) VALUES ('44444444-4444-4444-0018-00000000', 'a0e0a0e0-a0e0-a0e0-a0e0-a0e0a0e0a0e0', '11111111-1111-1111-1111-000000000018', 'child', 'Marek', 'ProchДӮЛҮzka', '2010-07-03', '{"relationship_to_foster_parent":"synovec","foster_care_type":"C","avatar_url":"https://images.unsplash.com/photo-1501196354995-cbb51c65aaea?w=150","hobby":"VДӮЛқtvarnДӮЛқ krouД№Дҫek","school":"ZД№В  NДӮЛҮdraД№ДҫnДӮВӯ VyД№ЛҮkov"}'::jsonb, true, 'B', true);
INSERT INTO public.persons (id, organization_id, household_id, role, first_name, last_name, birth_date, custom_fields, gdpr_consent_signed, safety_rating, is_active) VALUES ('55555555-5555-5555-0018-00000000', 'a0e0a0e0-a0e0-a0e0-a0e0-a0e0a0e0a0e0', '11111111-1111-1111-1111-000000000018', 'social_contact', 'Hana', 'HorДӮЛҮkovДӮЛҮ', '2010-02-27', '{"avatar_url":"https://images.unsplash.com/photo-1438761681033-6461ffad8d80?w=150","relationship_to_child":"BiologickДӮЛҮ dcera"}'::jsonb, true, 'N', true);
INSERT INTO public.persons (id, organization_id, household_id, role, first_name, last_name, birth_date, custom_fields, gdpr_consent_signed, safety_rating, is_active) VALUES ('55555555-5555-5555-0018-00000001', 'a0e0a0e0-a0e0-a0e0-a0e0-a0e0a0e0a0e0', '11111111-1111-1111-1111-000000000018', 'social_contact', 'Radim', 'HorДӮЛҮkovДӮЛҮ', '2009-10-01', '{"avatar_url":"https://images.unsplash.com/photo-1519085360753-af0119f7cbe7?w=150","relationship_to_child":"BiologickДӮЛқ syn"}'::jsonb, true, 'N', true);
INSERT INTO public.persons (id, organization_id, household_id, role, first_name, last_name, birth_number, phone, gdpr_consent_signed, safety_rating, is_active) VALUES ('66666666-6666-6666-6666-000000000018', 'a0e0a0e0-a0e0-a0e0-a0e0-a0e0a0e0a0e0', '11111111-1111-1111-1111-000000000018', 'bio_parent', 'Lenka', 'RД№Е»Д№ДҫiГ„ЕӨkovДӮЛҮ', '970417/2234', '+420698404950', true, 'B', true);
INSERT INTO public.events (id, organization_id, household_id, author_id, type, title, payload, occurred_at) VALUES ('77777777-7777-7777-0018-00000000', 'a0e0a0e0-a0e0-a0e0-a0e0-a0e0a0e0a0e0', '11111111-1111-1111-1111-000000000018', 'aecbcd51-1ae6-48b3-b641-a5c639b46fe6', 'regular_visit', 'PravidelnДӮЛҮ pololetnДӮВӯ nДӮЛҮvД№ЛҮtГ„вҖәva', '{"content":"NДӮЛҮvД№ЛҮtГ„вҖәva v rodinГ„вҖә probГ„вҖәhla v poД№в„ўДӮЛҮdku. PГ„вҖәstoun EliД№ЛҮka HorДӮЛҮkovДӮЛҮ vzornГ„вҖә spolupracuje, dГ„вҖәti se rozvДӮВӯjejДӮВӯ standardnГ„вҖә podle IPOD.","summary":"PololetnДӮВӯ nДӮЛҮvД№ЛҮtГ„вҖәva bez zjiД№ЛҮtГ„вҖәnДӮЛқch nedostatkД№Е»."}'::jsonb, '2026-04-17 22:27:09+02');
INSERT INTO public.events (id, organization_id, household_id, author_id, type, title, payload, occurred_at) VALUES ('77777777-7777-7777-0018-00000001', 'a0e0a0e0-a0e0-a0e0-a0e0-a0e0a0e0a0e0', '11111111-1111-1111-1111-000000000018', 'aecbcd51-1ae6-48b3-b641-a5c639b46fe6', 'phone_call', 'TelefonickДӮЛқ kontakt s pГ„вҖәstounem', '{"content":"TelefonickДӮЛқ hovor s pГ„вҖәstounem. ProbДӮВӯrali jsme chovДӮЛҮnДӮВӯ dГ„вҖәtДӮВӯ ve Д№ЛҮkole a plДӮЛҮnovДӮЛҮnДӮВӯ letnДӮВӯch prДӮЛҮzdninovДӮЛқch aktivit.","summary":"TelefonДӮЛҮt ohlednГ„вҖә prДӮЛҮzdnin."}'::jsonb, '2026-05-09 22:27:09+02');

-- DomДӮЛҮcnost 20: Martin NovotnДӮЛқ (FF-888-FDA)
INSERT INTO public.households (id, organization_id, branch_id, assigned_ko_id, foster_id, status, notes) VALUES ('11111111-1111-1111-1111-000000000019', 'a0e0a0e0-a0e0-a0e0-a0e0-a0e0a0e0a0e0', 'b0b0b0b0-b0b0-b0b0-b0b0-b0b0b0b0b0b0', 'aecbcd51-1ae6-48b3-b641-a5c639b46fe6', 'FF-888-FDA', 'active', 'PГ„вҖәstounskДӮЛҮ rodina: Martin NovotnДӮЛқ. DoprovДӮЛҮzДӮВӯ Anna MДӮЛҮlkovДӮЛҮ.');
INSERT INTO public.persons (id, organization_id, household_id, role, first_name, last_name, birth_date, custom_fields, is_active) VALUES ('22222222-2222-2222-2222-000000000019', 'a0e0a0e0-a0e0-a0e0-a0e0-a0e0a0e0a0e0', '11111111-1111-1111-1111-000000000019', 'foster_parent', 'Martin', 'NovotnДӮЛқ', '1965-11-23', '{"profession":"SociДӮЛҮlnДӮВӯ pracovnДӮВӯk","foster_care_type":"C","avatar_url":"https://images.unsplash.com/photo-1501196354995-cbb51c65aaea?w=150","relationship_to_child":"strДӮЛқc"}'::jsonb, true);
INSERT INTO public.person_addresses (id, person_id, type, street, city, zip, from_date) VALUES ('33333333-3333-3333-3333-000000000019', '22222222-2222-2222-2222-000000000019', 'actual', 'Husova 36', 'Brno', '147 39', '2020-01-01');
INSERT INTO public.persons (id, organization_id, household_id, role, first_name, last_name, birth_date, custom_fields, gdpr_consent_signed, safety_rating, is_active) VALUES ('44444444-4444-4444-0019-00000000', 'a0e0a0e0-a0e0-a0e0-a0e0-a0e0a0e0a0e0', '11111111-1111-1111-1111-000000000019', 'child', 'OndД№в„ўej', 'DvoД№в„ўДӮЛҮk', '2014-11-17', '{"relationship_to_foster_parent":"synovec","foster_care_type":"C","avatar_url":"https://images.unsplash.com/photo-1506794778202-cad84cf45f1d?w=150","hobby":"VДӮЛқtvarnДӮЛқ krouД№Дҫek","school":"ZД№В  NДӮЛҮdraД№ДҫnДӮВӯ VyД№ЛҮkov"}'::jsonb, true, 'A', true);
INSERT INTO public.persons (id, organization_id, household_id, role, first_name, last_name, birth_date, custom_fields, gdpr_consent_signed, safety_rating, is_active) VALUES ('55555555-5555-5555-0019-00000000', 'a0e0a0e0-a0e0-a0e0-a0e0-a0e0a0e0a0e0', '11111111-1111-1111-1111-000000000019', 'social_contact', 'Michal', 'NovotnДӮЛқ', '2013-03-04', '{"avatar_url":"https://images.unsplash.com/photo-1492562080023-ab3db95bfbce?w=150","relationship_to_child":"BiologickДӮЛқ syn"}'::jsonb, true, 'N', true);
INSERT INTO public.persons (id, organization_id, household_id, role, first_name, last_name, birth_date, custom_fields, gdpr_consent_signed, safety_rating, is_active) VALUES ('55555555-5555-5555-0019-00000001', 'a0e0a0e0-a0e0-a0e0-a0e0-a0e0a0e0a0e0', '11111111-1111-1111-1111-000000000019', 'social_contact', 'OndД№в„ўej', 'NovotnДӮЛқ', '2011-05-14', '{"avatar_url":"https://images.unsplash.com/photo-1506794778202-cad84cf45f1d?w=150","relationship_to_child":"BiologickДӮЛқ syn"}'::jsonb, true, 'N', true);
INSERT INTO public.persons (id, organization_id, household_id, role, first_name, last_name, birth_number, phone, gdpr_consent_signed, safety_rating, is_active) VALUES ('66666666-6666-6666-6666-000000000019', 'a0e0a0e0-a0e0-a0e0-a0e0-a0e0a0e0a0e0', '11111111-1111-1111-1111-000000000019', 'bio_parent', 'Martina', 'VeselДӮЛҮ', '870908/4631', '+420767141923', false, 'C', true);
INSERT INTO public.events (id, organization_id, household_id, author_id, type, title, payload, occurred_at) VALUES ('77777777-7777-7777-0019-00000000', 'a0e0a0e0-a0e0-a0e0-a0e0-a0e0a0e0a0e0', '11111111-1111-1111-1111-000000000019', 'aecbcd51-1ae6-48b3-b641-a5c639b46fe6', 'phone_call', 'TelefonickДӮЛқ kontakt s pГ„вҖәstounem', '{"content":"TelefonickДӮЛқ hovor s pГ„вҖәstounem. ProbДӮВӯrali jsme chovДӮЛҮnДӮВӯ dГ„вҖәtДӮВӯ ve Д№ЛҮkole a plДӮЛҮnovДӮЛҮnДӮВӯ letnДӮВӯch prДӮЛҮzdninovДӮЛқch aktivit.","summary":"TelefonДӮЛҮt ohlednГ„вҖә prДӮЛҮzdnin."}'::jsonb, '2026-06-16 22:27:09+02');

-- DomДӮЛҮcnost 21: Petra KrДӮЛҮlovДӮЛҮ (FF-261-ECT)
INSERT INTO public.households (id, organization_id, branch_id, assigned_ko_id, foster_id, status, notes) VALUES ('11111111-1111-1111-1111-000000000020', 'a0e0a0e0-a0e0-a0e0-a0e0-a0e0a0e0a0e0', 'b0b0b0b0-b0b0-b0b0-b0b0-b0b0b0b0b0b0', 'f1520cd2-38d3-49fc-a40b-e6c4524983c8', 'FF-261-ECT', 'active', 'PГ„вҖәstounskДӮЛҮ rodina: Petra KrДӮЛҮlovДӮЛҮ. DoprovДӮЛҮzДӮВӯ Anna MДӮЛҮlkovДӮЛҮ.');
INSERT INTO public.persons (id, organization_id, household_id, role, first_name, last_name, birth_date, custom_fields, is_active) VALUES ('22222222-2222-2222-2222-000000000020', 'a0e0a0e0-a0e0-a0e0-a0e0-a0e0a0e0a0e0', '11111111-1111-1111-1111-000000000020', 'foster_parent', 'Petra', 'KrДӮЛҮlovДӮЛҮ', '1965-09-21', '{"profession":"Д№ВҳidiГ„ЕӨ","foster_care_type":"C","avatar_url":"https://images.unsplash.com/photo-1438761681033-6461ffad8d80?w=150","relationship_to_child":"teta"}'::jsonb, true);
INSERT INTO public.person_addresses (id, person_id, type, street, city, zip, from_date) VALUES ('33333333-3333-3333-3333-000000000020', '22222222-2222-2222-2222-000000000020', 'actual', 'SportovnДӮВӯ 96', 'Blansko', '726 56', '2020-01-01');
INSERT INTO public.persons (id, organization_id, household_id, role, first_name, last_name, birth_date, custom_fields, gdpr_consent_signed, safety_rating, is_active) VALUES ('44444444-4444-4444-0020-00000000', 'a0e0a0e0-a0e0-a0e0-a0e0-a0e0a0e0a0e0', '11111111-1111-1111-1111-000000000020', 'child', 'Eva', 'JelДӮВӯnkovДӮЛҮ', '2018-12-24', '{"relationship_to_foster_parent":"neteД№в„ў","foster_care_type":"C","avatar_url":"https://images.unsplash.com/photo-1517841905240-472988babdf9?w=150","hobby":"TaneГ„ЕӨnДӮВӯ krouД№Дҫek","school":"ZД№В  KД№в„ўДӮВӯdlovickДӮЛҮ Brno"}'::jsonb, true, 'A', true);
INSERT INTO public.persons (id, organization_id, household_id, role, first_name, last_name, birth_date, custom_fields, gdpr_consent_signed, safety_rating, is_active) VALUES ('44444444-4444-4444-0020-00000001', 'a0e0a0e0-a0e0-a0e0-a0e0-a0e0a0e0a0e0', '11111111-1111-1111-1111-000000000020', 'child', 'Petr', 'Fiala', '2016-06-20', '{"relationship_to_foster_parent":"synovec","foster_care_type":"C","avatar_url":"https://images.unsplash.com/photo-1501196354995-cbb51c65aaea?w=150","hobby":"Д№В achy","school":"ZД№В  Merhautova Brno"}'::jsonb, true, 'A', true);
INSERT INTO public.persons (id, organization_id, household_id, role, first_name, last_name, birth_date, custom_fields, gdpr_consent_signed, safety_rating, is_active) VALUES ('55555555-5555-5555-0020-00000000', 'a0e0a0e0-a0e0-a0e0-a0e0-a0e0a0e0a0e0', '11111111-1111-1111-1111-000000000020', 'social_contact', 'Petra', 'KrДӮЛҮlovДӮЛҮ', '2008-02-01', '{"avatar_url":"https://images.unsplash.com/photo-1488426862026-3ee34a7d66df?w=150","relationship_to_child":"BiologickДӮЛҮ dcera"}'::jsonb, true, 'N', true);
INSERT INTO public.persons (id, organization_id, household_id, role, first_name, last_name, birth_date, custom_fields, gdpr_consent_signed, safety_rating, is_active) VALUES ('55555555-5555-5555-0020-00000001', 'a0e0a0e0-a0e0-a0e0-a0e0-a0e0a0e0a0e0', '11111111-1111-1111-1111-000000000020', 'social_contact', 'Monika', 'KrДӮЛҮlovДӮЛҮ', '2008-01-01', '{"avatar_url":"https://images.unsplash.com/photo-1534528741775-53994a69daeb?w=150","relationship_to_child":"BiologickДӮЛҮ dcera"}'::jsonb, true, 'N', true);
INSERT INTO public.persons (id, organization_id, household_id, role, first_name, last_name, birth_number, phone, gdpr_consent_signed, safety_rating, is_active) VALUES ('66666666-6666-6666-6666-000000000020', 'a0e0a0e0-a0e0-a0e0-a0e0-a0e0a0e0a0e0', '11111111-1111-1111-1111-000000000020', 'bio_parent', 'Michaela', 'NovДӮЛҮkovДӮЛҮ', '710424/4216', '+420694694393', true, 'B', true);
INSERT INTO public.events (id, organization_id, household_id, author_id, type, title, payload, occurred_at) VALUES ('77777777-7777-7777-0020-00000000', 'a0e0a0e0-a0e0-a0e0-a0e0-a0e0a0e0a0e0', '11111111-1111-1111-1111-000000000020', 'f1520cd2-38d3-49fc-a40b-e6c4524983c8', 'phone_call', 'TelefonickДӮЛқ kontakt s pГ„вҖәstounem', '{"content":"TelefonickДӮЛқ hovor s pГ„вҖәstounem. ProbДӮВӯrali jsme chovДӮЛҮnДӮВӯ dГ„вҖәtДӮВӯ ve Д№ЛҮkole a plДӮЛҮnovДӮЛҮnДӮВӯ letnДӮВӯch prДӮЛҮzdninovДӮЛқch aktivit.","summary":"TelefonДӮЛҮt ohlednГ„вҖә prДӮЛҮzdnin."}'::jsonb, '2026-06-12 22:27:09+02');
INSERT INTO public.events (id, organization_id, household_id, author_id, type, title, payload, occurred_at) VALUES ('77777777-7777-7777-0020-00000001', 'a0e0a0e0-a0e0-a0e0-a0e0-a0e0a0e0a0e0', '11111111-1111-1111-1111-000000000020', 'f1520cd2-38d3-49fc-a40b-e6c4524983c8', 'regular_visit', 'PravidelnДӮЛҮ pololetnДӮВӯ nДӮЛҮvД№ЛҮtГ„вҖәva', '{"content":"NДӮЛҮvД№ЛҮtГ„вҖәva v rodinГ„вҖә probГ„вҖәhla v poД№в„ўДӮЛҮdku. PГ„вҖәstoun Petra KrДӮЛҮlovДӮЛҮ vzornГ„вҖә spolupracuje, dГ„вҖәti se rozvДӮВӯjejДӮВӯ standardnГ„вҖә podle IPOD.","summary":"PololetnДӮВӯ nДӮЛҮvД№ЛҮtГ„вҖәva bez zjiД№ЛҮtГ„вҖәnДӮЛқch nedostatkД№Е»."}'::jsonb, '2026-04-25 22:27:09+02');

-- DomДӮЛҮcnost 22: Veronika DvoД№в„ўДӮЛҮkovДӮЛҮ (FF-548-JCD)
INSERT INTO public.households (id, organization_id, branch_id, assigned_ko_id, foster_id, status, notes) VALUES ('11111111-1111-1111-1111-000000000021', 'a0e0a0e0-a0e0-a0e0-a0e0-a0e0a0e0a0e0', 'b0b0b0b0-b0b0-b0b0-b0b0-b0b0b0b0b0b0', 'f1520cd2-38d3-49fc-a40b-e6c4524983c8', 'FF-548-JCD', 'active', 'PГ„вҖәstounskДӮЛҮ rodina: Veronika DvoД№в„ўДӮЛҮkovДӮЛҮ. DoprovДӮЛҮzДӮВӯ Anna MДӮЛҮlkovДӮЛҮ.');
INSERT INTO public.persons (id, organization_id, household_id, role, first_name, last_name, birth_date, custom_fields, is_active) VALUES ('22222222-2222-2222-2222-000000000021', 'a0e0a0e0-a0e0-a0e0-a0e0-a0e0a0e0a0e0', '11111111-1111-1111-1111-000000000021', 'foster_parent', 'Veronika', 'DvoД№в„ўДӮЛҮkovДӮЛҮ', '1992-12-22', '{"profession":"ZahradnДӮВӯk","foster_care_type":"C","avatar_url":"https://images.unsplash.com/photo-1488426862026-3ee34a7d66df?w=150","relationship_to_child":"teta"}'::jsonb, true);
INSERT INTO public.person_addresses (id, person_id, type, street, city, zip, from_date) VALUES ('33333333-3333-3333-3333-000000000021', '22222222-2222-2222-2222-000000000021', 'actual', 'NДӮЛҮdraД№ДҫnДӮВӯ 142', 'KuД№в„ўim', '697 56', '2020-01-01');
INSERT INTO public.persons (id, organization_id, household_id, role, first_name, last_name, birth_date, custom_fields, gdpr_consent_signed, safety_rating, is_active) VALUES ('44444444-4444-4444-0021-00000000', 'a0e0a0e0-a0e0-a0e0-a0e0-a0e0a0e0a0e0', '11111111-1111-1111-1111-000000000021', 'child', 'LukДӮЛҮД№ЛҮ', 'RД№Е»Д№ДҫiГ„ЕӨka', '2013-07-15', '{"relationship_to_foster_parent":"synovec","foster_care_type":"C","avatar_url":"https://images.unsplash.com/photo-1501196354995-cbb51c65aaea?w=150","hobby":"TaneГ„ЕӨnДӮВӯ krouД№Дҫek","school":"ZД№В  ДӮЕЎvoz Brno"}'::jsonb, true, 'A', true);
INSERT INTO public.persons (id, organization_id, household_id, role, first_name, last_name, birth_date, custom_fields, gdpr_consent_signed, safety_rating, is_active) VALUES ('44444444-4444-4444-0021-00000001', 'a0e0a0e0-a0e0-a0e0-a0e0-a0e0a0e0a0e0', '11111111-1111-1111-1111-000000000021', 'child', 'Josef', 'Fiala', '2017-04-15', '{"relationship_to_foster_parent":"synovec","foster_care_type":"C","avatar_url":"https://images.unsplash.com/photo-1519085360753-af0119f7cbe7?w=150","hobby":"VДӮЛқtvarnДӮЛқ krouД№Дҫek","school":"ZД№В  Д№В kolnДӮВӯ Hostomice"}'::jsonb, true, 'C', true);
INSERT INTO public.persons (id, organization_id, household_id, role, first_name, last_name, birth_date, custom_fields, gdpr_consent_signed, safety_rating, is_active) VALUES ('55555555-5555-5555-0021-00000000', 'a0e0a0e0-a0e0-a0e0-a0e0-a0e0a0e0a0e0', '11111111-1111-1111-1111-000000000021', 'social_contact', 'Miroslav', 'DvoД№в„ўДӮЛҮkovДӮЛҮ', '2018-03-22', '{"avatar_url":"https://images.unsplash.com/photo-1492562080023-ab3db95bfbce?w=150","relationship_to_child":"BiologickДӮЛқ syn"}'::jsonb, true, 'N', true);
INSERT INTO public.persons (id, organization_id, household_id, role, first_name, last_name, birth_date, custom_fields, gdpr_consent_signed, safety_rating, is_active) VALUES ('55555555-5555-5555-0021-00000001', 'a0e0a0e0-a0e0-a0e0-a0e0-a0e0a0e0a0e0', '11111111-1111-1111-1111-000000000021', 'social_contact', 'Martin', 'DvoД№в„ўДӮЛҮkovДӮЛҮ', '2021-12-26', '{"avatar_url":"https://images.unsplash.com/photo-1492562080023-ab3db95bfbce?w=150","relationship_to_child":"BiologickДӮЛқ syn"}'::jsonb, true, 'N', true);
INSERT INTO public.persons (id, organization_id, household_id, role, first_name, last_name, birth_date, custom_fields, gdpr_consent_signed, safety_rating, is_active) VALUES ('55555555-5555-5555-0021-00000002', 'a0e0a0e0-a0e0-a0e0-a0e0-a0e0a0e0a0e0', '11111111-1111-1111-1111-000000000021', 'social_contact', 'Michaela', 'DvoД№в„ўДӮЛҮkovДӮЛҮ', '2009-04-11', '{"avatar_url":"https://images.unsplash.com/photo-1517841905240-472988babdf9?w=150","relationship_to_child":"BiologickДӮЛҮ dcera"}'::jsonb, true, 'N', true);
INSERT INTO public.persons (id, organization_id, household_id, role, first_name, last_name, birth_number, phone, gdpr_consent_signed, safety_rating, is_active) VALUES ('66666666-6666-6666-6666-000000000021', 'a0e0a0e0-a0e0-a0e0-a0e0-a0e0a0e0a0e0', '11111111-1111-1111-1111-000000000021', 'bio_parent', 'Martin', 'HorДӮЛҮk', '891218/2349', '+420740102418', true, 'B', true);
INSERT INTO public.events (id, organization_id, household_id, author_id, type, title, payload, occurred_at) VALUES ('77777777-7777-7777-0021-00000000', 'a0e0a0e0-a0e0-a0e0-a0e0-a0e0a0e0a0e0', '11111111-1111-1111-1111-000000000021', 'f1520cd2-38d3-49fc-a40b-e6c4524983c8', 'crisis_event', 'Incident / PoruД№ЛҮenДӮВӯ pravidel', '{"content":"HlДӮЛҮД№ЛҮen drobnДӮЛқ incident v rodinГ„вҖә: neshody ve Д№ЛҮkole ohlednГ„вҖә prospГ„вҖәchu. KlДӮВӯГ„ЕӨovДӮЛҮ osoba naplДӮЛҮnovala spoleГ„ЕӨnДӮВ© jednДӮЛҮnДӮВӯ s tД№в„ўДӮВӯdnДӮВӯm uГ„ЕӨitelem.","summary":"Д№ВҳeД№ЛҮenДӮВӯ studijnДӮВӯch problДӮВ©mД№Е»."}'::jsonb, '2026-05-19 22:27:09+02');
INSERT INTO public.events (id, organization_id, household_id, author_id, type, title, payload, occurred_at) VALUES ('77777777-7777-7777-0021-00000001', 'a0e0a0e0-a0e0-a0e0-a0e0-a0e0a0e0a0e0', '11111111-1111-1111-1111-000000000021', 'f1520cd2-38d3-49fc-a40b-e6c4524983c8', 'phone_call', 'TelefonickДӮЛқ kontakt s pГ„вҖәstounem', '{"content":"TelefonickДӮЛқ hovor s pГ„вҖәstounem. ProbДӮВӯrali jsme chovДӮЛҮnДӮВӯ dГ„вҖәtДӮВӯ ve Д№ЛҮkole a plДӮЛҮnovДӮЛҮnДӮВӯ letnДӮВӯch prДӮЛҮzdninovДӮЛқch aktivit.","summary":"TelefonДӮЛҮt ohlednГ„вҖә prДӮЛҮzdnin."}'::jsonb, '2026-05-17 22:27:09+02');

-- DomДӮЛҮcnost 23: Barbora MarkovДӮЛҮ (FF-242-JFJ)
INSERT INTO public.households (id, organization_id, branch_id, assigned_ko_id, foster_id, status, notes) VALUES ('11111111-1111-1111-1111-000000000022', 'a0e0a0e0-a0e0-a0e0-a0e0-a0e0a0e0a0e0', 'b0b0b0b0-b0b0-b0b0-b0b0-b0b0b0b0b0b0', 'f1520cd2-38d3-49fc-a40b-e6c4524983c8', 'FF-242-JFJ', 'active', 'PГ„вҖәstounskДӮЛҮ rodina: Barbora MarkovДӮЛҮ. DoprovДӮЛҮzДӮВӯ Anna MДӮЛҮlkovДӮЛҮ.');
INSERT INTO public.persons (id, organization_id, household_id, role, first_name, last_name, birth_date, custom_fields, is_active) VALUES ('22222222-2222-2222-2222-000000000022', 'a0e0a0e0-a0e0-a0e0-a0e0-a0e0a0e0a0e0', '11111111-1111-1111-1111-000000000022', 'foster_parent', 'Barbora', 'MarkovДӮЛҮ', '1965-12-27', '{"profession":"ZdravotnДӮВӯ sestra","foster_care_type":"B","avatar_url":"https://images.unsplash.com/photo-1544005313-94ddf0286df2?w=150"}'::jsonb, true);
INSERT INTO public.person_addresses (id, person_id, type, street, city, zip, from_date) VALUES ('33333333-3333-3333-3333-000000000022', '22222222-2222-2222-2222-000000000022', 'actual', 'Д№В kolnДӮВӯ 131', 'Brno', '280 89', '2020-01-01');
INSERT INTO public.persons (id, organization_id, household_id, role, first_name, last_name, birth_date, custom_fields, gdpr_consent_signed, safety_rating, is_active) VALUES ('44444444-4444-4444-0022-00000000', 'a0e0a0e0-a0e0-a0e0-a0e0-a0e0a0e0a0e0', '11111111-1111-1111-1111-000000000022', 'child', 'Jana', 'HorДӮЛҮkovДӮЛҮ', '2020-06-02', '{"foster_care_type":"B","avatar_url":"https://images.unsplash.com/photo-1544005313-94ddf0286df2?w=150","hobby":"Keramika","school":"ZД№В  ДӮЕЎvoz Brno"}'::jsonb, true, 'C', true);
INSERT INTO public.persons (id, organization_id, household_id, role, first_name, last_name, birth_date, custom_fields, gdpr_consent_signed, safety_rating, is_active) VALUES ('55555555-5555-5555-0022-00000000', 'a0e0a0e0-a0e0-a0e0-a0e0-a0e0a0e0a0e0', '11111111-1111-1111-1111-000000000022', 'social_contact', 'Martin', 'MarkovДӮЛҮ', '2018-06-01', '{"avatar_url":"https://images.unsplash.com/photo-1519085360753-af0119f7cbe7?w=150","relationship_to_child":"BiologickДӮЛқ syn"}'::jsonb, true, 'N', true);
INSERT INTO public.persons (id, organization_id, household_id, role, first_name, last_name, birth_number, phone, gdpr_consent_signed, safety_rating, is_active) VALUES ('66666666-6666-6666-6666-000000000022', 'a0e0a0e0-a0e0-a0e0-a0e0-a0e0a0e0a0e0', '11111111-1111-1111-1111-000000000022', 'bio_parent', 'KristДӮЛқna', 'Г„ЕҡernДӮЛҮ', '710701/6880', '+420721805012', true, 'B', true);
INSERT INTO public.events (id, organization_id, household_id, author_id, type, title, payload, occurred_at) VALUES ('77777777-7777-7777-0022-00000000', 'a0e0a0e0-a0e0-a0e0-a0e0-a0e0a0e0a0e0', '11111111-1111-1111-1111-000000000022', 'f1520cd2-38d3-49fc-a40b-e6c4524983c8', 'phone_call', 'TelefonickДӮЛқ kontakt s pГ„вҖәstounem', '{"content":"TelefonickДӮЛқ hovor s pГ„вҖәstounem. ProbДӮВӯrali jsme chovДӮЛҮnДӮВӯ dГ„вҖәtДӮВӯ ve Д№ЛҮkole a plДӮЛҮnovДӮЛҮnДӮВӯ letnДӮВӯch prДӮЛҮzdninovДӮЛқch aktivit.","summary":"TelefonДӮЛҮt ohlednГ„вҖә prДӮЛҮzdnin."}'::jsonb, '2026-04-05 22:27:09+02');
INSERT INTO public.events (id, organization_id, household_id, author_id, type, title, payload, occurred_at) VALUES ('77777777-7777-7777-0022-00000001', 'a0e0a0e0-a0e0-a0e0-a0e0-a0e0a0e0a0e0', '11111111-1111-1111-1111-000000000022', 'f1520cd2-38d3-49fc-a40b-e6c4524983c8', 'phone_call', 'TelefonickДӮЛқ kontakt s pГ„вҖәstounem', '{"content":"TelefonickДӮЛқ hovor s pГ„вҖәstounem. ProbДӮВӯrali jsme chovДӮЛҮnДӮВӯ dГ„вҖәtДӮВӯ ve Д№ЛҮkole a plДӮЛҮnovДӮЛҮnДӮВӯ letnДӮВӯch prДӮЛҮzdninovДӮЛқch aktivit.","summary":"TelefonДӮЛҮt ohlednГ„вҖә prДӮЛҮzdnin."}'::jsonb, '2026-04-25 22:27:09+02');

-- DomДӮЛҮcnost 24: Lenka ZemanovДӮЛҮ (FF-581-TYL)
INSERT INTO public.households (id, organization_id, branch_id, assigned_ko_id, foster_id, status, notes) VALUES ('11111111-1111-1111-1111-000000000023', 'a0e0a0e0-a0e0-a0e0-a0e0-a0e0a0e0a0e0', 'b0b0b0b0-b0b0-b0b0-b0b0-b0b0b0b0b0b0', 'f1520cd2-38d3-49fc-a40b-e6c4524983c8', 'FF-581-TYL', 'active', 'PГ„вҖәstounskДӮЛҮ rodina: Lenka ZemanovДӮЛҮ. DoprovДӮЛҮzДӮВӯ Anna MДӮЛҮlkovДӮЛҮ.');
INSERT INTO public.persons (id, organization_id, household_id, role, first_name, last_name, birth_date, custom_fields, is_active) VALUES ('22222222-2222-2222-2222-000000000023', 'a0e0a0e0-a0e0-a0e0-a0e0-a0e0a0e0a0e0', '11111111-1111-1111-1111-000000000023', 'foster_parent', 'Lenka', 'ZemanovДӮЛҮ', '1967-05-01', '{"profession":"Д№ВҳidiГ„ЕӨ","foster_care_type":"B","avatar_url":"https://images.unsplash.com/photo-1438761681033-6461ffad8d80?w=150"}'::jsonb, true);
INSERT INTO public.person_addresses (id, person_id, type, street, city, zip, from_date) VALUES ('33333333-3333-3333-3333-000000000023', '22222222-2222-2222-2222-000000000023', 'actual', 'Merhautova 125', 'Slavkov u Brna', '656 37', '2020-01-01');
INSERT INTO public.persons (id, organization_id, household_id, role, first_name, last_name, birth_date, custom_fields, gdpr_consent_signed, safety_rating, is_active) VALUES ('44444444-4444-4444-0023-00000000', 'a0e0a0e0-a0e0-a0e0-a0e0-a0e0a0e0a0e0', '11111111-1111-1111-1111-000000000023', 'child', 'Jan', 'Г„ЕҡernДӮЛқ', '2019-09-26', '{"foster_care_type":"B","avatar_url":"https://images.unsplash.com/photo-1506794778202-cad84cf45f1d?w=150","hobby":"ModelДӮЛҮД№в„ўstvДӮВӯ","school":"ZД№В  ДӮЕЎvoz Brno"}'::jsonb, true, 'A', true);
INSERT INTO public.persons (id, organization_id, household_id, role, first_name, last_name, birth_date, custom_fields, gdpr_consent_signed, safety_rating, is_active) VALUES ('55555555-5555-5555-0023-00000000', 'a0e0a0e0-a0e0-a0e0-a0e0-a0e0a0e0a0e0', '11111111-1111-1111-1111-000000000023', 'social_contact', 'Michaela', 'ZemanovДӮЛҮ', '2006-02-06', '{"avatar_url":"https://images.unsplash.com/photo-1534528741775-53994a69daeb?w=150","relationship_to_child":"BiologickДӮЛҮ dcera"}'::jsonb, true, 'N', true);
INSERT INTO public.persons (id, organization_id, household_id, role, first_name, last_name, birth_number, phone, gdpr_consent_signed, safety_rating, is_active) VALUES ('66666666-6666-6666-6666-000000000023', 'a0e0a0e0-a0e0-a0e0-a0e0-a0e0a0e0a0e0', '11111111-1111-1111-1111-000000000023', 'bio_parent', 'Lenka', 'HorДӮЛҮkovДӮЛҮ', '940322/4182', '+420775362207', false, 'B', true);
INSERT INTO public.events (id, organization_id, household_id, author_id, type, title, payload, occurred_at) VALUES ('77777777-7777-7777-0023-00000000', 'a0e0a0e0-a0e0-a0e0-a0e0-a0e0a0e0a0e0', '11111111-1111-1111-1111-000000000023', 'f1520cd2-38d3-49fc-a40b-e6c4524983c8', 'regular_visit', 'PravidelnДӮЛҮ pololetnДӮВӯ nДӮЛҮvД№ЛҮtГ„вҖәva', '{"content":"NДӮЛҮvД№ЛҮtГ„вҖәva v rodinГ„вҖә probГ„вҖәhla v poД№в„ўДӮЛҮdku. PГ„вҖәstoun Lenka ZemanovДӮЛҮ vzornГ„вҖә spolupracuje, dГ„вҖәti se rozvДӮВӯjejДӮВӯ standardnГ„вҖә podle IPOD.","summary":"PololetnДӮВӯ nДӮЛҮvД№ЛҮtГ„вҖәva bez zjiД№ЛҮtГ„вҖәnДӮЛқch nedostatkД№Е»."}'::jsonb, '2026-05-20 22:27:09+02');
INSERT INTO public.events (id, organization_id, household_id, author_id, type, title, payload, occurred_at) VALUES ('77777777-7777-7777-0023-00000001', 'a0e0a0e0-a0e0-a0e0-a0e0-a0e0a0e0a0e0', '11111111-1111-1111-1111-000000000023', 'f1520cd2-38d3-49fc-a40b-e6c4524983c8', 'regular_visit', 'PravidelnДӮЛҮ pololetnДӮВӯ nДӮЛҮvД№ЛҮtГ„вҖәva', '{"content":"NДӮЛҮvД№ЛҮtГ„вҖәva v rodinГ„вҖә probГ„вҖәhla v poД№в„ўДӮЛҮdku. PГ„вҖәstoun Lenka ZemanovДӮЛҮ vzornГ„вҖә spolupracuje, dГ„вҖәti se rozvДӮВӯjejДӮВӯ standardnГ„вҖә podle IPOD.","summary":"PololetnДӮВӯ nДӮЛҮvД№ЛҮtГ„вҖәva bez zjiД№ЛҮtГ„вҖәnДӮЛқch nedostatkД№Е»."}'::jsonb, '2026-05-01 22:27:09+02');

-- DomДӮЛҮcnost 25: Josef DvoД№в„ўДӮЛҮk (FF-753-UBQ)
INSERT INTO public.households (id, organization_id, branch_id, assigned_ko_id, foster_id, status, notes) VALUES ('11111111-1111-1111-1111-000000000024', 'a0e0a0e0-a0e0-a0e0-a0e0-a0e0a0e0a0e0', 'b0b0b0b0-b0b0-b0b0-b0b0-b0b0b0b0b0b0', 'f1520cd2-38d3-49fc-a40b-e6c4524983c8', 'FF-753-UBQ', 'active', 'PГ„вҖәstounskДӮЛҮ rodina: Josef DvoД№в„ўДӮЛҮk. DoprovДӮЛҮzДӮВӯ Anna MДӮЛҮlkovДӮЛҮ.');
INSERT INTO public.persons (id, organization_id, household_id, role, first_name, last_name, birth_date, custom_fields, is_active) VALUES ('22222222-2222-2222-2222-000000000024', 'a0e0a0e0-a0e0-a0e0-a0e0-a0e0a0e0a0e0', '11111111-1111-1111-1111-000000000024', 'foster_parent', 'Josef', 'DvoД№в„ўДӮЛҮk', '1983-09-17', '{"profession":"StavebnДӮВӯ inД№ДҫenДӮЛқr","foster_care_type":"C","avatar_url":"https://images.unsplash.com/photo-1507003211169-0a1dd7228f2d?w=150","relationship_to_child":"strДӮЛқc"}'::jsonb, true);
INSERT INTO public.person_addresses (id, person_id, type, street, city, zip, from_date) VALUES ('33333333-3333-3333-3333-000000000024', '22222222-2222-2222-2222-000000000024', 'actual', 'NДӮЛҮdraД№ДҫnДӮВӯ 36', 'ModД№в„ўice', '497 27', '2020-01-01');
INSERT INTO public.persons (id, organization_id, household_id, role, first_name, last_name, birth_date, custom_fields, gdpr_consent_signed, safety_rating, is_active) VALUES ('44444444-4444-4444-0024-00000000', 'a0e0a0e0-a0e0-a0e0-a0e0-a0e0a0e0a0e0', '11111111-1111-1111-1111-000000000024', 'child', 'VГ„вҖәra', 'FialovДӮЛҮ', '2019-05-06', '{"relationship_to_foster_parent":"neteД№в„ў","foster_care_type":"C","avatar_url":"https://images.unsplash.com/photo-1438761681033-6461ffad8d80?w=150","hobby":"TaneГ„ЕӨnДӮВӯ krouД№Дҫek","school":"GymnДӮЛҮzium Elgartova Brno"}'::jsonb, true, 'A', true);
INSERT INTO public.persons (id, organization_id, household_id, role, first_name, last_name, birth_date, custom_fields, gdpr_consent_signed, safety_rating, is_active) VALUES ('44444444-4444-4444-0024-00000001', 'a0e0a0e0-a0e0-a0e0-a0e0-a0e0a0e0a0e0', '11111111-1111-1111-1111-000000000024', 'child', 'Petr', 'KolДӮЛҮД№в„ў', '2013-10-18', '{"relationship_to_foster_parent":"synovec","foster_care_type":"C","avatar_url":"https://images.unsplash.com/photo-1507003211169-0a1dd7228f2d?w=150","hobby":"VДӮЛқtvarnДӮЛқ krouД№Дҫek","school":"ZД№В  Д№В kolnДӮВӯ Hostomice"}'::jsonb, true, 'B', true);
INSERT INTO public.persons (id, organization_id, household_id, role, first_name, last_name, birth_date, custom_fields, gdpr_consent_signed, safety_rating, is_active) VALUES ('55555555-5555-5555-0024-00000000', 'a0e0a0e0-a0e0-a0e0-a0e0-a0e0a0e0a0e0', '11111111-1111-1111-1111-000000000024', 'social_contact', 'Anna', 'DvoД№в„ўДӮЛҮk', '2010-12-12', '{"avatar_url":"https://images.unsplash.com/photo-1517841905240-472988babdf9?w=150","relationship_to_child":"BiologickДӮЛҮ dcera"}'::jsonb, true, 'N', true);
INSERT INTO public.persons (id, organization_id, household_id, role, first_name, last_name, birth_date, custom_fields, gdpr_consent_signed, safety_rating, is_active) VALUES ('55555555-5555-5555-0024-00000001', 'a0e0a0e0-a0e0-a0e0-a0e0-a0e0a0e0a0e0', '11111111-1111-1111-1111-000000000024', 'social_contact', 'Radim', 'DvoД№в„ўДӮЛҮk', '2022-03-01', '{"avatar_url":"https://images.unsplash.com/photo-1519085360753-af0119f7cbe7?w=150","relationship_to_child":"BiologickДӮЛқ syn"}'::jsonb, true, 'N', true);
INSERT INTO public.persons (id, organization_id, household_id, role, first_name, last_name, birth_number, phone, gdpr_consent_signed, safety_rating, is_active) VALUES ('66666666-6666-6666-6666-000000000024', 'a0e0a0e0-a0e0-a0e0-a0e0-a0e0a0e0a0e0', '11111111-1111-1111-1111-000000000024', 'bio_parent', 'KristДӮЛқna', 'NovotnДӮЛҮ', '791201/9262', '+420664690214', false, 'B', true);
INSERT INTO public.events (id, organization_id, household_id, author_id, type, title, payload, occurred_at) VALUES ('77777777-7777-7777-0024-00000000', 'a0e0a0e0-a0e0-a0e0-a0e0-a0e0a0e0a0e0', '11111111-1111-1111-1111-000000000024', 'f1520cd2-38d3-49fc-a40b-e6c4524983c8', 'phone_call', 'TelefonickДӮЛқ kontakt s pГ„вҖәstounem', '{"content":"TelefonickДӮЛқ hovor s pГ„вҖәstounem. ProbДӮВӯrali jsme chovДӮЛҮnДӮВӯ dГ„вҖәtДӮВӯ ve Д№ЛҮkole a plДӮЛҮnovДӮЛҮnДӮВӯ letnДӮВӯch prДӮЛҮzdninovДӮЛқch aktivit.","summary":"TelefonДӮЛҮt ohlednГ„вҖә prДӮЛҮzdnin."}'::jsonb, '2026-04-08 22:27:09+02');
INSERT INTO public.events (id, organization_id, household_id, author_id, type, title, payload, occurred_at) VALUES ('77777777-7777-7777-0024-00000001', 'a0e0a0e0-a0e0-a0e0-a0e0-a0e0a0e0a0e0', '11111111-1111-1111-1111-000000000024', 'f1520cd2-38d3-49fc-a40b-e6c4524983c8', 'phone_call', 'TelefonickДӮЛқ kontakt s pГ„вҖәstounem', '{"content":"TelefonickДӮЛқ hovor s pГ„вҖәstounem. ProbДӮВӯrali jsme chovДӮЛҮnДӮВӯ dГ„вҖәtДӮВӯ ve Д№ЛҮkole a plДӮЛҮnovДӮЛҮnДӮВӯ letnДӮВӯch prДӮЛҮzdninovДӮЛқch aktivit.","summary":"TelefonДӮЛҮt ohlednГ„вҖә prДӮЛҮzdnin."}'::jsonb, '2026-04-01 22:27:09+02');

-- DomДӮЛҮcnost 26: Tereza KuГ„ЕӨerovДӮЛҮ (FF-280-NQX)
INSERT INTO public.households (id, organization_id, branch_id, assigned_ko_id, foster_id, status, notes) VALUES ('11111111-1111-1111-1111-000000000025', 'a0e0a0e0-a0e0-a0e0-a0e0-a0e0a0e0a0e0', 'b0b0b0b0-b0b0-b0b0-b0b0-b0b0b0b0b0b0', 'f1520cd2-38d3-49fc-a40b-e6c4524983c8', 'FF-280-NQX', 'active', 'PГ„вҖәstounskДӮЛҮ rodina: Tereza KuГ„ЕӨerovДӮЛҮ. DoprovДӮЛҮzДӮВӯ Anna MДӮЛҮlkovДӮЛҮ.');
INSERT INTO public.persons (id, organization_id, household_id, role, first_name, last_name, birth_date, custom_fields, is_active) VALUES ('22222222-2222-2222-2222-000000000025', 'a0e0a0e0-a0e0-a0e0-a0e0-a0e0a0e0a0e0', '11111111-1111-1111-1111-000000000025', 'foster_parent', 'Tereza', 'KuГ„ЕӨerovДӮЛҮ', '1984-11-19', '{"profession":"KuchaД№в„ў","foster_care_type":"C","avatar_url":"https://images.unsplash.com/photo-1544005313-94ddf0286df2?w=150","relationship_to_child":"babiГ„ЕӨka"}'::jsonb, true);
INSERT INTO public.person_addresses (id, person_id, type, street, city, zip, from_date) VALUES ('33333333-3333-3333-3333-000000000025', '22222222-2222-2222-2222-000000000025', 'actual', 'Д№В kolnДӮВӯ 113', 'TiД№ЛҮnov', '395 17', '2020-01-01');
INSERT INTO public.persons (id, organization_id, household_id, role, first_name, last_name, birth_date, custom_fields, gdpr_consent_signed, safety_rating, is_active) VALUES ('44444444-4444-4444-0025-00000000', 'a0e0a0e0-a0e0-a0e0-a0e0-a0e0a0e0a0e0', '11111111-1111-1111-1111-000000000025', 'child', 'Pavel', 'BeneД№ЛҮ', '2019-01-05', '{"relationship_to_foster_parent":"vnuk","foster_care_type":"C","avatar_url":"https://images.unsplash.com/photo-1500648767791-00dcc994a43e?w=150","hobby":"TaneГ„ЕӨnДӮВӯ krouД№Дҫek","school":"ZД№В  KД№в„ўДӮВӯdlovickДӮЛҮ Brno"}'::jsonb, true, 'A', true);
INSERT INTO public.persons (id, organization_id, household_id, role, first_name, last_name, birth_date, custom_fields, gdpr_consent_signed, safety_rating, is_active) VALUES ('44444444-4444-4444-0025-00000001', 'a0e0a0e0-a0e0-a0e0-a0e0-a0e0a0e0a0e0', '11111111-1111-1111-1111-000000000025', 'child', 'Eva', 'KolДӮЛҮД№в„ўovДӮЛҮ', '2013-12-10', '{"relationship_to_foster_parent":"vnuГ„ЕӨka","foster_care_type":"C","avatar_url":"https://images.unsplash.com/photo-1544005313-94ddf0286df2?w=150","hobby":"PlavДӮЛҮnДӮВӯ","school":"ZД№В  Д№В kolnДӮВӯ Hostomice"}'::jsonb, true, 'C', true);
INSERT INTO public.persons (id, organization_id, household_id, role, first_name, last_name, birth_date, custom_fields, gdpr_consent_signed, safety_rating, is_active) VALUES ('55555555-5555-5555-0025-00000000', 'a0e0a0e0-a0e0-a0e0-a0e0-a0e0a0e0a0e0', '11111111-1111-1111-1111-000000000025', 'social_contact', 'Jaroslav', 'KuГ„ЕӨerovДӮЛҮ', '2010-11-23', '{"avatar_url":"https://images.unsplash.com/photo-1506794778202-cad84cf45f1d?w=150","relationship_to_child":"BiologickДӮЛқ syn"}'::jsonb, true, 'N', true);
INSERT INTO public.persons (id, organization_id, household_id, role, first_name, last_name, birth_date, custom_fields, gdpr_consent_signed, safety_rating, is_active) VALUES ('55555555-5555-5555-0025-00000001', 'a0e0a0e0-a0e0-a0e0-a0e0-a0e0a0e0a0e0', '11111111-1111-1111-1111-000000000025', 'social_contact', 'Jana', 'KuГ„ЕӨerovДӮЛҮ', '2020-04-26', '{"avatar_url":"https://images.unsplash.com/photo-1438761681033-6461ffad8d80?w=150","relationship_to_child":"BiologickДӮЛҮ dcera"}'::jsonb, true, 'N', true);
INSERT INTO public.persons (id, organization_id, household_id, role, first_name, last_name, birth_date, custom_fields, gdpr_consent_signed, safety_rating, is_active) VALUES ('55555555-5555-5555-0025-00000002', 'a0e0a0e0-a0e0-a0e0-a0e0-a0e0a0e0a0e0', '11111111-1111-1111-1111-000000000025', 'social_contact', 'Radim', 'KuГ„ЕӨerovДӮЛҮ', '2015-09-20', '{"avatar_url":"https://images.unsplash.com/photo-1506794778202-cad84cf45f1d?w=150","relationship_to_child":"BiologickДӮЛқ syn"}'::jsonb, true, 'N', true);
INSERT INTO public.persons (id, organization_id, household_id, role, first_name, last_name, birth_number, phone, gdpr_consent_signed, safety_rating, is_active) VALUES ('66666666-6666-6666-6666-000000000025', 'a0e0a0e0-a0e0-a0e0-a0e0-a0e0a0e0a0e0', '11111111-1111-1111-1111-000000000025', 'bio_parent', 'JiД№в„ўДӮВӯ', 'JelДӮВӯnek', '850305/2024', '+420743295695', false, 'C', true);
INSERT INTO public.events (id, organization_id, household_id, author_id, type, title, payload, occurred_at) VALUES ('77777777-7777-7777-0025-00000000', 'a0e0a0e0-a0e0-a0e0-a0e0-a0e0a0e0a0e0', '11111111-1111-1111-1111-000000000025', 'f1520cd2-38d3-49fc-a40b-e6c4524983c8', 'phone_call', 'TelefonickДӮЛқ kontakt s pГ„вҖәstounem', '{"content":"TelefonickДӮЛқ hovor s pГ„вҖәstounem. ProbДӮВӯrali jsme chovДӮЛҮnДӮВӯ dГ„вҖәtДӮВӯ ve Д№ЛҮkole a plДӮЛҮnovДӮЛҮnДӮВӯ letnДӮВӯch prДӮЛҮzdninovДӮЛқch aktivit.","summary":"TelefonДӮЛҮt ohlednГ„вҖә prДӮЛҮzdnin."}'::jsonb, '2026-05-10 22:27:09+02');
INSERT INTO public.events (id, organization_id, household_id, author_id, type, title, payload, occurred_at) VALUES ('77777777-7777-7777-0025-00000001', 'a0e0a0e0-a0e0-a0e0-a0e0-a0e0a0e0a0e0', '11111111-1111-1111-1111-000000000025', 'f1520cd2-38d3-49fc-a40b-e6c4524983c8', 'regular_visit', 'PravidelnДӮЛҮ pololetnДӮВӯ nДӮЛҮvД№ЛҮtГ„вҖәva', '{"content":"NДӮЛҮvД№ЛҮtГ„вҖәva v rodinГ„вҖә probГ„вҖәhla v poД№в„ўДӮЛҮdku. PГ„вҖәstoun Tereza KuГ„ЕӨerovДӮЛҮ vzornГ„вҖә spolupracuje, dГ„вҖәti se rozvДӮВӯjejДӮВӯ standardnГ„вҖә podle IPOD.","summary":"PololetnДӮВӯ nДӮЛҮvД№ЛҮtГ„вҖәva bez zjiД№ЛҮtГ„вҖәnДӮЛқch nedostatkД№Е»."}'::jsonb, '2026-03-25 22:27:09+02');

-- DomДӮЛҮcnost 27: FrantiД№ЛҮek KrДӮЛҮl (FF-025-PNU)
INSERT INTO public.households (id, organization_id, branch_id, assigned_ko_id, foster_id, status, notes) VALUES ('11111111-1111-1111-1111-000000000026', 'a0e0a0e0-a0e0-a0e0-a0e0-a0e0a0e0a0e0', 'b0b0b0b0-b0b0-b0b0-b0b0-b0b0b0b0b0b0', 'f1520cd2-38d3-49fc-a40b-e6c4524983c8', 'FF-025-PNU', 'active', 'PГ„вҖәstounskДӮЛҮ rodina: FrantiД№ЛҮek KrДӮЛҮl. DoprovДӮЛҮzДӮВӯ Anna MДӮЛҮlkovДӮЛҮ.');
INSERT INTO public.persons (id, organization_id, household_id, role, first_name, last_name, birth_date, custom_fields, is_active) VALUES ('22222222-2222-2222-2222-000000000026', 'a0e0a0e0-a0e0-a0e0-a0e0-a0e0a0e0a0e0', '11111111-1111-1111-1111-000000000026', 'foster_parent', 'FrantiД№ЛҮek', 'KrДӮЛҮl', '1968-03-21', '{"profession":"ZdravotnДӮВӯ sestra","foster_care_type":"A","avatar_url":"https://images.unsplash.com/photo-1500648767791-00dcc994a43e?w=150"}'::jsonb, true);
INSERT INTO public.person_addresses (id, person_id, type, street, city, zip, from_date) VALUES ('33333333-3333-3333-3333-000000000026', '22222222-2222-2222-2222-000000000026', 'actual', 'DlouhДӮЛҮ 83', 'ModД№в„ўice', '709 60', '2020-01-01');
INSERT INTO public.persons (id, organization_id, household_id, role, first_name, last_name, birth_date, custom_fields, gdpr_consent_signed, safety_rating, is_active) VALUES ('44444444-4444-4444-0026-00000000', 'a0e0a0e0-a0e0-a0e0-a0e0-a0e0a0e0a0e0', '11111111-1111-1111-1111-000000000026', 'child', 'Martina', 'DvoД№в„ўДӮЛҮkovДӮЛҮ', '2012-02-12', '{"foster_care_type":"A","avatar_url":"https://images.unsplash.com/photo-1534528741775-53994a69daeb?w=150","hobby":"Skaut","school":"ZД№В  Merhautova Brno"}'::jsonb, true, 'B', true);
INSERT INTO public.persons (id, organization_id, household_id, role, first_name, last_name, birth_date, custom_fields, gdpr_consent_signed, safety_rating, is_active) VALUES ('55555555-5555-5555-0026-00000000', 'a0e0a0e0-a0e0-a0e0-a0e0-a0e0a0e0a0e0', '11111111-1111-1111-1111-000000000026', 'social_contact', 'FrantiД№ЛҮek', 'KrДӮЛҮl', '2016-11-06', '{"avatar_url":"https://images.unsplash.com/photo-1501196354995-cbb51c65aaea?w=150","relationship_to_child":"BiologickДӮЛқ syn"}'::jsonb, true, 'N', true);
INSERT INTO public.persons (id, organization_id, household_id, role, first_name, last_name, birth_date, custom_fields, gdpr_consent_signed, safety_rating, is_active) VALUES ('55555555-5555-5555-0026-00000001', 'a0e0a0e0-a0e0-a0e0-a0e0-a0e0a0e0a0e0', '11111111-1111-1111-1111-000000000026', 'social_contact', 'VДӮЛҮclav', 'KrДӮЛҮl', '2014-06-06', '{"avatar_url":"https://images.unsplash.com/photo-1492562080023-ab3db95bfbce?w=150","relationship_to_child":"BiologickДӮЛқ syn"}'::jsonb, true, 'N', true);
INSERT INTO public.persons (id, organization_id, household_id, role, first_name, last_name, birth_date, custom_fields, gdpr_consent_signed, safety_rating, is_active) VALUES ('55555555-5555-5555-0026-00000002', 'a0e0a0e0-a0e0-a0e0-a0e0-a0e0a0e0a0e0', '11111111-1111-1111-1111-000000000026', 'social_contact', 'AdДӮВ©la', 'KrДӮЛҮl', '2021-06-26', '{"avatar_url":"https://images.unsplash.com/photo-1544005313-94ddf0286df2?w=150","relationship_to_child":"BiologickДӮЛҮ dcera"}'::jsonb, true, 'N', true);
INSERT INTO public.persons (id, organization_id, household_id, role, first_name, last_name, birth_number, phone, gdpr_consent_signed, safety_rating, is_active) VALUES ('66666666-6666-6666-6666-000000000026', 'a0e0a0e0-a0e0-a0e0-a0e0-a0e0a0e0a0e0', '11111111-1111-1111-1111-000000000026', 'bio_parent', 'JiД№в„ўДӮВӯ', 'VeselДӮЛқ', '850727/4030', '+420694881585', true, 'B', true);
INSERT INTO public.events (id, organization_id, household_id, author_id, type, title, payload, occurred_at) VALUES ('77777777-7777-7777-0026-00000000', 'a0e0a0e0-a0e0-a0e0-a0e0-a0e0a0e0a0e0', '11111111-1111-1111-1111-000000000026', 'f1520cd2-38d3-49fc-a40b-e6c4524983c8', 'crisis_event', 'Incident / PoruД№ЛҮenДӮВӯ pravidel', '{"content":"HlДӮЛҮД№ЛҮen drobnДӮЛқ incident v rodinГ„вҖә: neshody ve Д№ЛҮkole ohlednГ„вҖә prospГ„вҖәchu. KlДӮВӯГ„ЕӨovДӮЛҮ osoba naplДӮЛҮnovala spoleГ„ЕӨnДӮВ© jednДӮЛҮnДӮВӯ s tД№в„ўДӮВӯdnДӮВӯm uГ„ЕӨitelem.","summary":"Д№ВҳeД№ЛҮenДӮВӯ studijnДӮВӯch problДӮВ©mД№Е»."}'::jsonb, '2026-05-05 22:27:09+02');
INSERT INTO public.events (id, organization_id, household_id, author_id, type, title, payload, occurred_at) VALUES ('77777777-7777-7777-0026-00000001', 'a0e0a0e0-a0e0-a0e0-a0e0-a0e0a0e0a0e0', '11111111-1111-1111-1111-000000000026', 'f1520cd2-38d3-49fc-a40b-e6c4524983c8', 'regular_visit', 'PravidelnДӮЛҮ pololetnДӮВӯ nДӮЛҮvД№ЛҮtГ„вҖәva', '{"content":"NДӮЛҮvД№ЛҮtГ„вҖәva v rodinГ„вҖә probГ„вҖәhla v poД№в„ўДӮЛҮdku. PГ„вҖәstoun FrantiД№ЛҮek KrДӮЛҮl vzornГ„вҖә spolupracuje, dГ„вҖәti se rozvДӮВӯjejДӮВӯ standardnГ„вҖә podle IPOD.","summary":"PololetnДӮВӯ nДӮЛҮvД№ЛҮtГ„вҖәva bez zjiД№ЛҮtГ„вҖәnДӮЛқch nedostatkД№Е»."}'::jsonb, '2026-04-09 22:27:09+02');

-- DomДӮЛҮcnost 28: AleД№ЛҮ PokornДӮЛқ (FF-443-HTD)
INSERT INTO public.households (id, organization_id, branch_id, assigned_ko_id, foster_id, status, notes) VALUES ('11111111-1111-1111-1111-000000000027', 'a0e0a0e0-a0e0-a0e0-a0e0-a0e0a0e0a0e0', 'b0b0b0b0-b0b0-b0b0-b0b0-b0b0b0b0b0b0', 'f1520cd2-38d3-49fc-a40b-e6c4524983c8', 'FF-443-HTD', 'active', 'PГ„вҖәstounskДӮЛҮ rodina: AleД№ЛҮ PokornДӮЛқ. DoprovДӮЛҮzДӮВӯ Anna MДӮЛҮlkovДӮЛҮ.');
INSERT INTO public.persons (id, organization_id, household_id, role, first_name, last_name, birth_date, custom_fields, is_active) VALUES ('22222222-2222-2222-2222-000000000027', 'a0e0a0e0-a0e0-a0e0-a0e0-a0e0a0e0a0e0', '11111111-1111-1111-1111-000000000027', 'foster_parent', 'AleД№ЛҮ', 'PokornДӮЛқ', '1974-01-18', '{"profession":"StavebnДӮВӯ inД№ДҫenДӮЛқr","foster_care_type":"A","avatar_url":"https://images.unsplash.com/photo-1519085360753-af0119f7cbe7?w=150"}'::jsonb, true);
INSERT INTO public.person_addresses (id, person_id, type, street, city, zip, from_date) VALUES ('33333333-3333-3333-3333-000000000027', '22222222-2222-2222-2222-000000000027', 'actual', 'ZahradnДӮВӯ 113', 'Hostomice', '231 79', '2020-01-01');
INSERT INTO public.persons (id, organization_id, household_id, role, first_name, last_name, birth_date, custom_fields, gdpr_consent_signed, safety_rating, is_active) VALUES ('44444444-4444-4444-0027-00000000', 'a0e0a0e0-a0e0-a0e0-a0e0-a0e0a0e0a0e0', '11111111-1111-1111-1111-000000000027', 'child', 'VГ„вҖәra', 'KolДӮЛҮД№в„ўovДӮЛҮ', '2015-06-11', '{"foster_care_type":"A","avatar_url":"https://images.unsplash.com/photo-1488426862026-3ee34a7d66df?w=150","hobby":"Д№В achy","school":"ZД№В  KД№в„ўДӮВӯdlovickДӮЛҮ Brno"}'::jsonb, true, 'C', true);
INSERT INTO public.persons (id, organization_id, household_id, role, first_name, last_name, birth_date, custom_fields, gdpr_consent_signed, safety_rating, is_active) VALUES ('55555555-5555-5555-0027-00000000', 'a0e0a0e0-a0e0-a0e0-a0e0-a0e0a0e0a0e0', '11111111-1111-1111-1111-000000000027', 'social_contact', 'Michaela', 'PokornДӮЛқ', '2007-09-20', '{"avatar_url":"https://images.unsplash.com/photo-1438761681033-6461ffad8d80?w=150","relationship_to_child":"BiologickДӮЛҮ dcera"}'::jsonb, true, 'N', true);
INSERT INTO public.persons (id, organization_id, household_id, role, first_name, last_name, birth_date, custom_fields, gdpr_consent_signed, safety_rating, is_active) VALUES ('55555555-5555-5555-0027-00000001', 'a0e0a0e0-a0e0-a0e0-a0e0-a0e0a0e0a0e0', '11111111-1111-1111-1111-000000000027', 'social_contact', 'AleД№ЛҮ', 'PokornДӮЛқ', '2017-09-12', '{"avatar_url":"https://images.unsplash.com/photo-1500648767791-00dcc994a43e?w=150","relationship_to_child":"BiologickДӮЛқ syn"}'::jsonb, true, 'N', true);
INSERT INTO public.persons (id, organization_id, household_id, role, first_name, last_name, birth_date, custom_fields, gdpr_consent_signed, safety_rating, is_active) VALUES ('55555555-5555-5555-0027-00000002', 'a0e0a0e0-a0e0-a0e0-a0e0-a0e0a0e0a0e0', '11111111-1111-1111-1111-000000000027', 'social_contact', 'Josef', 'PokornДӮЛқ', '2007-11-04', '{"avatar_url":"https://images.unsplash.com/photo-1492562080023-ab3db95bfbce?w=150","relationship_to_child":"BiologickДӮЛқ syn"}'::jsonb, true, 'N', true);
INSERT INTO public.persons (id, organization_id, household_id, role, first_name, last_name, birth_number, phone, gdpr_consent_signed, safety_rating, is_active) VALUES ('66666666-6666-6666-6666-000000000027', 'a0e0a0e0-a0e0-a0e0-a0e0-a0e0a0e0a0e0', '11111111-1111-1111-1111-000000000027', 'bio_parent', 'Filip', 'JelДӮВӯnek', '871115/4672', '+420765639017', true, 'B', true);
INSERT INTO public.events (id, organization_id, household_id, author_id, type, title, payload, occurred_at) VALUES ('77777777-7777-7777-0027-00000000', 'a0e0a0e0-a0e0-a0e0-a0e0-a0e0a0e0a0e0', '11111111-1111-1111-1111-000000000027', 'f1520cd2-38d3-49fc-a40b-e6c4524983c8', 'crisis_event', 'Incident / PoruД№ЛҮenДӮВӯ pravidel', '{"content":"HlДӮЛҮД№ЛҮen drobnДӮЛқ incident v rodinГ„вҖә: neshody ve Д№ЛҮkole ohlednГ„вҖә prospГ„вҖәchu. KlДӮВӯГ„ЕӨovДӮЛҮ osoba naplДӮЛҮnovala spoleГ„ЕӨnДӮВ© jednДӮЛҮnДӮВӯ s tД№в„ўДӮВӯdnДӮВӯm uГ„ЕӨitelem.","summary":"Д№ВҳeД№ЛҮenДӮВӯ studijnДӮВӯch problДӮВ©mД№Е»."}'::jsonb, '2026-03-24 22:27:09+02');
INSERT INTO public.events (id, organization_id, household_id, author_id, type, title, payload, occurred_at) VALUES ('77777777-7777-7777-0027-00000001', 'a0e0a0e0-a0e0-a0e0-a0e0-a0e0a0e0a0e0', '11111111-1111-1111-1111-000000000027', 'f1520cd2-38d3-49fc-a40b-e6c4524983c8', 'crisis_event', 'Incident / PoruД№ЛҮenДӮВӯ pravidel', '{"content":"HlДӮЛҮД№ЛҮen drobnДӮЛқ incident v rodinГ„вҖә: neshody ve Д№ЛҮkole ohlednГ„вҖә prospГ„вҖәchu. KlДӮВӯГ„ЕӨovДӮЛҮ osoba naplДӮЛҮnovala spoleГ„ЕӨnДӮВ© jednДӮЛҮnДӮВӯ s tД№в„ўДӮВӯdnДӮВӯm uГ„ЕӨitelem.","summary":"Д№ВҳeД№ЛҮenДӮВӯ studijnДӮВӯch problДӮВ©mД№Е»."}'::jsonb, '2026-04-11 22:27:09+02');

-- DomДӮЛҮcnost 29: Lucie DvoД№в„ўДӮЛҮkovДӮЛҮ (FF-151-HAZ)
INSERT INTO public.households (id, organization_id, branch_id, assigned_ko_id, foster_id, status, notes) VALUES ('11111111-1111-1111-1111-000000000028', 'a0e0a0e0-a0e0-a0e0-a0e0-a0e0a0e0a0e0', 'b0b0b0b0-b0b0-b0b0-b0b0-b0b0b0b0b0b0', 'f1520cd2-38d3-49fc-a40b-e6c4524983c8', 'FF-151-HAZ', 'active', 'PГ„вҖәstounskДӮЛҮ rodina: Lucie DvoД№в„ўДӮЛҮkovДӮЛҮ. DoprovДӮЛҮzДӮВӯ Anna MДӮЛҮlkovДӮЛҮ.');
INSERT INTO public.persons (id, organization_id, household_id, role, first_name, last_name, birth_date, custom_fields, is_active) VALUES ('22222222-2222-2222-2222-000000000028', 'a0e0a0e0-a0e0-a0e0-a0e0-a0e0a0e0a0e0', '11111111-1111-1111-1111-000000000028', 'foster_parent', 'Lucie', 'DvoД№в„ўДӮЛҮkovДӮЛҮ', '1991-06-07', '{"profession":"DД№Е»chodce","foster_care_type":"B","avatar_url":"https://images.unsplash.com/photo-1438761681033-6461ffad8d80?w=150"}'::jsonb, true);
INSERT INTO public.person_addresses (id, person_id, type, street, city, zip, from_date) VALUES ('33333333-3333-3333-3333-000000000028', '22222222-2222-2222-2222-000000000028', 'actual', 'Husova 117', 'Slavkov u Brna', '745 13', '2020-01-01');
INSERT INTO public.persons (id, organization_id, household_id, role, first_name, last_name, birth_date, custom_fields, gdpr_consent_signed, safety_rating, is_active) VALUES ('44444444-4444-4444-0028-00000000', 'a0e0a0e0-a0e0-a0e0-a0e0-a0e0a0e0a0e0', '11111111-1111-1111-1111-000000000028', 'child', 'LukДӮЛҮД№ЛҮ', 'BeneД№ЛҮ', '2019-10-11', '{"foster_care_type":"B","avatar_url":"https://images.unsplash.com/photo-1492562080023-ab3db95bfbce?w=150","hobby":"Keramika","school":"ZД№В  ДӮЕЎvoz Brno"}'::jsonb, true, 'B', true);
INSERT INTO public.persons (id, organization_id, household_id, role, first_name, last_name, birth_date, custom_fields, gdpr_consent_signed, safety_rating, is_active) VALUES ('55555555-5555-5555-0028-00000000', 'a0e0a0e0-a0e0-a0e0-a0e0-a0e0a0e0a0e0', '11111111-1111-1111-1111-000000000028', 'social_contact', 'Alena', 'DvoД№в„ўДӮЛҮkovДӮЛҮ', '2011-12-07', '{"avatar_url":"https://images.unsplash.com/photo-1494790108377-be9c29b29330?w=150","relationship_to_child":"BiologickДӮЛҮ dcera"}'::jsonb, true, 'N', true);
INSERT INTO public.persons (id, organization_id, household_id, role, first_name, last_name, birth_date, custom_fields, gdpr_consent_signed, safety_rating, is_active) VALUES ('55555555-5555-5555-0028-00000001', 'a0e0a0e0-a0e0-a0e0-a0e0-a0e0a0e0a0e0', '11111111-1111-1111-1111-000000000028', 'social_contact', 'Pavel', 'DvoД№в„ўДӮЛҮkovДӮЛҮ', '2009-12-07', '{"avatar_url":"https://images.unsplash.com/photo-1492562080023-ab3db95bfbce?w=150","relationship_to_child":"BiologickДӮЛқ syn"}'::jsonb, true, 'N', true);
INSERT INTO public.persons (id, organization_id, household_id, role, first_name, last_name, birth_number, phone, gdpr_consent_signed, safety_rating, is_active) VALUES ('66666666-6666-6666-6666-000000000028', 'a0e0a0e0-a0e0-a0e0-a0e0-a0e0a0e0a0e0', '11111111-1111-1111-1111-000000000028', 'bio_parent', 'Miroslav', 'VeselДӮЛқ', '900626/7432', '+420699113164', true, 'B', true);
INSERT INTO public.events (id, organization_id, household_id, author_id, type, title, payload, occurred_at) VALUES ('77777777-7777-7777-0028-00000000', 'a0e0a0e0-a0e0-a0e0-a0e0-a0e0a0e0a0e0', '11111111-1111-1111-1111-000000000028', 'f1520cd2-38d3-49fc-a40b-e6c4524983c8', 'regular_visit', 'PravidelnДӮЛҮ pololetnДӮВӯ nДӮЛҮvД№ЛҮtГ„вҖәva', '{"content":"NДӮЛҮvД№ЛҮtГ„вҖәva v rodinГ„вҖә probГ„вҖәhla v poД№в„ўДӮЛҮdku. PГ„вҖәstoun Lucie DvoД№в„ўДӮЛҮkovДӮЛҮ vzornГ„вҖә spolupracuje, dГ„вҖәti se rozvДӮВӯjejДӮВӯ standardnГ„вҖә podle IPOD.","summary":"PololetnДӮВӯ nДӮЛҮvД№ЛҮtГ„вҖәva bez zjiД№ЛҮtГ„вҖәnДӮЛқch nedostatkД№Е»."}'::jsonb, '2026-06-04 22:27:09+02');
INSERT INTO public.events (id, organization_id, household_id, author_id, type, title, payload, occurred_at) VALUES ('77777777-7777-7777-0028-00000001', 'a0e0a0e0-a0e0-a0e0-a0e0-a0e0a0e0a0e0', '11111111-1111-1111-1111-000000000028', 'f1520cd2-38d3-49fc-a40b-e6c4524983c8', 'crisis_event', 'Incident / PoruД№ЛҮenДӮВӯ pravidel', '{"content":"HlДӮЛҮД№ЛҮen drobnДӮЛқ incident v rodinГ„вҖә: neshody ve Д№ЛҮkole ohlednГ„вҖә prospГ„вҖәchu. KlДӮВӯГ„ЕӨovДӮЛҮ osoba naplДӮЛҮnovala spoleГ„ЕӨnДӮВ© jednДӮЛҮnДӮВӯ s tД№в„ўДӮВӯdnДӮВӯm uГ„ЕӨitelem.","summary":"Д№ВҳeД№ЛҮenДӮВӯ studijnДӮВӯch problДӮВ©mД№Е»."}'::jsonb, '2026-04-18 22:27:09+02');

-- DomДӮЛҮcnost 30: Martina BeneД№ЛҮovДӮЛҮ (FF-988-BFN)
INSERT INTO public.households (id, organization_id, branch_id, assigned_ko_id, foster_id, status, notes) VALUES ('11111111-1111-1111-1111-000000000029', 'a0e0a0e0-a0e0-a0e0-a0e0-a0e0a0e0a0e0', 'b0b0b0b0-b0b0-b0b0-b0b0-b0b0b0b0b0b0', 'f1520cd2-38d3-49fc-a40b-e6c4524983c8', 'FF-988-BFN', 'active', 'PГ„вҖәstounskДӮЛҮ rodina: Martina BeneД№ЛҮovДӮЛҮ. DoprovДӮЛҮzДӮВӯ Anna MДӮЛҮlkovДӮЛҮ.');
INSERT INTO public.persons (id, organization_id, household_id, role, first_name, last_name, birth_date, custom_fields, is_active) VALUES ('22222222-2222-2222-2222-000000000029', 'a0e0a0e0-a0e0-a0e0-a0e0-a0e0a0e0a0e0', '11111111-1111-1111-1111-000000000029', 'foster_parent', 'Martina', 'BeneД№ЛҮovДӮЛҮ', '1976-01-12', '{"profession":"ДӮЕЎГ„ЕӨetnДӮВӯ","foster_care_type":"B","avatar_url":"https://images.unsplash.com/photo-1534528741775-53994a69daeb?w=150"}'::jsonb, true);
INSERT INTO public.person_addresses (id, person_id, type, street, city, zip, from_date) VALUES ('33333333-3333-3333-3333-000000000029', '22222222-2222-2222-2222-000000000029', 'actual', 'Merhautova 58', 'Hostomice', '367 66', '2020-01-01');
INSERT INTO public.persons (id, organization_id, household_id, role, first_name, last_name, birth_date, custom_fields, gdpr_consent_signed, safety_rating, is_active) VALUES ('44444444-4444-4444-0029-00000000', 'a0e0a0e0-a0e0-a0e0-a0e0-a0e0a0e0a0e0', '11111111-1111-1111-1111-000000000029', 'child', 'Lenka', 'KrДӮЛҮlovДӮЛҮ', '2021-02-12', '{"foster_care_type":"B","avatar_url":"https://images.unsplash.com/photo-1517841905240-472988babdf9?w=150","hobby":"Г„ЕҡtenДӮВӯ","school":"ZД№В  KД№в„ўДӮВӯdlovickДӮЛҮ Brno"}'::jsonb, true, 'B', true);
INSERT INTO public.persons (id, organization_id, household_id, role, first_name, last_name, birth_date, custom_fields, gdpr_consent_signed, safety_rating, is_active) VALUES ('55555555-5555-5555-0029-00000000', 'a0e0a0e0-a0e0-a0e0-a0e0-a0e0a0e0a0e0', '11111111-1111-1111-1111-000000000029', 'social_contact', 'Michal', 'BeneД№ЛҮovДӮЛҮ', '2005-10-23', '{"avatar_url":"https://images.unsplash.com/photo-1501196354995-cbb51c65aaea?w=150","relationship_to_child":"BiologickДӮЛқ syn"}'::jsonb, true, 'N', true);
INSERT INTO public.persons (id, organization_id, household_id, role, first_name, last_name, birth_date, custom_fields, gdpr_consent_signed, safety_rating, is_active) VALUES ('55555555-5555-5555-0029-00000001', 'a0e0a0e0-a0e0-a0e0-a0e0-a0e0a0e0a0e0', '11111111-1111-1111-1111-000000000029', 'social_contact', 'Lucie', 'BeneД№ЛҮovДӮЛҮ', '2005-09-18', '{"avatar_url":"https://images.unsplash.com/photo-1488426862026-3ee34a7d66df?w=150","relationship_to_child":"BiologickДӮЛҮ dcera"}'::jsonb, true, 'N', true);
INSERT INTO public.persons (id, organization_id, household_id, role, first_name, last_name, birth_number, phone, gdpr_consent_signed, safety_rating, is_active) VALUES ('66666666-6666-6666-6666-000000000029', 'a0e0a0e0-a0e0-a0e0-a0e0-a0e0a0e0a0e0', '11111111-1111-1111-1111-000000000029', 'bio_parent', 'AdДӮВ©la', 'PokornДӮЛҮ', '910911/3015', '+420685291742', false, 'B', true);
INSERT INTO public.events (id, organization_id, household_id, author_id, type, title, payload, occurred_at) VALUES ('77777777-7777-7777-0029-00000000', 'a0e0a0e0-a0e0-a0e0-a0e0-a0e0a0e0a0e0', '11111111-1111-1111-1111-000000000029', 'f1520cd2-38d3-49fc-a40b-e6c4524983c8', 'regular_visit', 'PravidelnДӮЛҮ pololetnДӮВӯ nДӮЛҮvД№ЛҮtГ„вҖәva', '{"content":"NДӮЛҮvД№ЛҮtГ„вҖәva v rodinГ„вҖә probГ„вҖәhla v poД№в„ўДӮЛҮdku. PГ„вҖәstoun Martina BeneД№ЛҮovДӮЛҮ vzornГ„вҖә spolupracuje, dГ„вҖәti se rozvДӮВӯjejДӮВӯ standardnГ„вҖә podle IPOD.","summary":"PololetnДӮВӯ nДӮЛҮvД№ЛҮtГ„вҖәva bez zjiД№ЛҮtГ„вҖәnДӮЛқch nedostatkД№Е»."}'::jsonb, '2026-06-12 22:27:09+02');

-- DomДӮЛҮcnost 31: AdДӮВ©la KuГ„ЕӨerovДӮЛҮ (FF-347-NST)
INSERT INTO public.households (id, organization_id, branch_id, assigned_ko_id, foster_id, status, notes) VALUES ('11111111-1111-1111-1111-000000000030', 'a0e0a0e0-a0e0-a0e0-a0e0-a0e0a0e0a0e0', 'b0b0b0b0-b0b0-b0b0-b0b0-b0b0b0b0b0b0', 'f1520cd2-38d3-49fc-a40b-e6c4524983c8', 'FF-347-NST', 'active', 'PГ„вҖәstounskДӮЛҮ rodina: AdДӮВ©la KuГ„ЕӨerovДӮЛҮ. DoprovДӮЛҮzДӮВӯ Anna MДӮЛҮlkovДӮЛҮ.');
INSERT INTO public.persons (id, organization_id, household_id, role, first_name, last_name, birth_date, custom_fields, is_active) VALUES ('22222222-2222-2222-2222-000000000030', 'a0e0a0e0-a0e0-a0e0-a0e0-a0e0a0e0a0e0', '11111111-1111-1111-1111-000000000030', 'foster_parent', 'AdДӮВ©la', 'KuГ„ЕӨerovДӮЛҮ', '1971-06-25', '{"profession":"Podnikatel","foster_care_type":"C","avatar_url":"https://images.unsplash.com/photo-1494790108377-be9c29b29330?w=150","relationship_to_child":"babiГ„ЕӨka"}'::jsonb, true);
INSERT INTO public.person_addresses (id, person_id, type, street, city, zip, from_date) VALUES ('33333333-3333-3333-3333-000000000030', '22222222-2222-2222-2222-000000000030', 'actual', 'PekaД№в„ўskДӮЛҮ 82', 'Blansko', '798 31', '2020-01-01');
INSERT INTO public.persons (id, organization_id, household_id, role, first_name, last_name, birth_date, custom_fields, gdpr_consent_signed, safety_rating, is_active) VALUES ('44444444-4444-4444-0030-00000000', 'a0e0a0e0-a0e0-a0e0-a0e0-a0e0a0e0a0e0', '11111111-1111-1111-1111-000000000030', 'child', 'Hana', 'SvobodovДӮЛҮ', '2013-10-09', '{"relationship_to_foster_parent":"vnuГ„ЕӨka","foster_care_type":"C","avatar_url":"https://images.unsplash.com/photo-1544005313-94ddf0286df2?w=150","hobby":"ModelДӮЛҮД№в„ўstvДӮВӯ","school":"ZД№В  Merhautova Brno"}'::jsonb, true, 'A', true);
INSERT INTO public.persons (id, organization_id, household_id, role, first_name, last_name, birth_date, custom_fields, gdpr_consent_signed, safety_rating, is_active) VALUES ('55555555-5555-5555-0030-00000000', 'a0e0a0e0-a0e0-a0e0-a0e0-a0e0a0e0a0e0', '11111111-1111-1111-1111-000000000030', 'social_contact', 'Veronika', 'KuГ„ЕӨerovДӮЛҮ', '2012-08-24', '{"avatar_url":"https://images.unsplash.com/photo-1488426862026-3ee34a7d66df?w=150","relationship_to_child":"BiologickДӮЛҮ dcera"}'::jsonb, true, 'N', true);
INSERT INTO public.persons (id, organization_id, household_id, role, first_name, last_name, birth_date, custom_fields, gdpr_consent_signed, safety_rating, is_active) VALUES ('55555555-5555-5555-0030-00000001', 'a0e0a0e0-a0e0-a0e0-a0e0-a0e0a0e0a0e0', '11111111-1111-1111-1111-000000000030', 'social_contact', 'Hana', 'KuГ„ЕӨerovДӮЛҮ', '2019-06-24', '{"avatar_url":"https://images.unsplash.com/photo-1517841905240-472988babdf9?w=150","relationship_to_child":"BiologickДӮЛҮ dcera"}'::jsonb, true, 'N', true);
INSERT INTO public.persons (id, organization_id, household_id, role, first_name, last_name, birth_date, custom_fields, gdpr_consent_signed, safety_rating, is_active) VALUES ('55555555-5555-5555-0030-00000002', 'a0e0a0e0-a0e0-a0e0-a0e0-a0e0a0e0a0e0', '11111111-1111-1111-1111-000000000030', 'social_contact', 'FrantiД№ЛҮek', 'KuГ„ЕӨerovДӮЛҮ', '2017-04-07', '{"avatar_url":"https://images.unsplash.com/photo-1501196354995-cbb51c65aaea?w=150","relationship_to_child":"BiologickДӮЛқ syn"}'::jsonb, true, 'N', true);
INSERT INTO public.persons (id, organization_id, household_id, role, first_name, last_name, birth_number, phone, gdpr_consent_signed, safety_rating, is_active) VALUES ('66666666-6666-6666-6666-000000000030', 'a0e0a0e0-a0e0-a0e0-a0e0-a0e0a0e0a0e0', '11111111-1111-1111-1111-000000000030', 'bio_parent', 'KateД№в„ўina', 'MarkovДӮЛҮ', '751226/7708', '+420688518738', false, 'B', true);
INSERT INTO public.events (id, organization_id, household_id, author_id, type, title, payload, occurred_at) VALUES ('77777777-7777-7777-0030-00000000', 'a0e0a0e0-a0e0-a0e0-a0e0-a0e0a0e0a0e0', '11111111-1111-1111-1111-000000000030', 'f1520cd2-38d3-49fc-a40b-e6c4524983c8', 'phone_call', 'TelefonickДӮЛқ kontakt s pГ„вҖәstounem', '{"content":"TelefonickДӮЛқ hovor s pГ„вҖәstounem. ProbДӮВӯrali jsme chovДӮЛҮnДӮВӯ dГ„вҖәtДӮВӯ ve Д№ЛҮkole a plДӮЛҮnovДӮЛҮnДӮВӯ letnДӮВӯch prДӮЛҮzdninovДӮЛқch aktivit.","summary":"TelefonДӮЛҮt ohlednГ„вҖә prДӮЛҮzdnin."}'::jsonb, '2026-04-11 22:27:09+02');
INSERT INTO public.events (id, organization_id, household_id, author_id, type, title, payload, occurred_at) VALUES ('77777777-7777-7777-0030-00000001', 'a0e0a0e0-a0e0-a0e0-a0e0-a0e0a0e0a0e0', '11111111-1111-1111-1111-000000000030', 'f1520cd2-38d3-49fc-a40b-e6c4524983c8', 'phone_call', 'TelefonickДӮЛқ kontakt s pГ„вҖәstounem', '{"content":"TelefonickДӮЛқ hovor s pГ„вҖәstounem. ProbДӮВӯrali jsme chovДӮЛҮnДӮВӯ dГ„вҖәtДӮВӯ ve Д№ЛҮkole a plДӮЛҮnovДӮЛҮnДӮВӯ letnДӮВӯch prДӮЛҮzdninovДӮЛқch aktivit.","summary":"TelefonДӮЛҮt ohlednГ„вҖә prДӮЛҮzdnin."}'::jsonb, '2026-05-19 22:27:09+02');

-- DomДӮЛҮcnost 32: AleД№ЛҮ VeselДӮЛқ (FF-252-ENB)
INSERT INTO public.households (id, organization_id, branch_id, assigned_ko_id, foster_id, status, notes) VALUES ('11111111-1111-1111-1111-000000000031', 'a0e0a0e0-a0e0-a0e0-a0e0-a0e0a0e0a0e0', 'b0b0b0b0-b0b0-b0b0-b0b0-b0b0b0b0b0b0', 'f1520cd2-38d3-49fc-a40b-e6c4524983c8', 'FF-252-ENB', 'active', 'PГ„вҖәstounskДӮЛҮ rodina: AleД№ЛҮ VeselДӮЛқ. DoprovДӮЛҮzДӮВӯ Anna MДӮЛҮlkovДӮЛҮ.');
INSERT INTO public.persons (id, organization_id, household_id, role, first_name, last_name, birth_date, custom_fields, is_active) VALUES ('22222222-2222-2222-2222-000000000031', 'a0e0a0e0-a0e0-a0e0-a0e0-a0e0a0e0a0e0', '11111111-1111-1111-1111-000000000031', 'foster_parent', 'AleД№ЛҮ', 'VeselДӮЛқ', '1987-11-26', '{"profession":"StavebnДӮВӯ inД№ДҫenДӮЛқr","foster_care_type":"B","avatar_url":"https://images.unsplash.com/photo-1519085360753-af0119f7cbe7?w=150"}'::jsonb, true);
INSERT INTO public.person_addresses (id, person_id, type, street, city, zip, from_date) VALUES ('33333333-3333-3333-3333-000000000031', '22222222-2222-2222-2222-000000000031', 'actual', 'ZahradnДӮВӯ 44', 'TiД№ЛҮnov', '203 99', '2020-01-01');
INSERT INTO public.persons (id, organization_id, household_id, role, first_name, last_name, birth_date, custom_fields, gdpr_consent_signed, safety_rating, is_active) VALUES ('44444444-4444-4444-0031-00000000', 'a0e0a0e0-a0e0-a0e0-a0e0-a0e0a0e0a0e0', '11111111-1111-1111-1111-000000000031', 'child', 'Michal', 'RД№Е»Д№ДҫiГ„ЕӨka', '2016-04-18', '{"foster_care_type":"B","avatar_url":"https://images.unsplash.com/photo-1519085360753-af0119f7cbe7?w=150","hobby":"Г„ЕҡtenДӮВӯ","school":"GymnДӮЛҮzium Elgartova Brno"}'::jsonb, true, 'A', true);
INSERT INTO public.persons (id, organization_id, household_id, role, first_name, last_name, birth_date, custom_fields, gdpr_consent_signed, safety_rating, is_active) VALUES ('55555555-5555-5555-0031-00000000', 'a0e0a0e0-a0e0-a0e0-a0e0-a0e0a0e0a0e0', '11111111-1111-1111-1111-000000000031', 'social_contact', 'AdДӮВ©la', 'VeselДӮЛқ', '2013-12-23', '{"avatar_url":"https://images.unsplash.com/photo-1438761681033-6461ffad8d80?w=150","relationship_to_child":"BiologickДӮЛҮ dcera"}'::jsonb, true, 'N', true);
INSERT INTO public.persons (id, organization_id, household_id, role, first_name, last_name, birth_date, custom_fields, gdpr_consent_signed, safety_rating, is_active) VALUES ('55555555-5555-5555-0031-00000001', 'a0e0a0e0-a0e0-a0e0-a0e0-a0e0a0e0a0e0', '11111111-1111-1111-1111-000000000031', 'social_contact', 'KateД№в„ўina', 'VeselДӮЛқ', '2011-04-10', '{"avatar_url":"https://images.unsplash.com/photo-1517841905240-472988babdf9?w=150","relationship_to_child":"BiologickДӮЛҮ dcera"}'::jsonb, true, 'N', true);
INSERT INTO public.persons (id, organization_id, household_id, role, first_name, last_name, birth_date, custom_fields, gdpr_consent_signed, safety_rating, is_active) VALUES ('55555555-5555-5555-0031-00000002', 'a0e0a0e0-a0e0-a0e0-a0e0-a0e0a0e0a0e0', '11111111-1111-1111-1111-000000000031', 'social_contact', 'Pavel', 'VeselДӮЛқ', '2017-05-17', '{"avatar_url":"https://images.unsplash.com/photo-1507003211169-0a1dd7228f2d?w=150","relationship_to_child":"BiologickДӮЛқ syn"}'::jsonb, true, 'N', true);
INSERT INTO public.persons (id, organization_id, household_id, role, first_name, last_name, birth_number, phone, gdpr_consent_signed, safety_rating, is_active) VALUES ('66666666-6666-6666-6666-000000000031', 'a0e0a0e0-a0e0-a0e0-a0e0-a0e0a0e0a0e0', '11111111-1111-1111-1111-000000000031', 'bio_parent', 'Jana', 'SvobodovДӮЛҮ', '961023/1205', '+420700899810', true, 'B', true);
INSERT INTO public.events (id, organization_id, household_id, author_id, type, title, payload, occurred_at) VALUES ('77777777-7777-7777-0031-00000000', 'a0e0a0e0-a0e0-a0e0-a0e0-a0e0a0e0a0e0', '11111111-1111-1111-1111-000000000031', 'f1520cd2-38d3-49fc-a40b-e6c4524983c8', 'regular_visit', 'PravidelnДӮЛҮ pololetnДӮВӯ nДӮЛҮvД№ЛҮtГ„вҖәva', '{"content":"NДӮЛҮvД№ЛҮtГ„вҖәva v rodinГ„вҖә probГ„вҖәhla v poД№в„ўДӮЛҮdku. PГ„вҖәstoun AleД№ЛҮ VeselДӮЛқ vzornГ„вҖә spolupracuje, dГ„вҖәti se rozvДӮВӯjejДӮВӯ standardnГ„вҖә podle IPOD.","summary":"PololetnДӮВӯ nДӮЛҮvД№ЛҮtГ„вҖәva bez zjiД№ЛҮtГ„вҖәnДӮЛқch nedostatkД№Е»."}'::jsonb, '2026-05-07 22:27:09+02');
INSERT INTO public.events (id, organization_id, household_id, author_id, type, title, payload, occurred_at) VALUES ('77777777-7777-7777-0031-00000001', 'a0e0a0e0-a0e0-a0e0-a0e0-a0e0a0e0a0e0', '11111111-1111-1111-1111-000000000031', 'f1520cd2-38d3-49fc-a40b-e6c4524983c8', 'phone_call', 'TelefonickДӮЛқ kontakt s pГ„вҖәstounem', '{"content":"TelefonickДӮЛқ hovor s pГ„вҖәstounem. ProbДӮВӯrali jsme chovДӮЛҮnДӮВӯ dГ„вҖәtДӮВӯ ve Д№ЛҮkole a plДӮЛҮnovДӮЛҮnДӮВӯ letnДӮВӯch prДӮЛҮzdninovДӮЛқch aktivit.","summary":"TelefonДӮЛҮt ohlednГ„вҖә prДӮЛҮzdnin."}'::jsonb, '2026-04-26 22:27:09+02');

-- DomДӮЛҮcnost 33: LukДӮЛҮД№ЛҮ BeneД№ЛҮ (FF-717-WFT)
INSERT INTO public.households (id, organization_id, branch_id, assigned_ko_id, foster_id, status, notes) VALUES ('11111111-1111-1111-1111-000000000032', 'a0e0a0e0-a0e0-a0e0-a0e0-a0e0a0e0a0e0', 'b0b0b0b0-b0b0-b0b0-b0b0-b0b0b0b0b0b0', 'f1520cd2-38d3-49fc-a40b-e6c4524983c8', 'FF-717-WFT', 'active', 'PГ„вҖәstounskДӮЛҮ rodina: LukДӮЛҮД№ЛҮ BeneД№ЛҮ. DoprovДӮЛҮzДӮВӯ Anna MДӮЛҮlkovДӮЛҮ.');
INSERT INTO public.persons (id, organization_id, household_id, role, first_name, last_name, birth_date, custom_fields, is_active) VALUES ('22222222-2222-2222-2222-000000000032', 'a0e0a0e0-a0e0-a0e0-a0e0-a0e0a0e0a0e0', '11111111-1111-1111-1111-000000000032', 'foster_parent', 'LukДӮЛҮД№ЛҮ', 'BeneД№ЛҮ', '1979-04-10', '{"profession":"DД№Е»chodce","foster_care_type":"B","avatar_url":"https://images.unsplash.com/photo-1500648767791-00dcc994a43e?w=150"}'::jsonb, true);
INSERT INTO public.person_addresses (id, person_id, type, street, city, zip, from_date) VALUES ('33333333-3333-3333-3333-000000000032', '22222222-2222-2222-2222-000000000032', 'actual', 'SportovnДӮВӯ 39', 'Hostomice', '463 84', '2020-01-01');
INSERT INTO public.persons (id, organization_id, household_id, role, first_name, last_name, birth_date, custom_fields, gdpr_consent_signed, safety_rating, is_active) VALUES ('44444444-4444-4444-0032-00000000', 'a0e0a0e0-a0e0-a0e0-a0e0-a0e0a0e0a0e0', '11111111-1111-1111-1111-000000000032', 'child', 'KristДӮЛқna', 'PokornДӮЛҮ', '2014-09-25', '{"foster_care_type":"B","avatar_url":"https://images.unsplash.com/photo-1544005313-94ddf0286df2?w=150","hobby":"ModelДӮЛҮД№в„ўstvДӮВӯ","school":"ZД№В  KД№в„ўДӮВӯdlovickДӮЛҮ Brno"}'::jsonb, true, 'A', true);
INSERT INTO public.persons (id, organization_id, household_id, role, first_name, last_name, birth_date, custom_fields, gdpr_consent_signed, safety_rating, is_active) VALUES ('44444444-4444-4444-0032-00000001', 'a0e0a0e0-a0e0-a0e0-a0e0-a0e0a0e0a0e0', '11111111-1111-1111-1111-000000000032', 'child', 'JiД№в„ўДӮВӯ', 'JelДӮВӯnek', '2020-09-19', '{"foster_care_type":"B","avatar_url":"https://images.unsplash.com/photo-1507003211169-0a1dd7228f2d?w=150","hobby":"Skaut","school":"ZД№В  Д№В kolnДӮВӯ Hostomice"}'::jsonb, true, 'A', true);
INSERT INTO public.persons (id, organization_id, household_id, role, first_name, last_name, birth_date, custom_fields, gdpr_consent_signed, safety_rating, is_active) VALUES ('55555555-5555-5555-0032-00000000', 'a0e0a0e0-a0e0-a0e0-a0e0-a0e0a0e0a0e0', '11111111-1111-1111-1111-000000000032', 'social_contact', 'Michal', 'BeneД№ЛҮ', '2013-03-15', '{"avatar_url":"https://images.unsplash.com/photo-1501196354995-cbb51c65aaea?w=150","relationship_to_child":"BiologickДӮЛқ syn"}'::jsonb, true, 'N', true);
INSERT INTO public.persons (id, organization_id, household_id, role, first_name, last_name, birth_date, custom_fields, gdpr_consent_signed, safety_rating, is_active) VALUES ('55555555-5555-5555-0032-00000001', 'a0e0a0e0-a0e0-a0e0-a0e0-a0e0a0e0a0e0', '11111111-1111-1111-1111-000000000032', 'social_contact', 'Pavel', 'BeneД№ЛҮ', '2010-01-27', '{"avatar_url":"https://images.unsplash.com/photo-1519085360753-af0119f7cbe7?w=150","relationship_to_child":"BiologickДӮЛқ syn"}'::jsonb, true, 'N', true);
INSERT INTO public.persons (id, organization_id, household_id, role, first_name, last_name, birth_date, custom_fields, gdpr_consent_signed, safety_rating, is_active) VALUES ('55555555-5555-5555-0032-00000002', 'a0e0a0e0-a0e0-a0e0-a0e0-a0e0a0e0a0e0', '11111111-1111-1111-1111-000000000032', 'social_contact', 'FrantiД№ЛҮek', 'BeneД№ЛҮ', '2021-06-03', '{"avatar_url":"https://images.unsplash.com/photo-1507003211169-0a1dd7228f2d?w=150","relationship_to_child":"BiologickДӮЛқ syn"}'::jsonb, true, 'N', true);
INSERT INTO public.persons (id, organization_id, household_id, role, first_name, last_name, birth_number, phone, gdpr_consent_signed, safety_rating, is_active) VALUES ('66666666-6666-6666-6666-000000000032', 'a0e0a0e0-a0e0-a0e0-a0e0-a0e0a0e0a0e0', '11111111-1111-1111-1111-000000000032', 'bio_parent', 'Radim', 'PokornДӮЛқ', '750704/8093', '+420616757296', true, 'B', true);
INSERT INTO public.events (id, organization_id, household_id, author_id, type, title, payload, occurred_at) VALUES ('77777777-7777-7777-0032-00000000', 'a0e0a0e0-a0e0-a0e0-a0e0-a0e0a0e0a0e0', '11111111-1111-1111-1111-000000000032', 'f1520cd2-38d3-49fc-a40b-e6c4524983c8', 'crisis_event', 'Incident / PoruД№ЛҮenДӮВӯ pravidel', '{"content":"HlДӮЛҮД№ЛҮen drobnДӮЛқ incident v rodinГ„вҖә: neshody ve Д№ЛҮkole ohlednГ„вҖә prospГ„вҖәchu. KlДӮВӯГ„ЕӨovДӮЛҮ osoba naplДӮЛҮnovala spoleГ„ЕӨnДӮВ© jednДӮЛҮnДӮВӯ s tД№в„ўДӮВӯdnДӮВӯm uГ„ЕӨitelem.","summary":"Д№ВҳeД№ЛҮenДӮВӯ studijnДӮВӯch problДӮВ©mД№Е»."}'::jsonb, '2026-06-07 22:27:09+02');
INSERT INTO public.events (id, organization_id, household_id, author_id, type, title, payload, occurred_at) VALUES ('77777777-7777-7777-0032-00000001', 'a0e0a0e0-a0e0-a0e0-a0e0-a0e0a0e0a0e0', '11111111-1111-1111-1111-000000000032', 'f1520cd2-38d3-49fc-a40b-e6c4524983c8', 'crisis_event', 'Incident / PoruД№ЛҮenДӮВӯ pravidel', '{"content":"HlДӮЛҮД№ЛҮen drobnДӮЛқ incident v rodinГ„вҖә: neshody ve Д№ЛҮkole ohlednГ„вҖә prospГ„вҖәchu. KlДӮВӯГ„ЕӨovДӮЛҮ osoba naplДӮЛҮnovala spoleГ„ЕӨnДӮВ© jednДӮЛҮnДӮВӯ s tД№в„ўДӮВӯdnДӮВӯm uГ„ЕӨitelem.","summary":"Д№ВҳeД№ЛҮenДӮВӯ studijnДӮВӯch problДӮВ©mД№Е»."}'::jsonb, '2026-04-08 22:27:09+02');

-- DomДӮЛҮcnost 34: LukДӮЛҮД№ЛҮ NovДӮЛҮk (FF-745-PXF)
INSERT INTO public.households (id, organization_id, branch_id, assigned_ko_id, foster_id, status, notes) VALUES ('11111111-1111-1111-1111-000000000033', 'a0e0a0e0-a0e0-a0e0-a0e0-a0e0a0e0a0e0', 'b0b0b0b0-b0b0-b0b0-b0b0-b0b0b0b0b0b0', 'f1520cd2-38d3-49fc-a40b-e6c4524983c8', 'FF-745-PXF', 'active', 'PГ„вҖәstounskДӮЛҮ rodina: LukДӮЛҮД№ЛҮ NovДӮЛҮk. DoprovДӮЛҮzДӮВӯ Anna MДӮЛҮlkovДӮЛҮ.');
INSERT INTO public.persons (id, organization_id, household_id, role, first_name, last_name, birth_date, custom_fields, is_active) VALUES ('22222222-2222-2222-2222-000000000033', 'a0e0a0e0-a0e0-a0e0-a0e0-a0e0a0e0a0e0', '11111111-1111-1111-1111-000000000033', 'foster_parent', 'LukДӮЛҮД№ЛҮ', 'NovДӮЛҮk', '1981-01-19', '{"profession":"ZahradnДӮВӯk","foster_care_type":"A","avatar_url":"https://images.unsplash.com/photo-1507003211169-0a1dd7228f2d?w=150"}'::jsonb, true);
INSERT INTO public.person_addresses (id, person_id, type, street, city, zip, from_date) VALUES ('33333333-3333-3333-3333-000000000033', '22222222-2222-2222-2222-000000000033', 'actual', 'ДӮЕЎdolnДӮВӯ 93', 'Brno', '206 10', '2020-01-01');
INSERT INTO public.persons (id, organization_id, household_id, role, first_name, last_name, birth_date, custom_fields, gdpr_consent_signed, safety_rating, is_active) VALUES ('44444444-4444-4444-0033-00000000', 'a0e0a0e0-a0e0-a0e0-a0e0-a0e0a0e0a0e0', '11111111-1111-1111-1111-000000000033', 'child', 'KateД№в„ўina', 'KrДӮЛҮlovДӮЛҮ', '2011-04-22', '{"foster_care_type":"A","avatar_url":"https://images.unsplash.com/photo-1438761681033-6461ffad8d80?w=150","hobby":"Д№В achy","school":"ZД№В  Merhautova Brno"}'::jsonb, true, 'C', true);
INSERT INTO public.persons (id, organization_id, household_id, role, first_name, last_name, birth_date, custom_fields, gdpr_consent_signed, safety_rating, is_active) VALUES ('55555555-5555-5555-0033-00000000', 'a0e0a0e0-a0e0-a0e0-a0e0-a0e0a0e0a0e0', '11111111-1111-1111-1111-000000000033', 'social_contact', 'JiД№в„ўДӮВӯ', 'NovДӮЛҮk', '2005-06-13', '{"avatar_url":"https://images.unsplash.com/photo-1492562080023-ab3db95bfbce?w=150","relationship_to_child":"BiologickДӮЛқ syn"}'::jsonb, true, 'N', true);
INSERT INTO public.persons (id, organization_id, household_id, role, first_name, last_name, birth_date, custom_fields, gdpr_consent_signed, safety_rating, is_active) VALUES ('55555555-5555-5555-0033-00000001', 'a0e0a0e0-a0e0-a0e0-a0e0-a0e0a0e0a0e0', '11111111-1111-1111-1111-000000000033', 'social_contact', 'Petr', 'NovДӮЛҮk', '2017-02-25', '{"avatar_url":"https://images.unsplash.com/photo-1492562080023-ab3db95bfbce?w=150","relationship_to_child":"BiologickДӮЛқ syn"}'::jsonb, true, 'N', true);
INSERT INTO public.persons (id, organization_id, household_id, role, first_name, last_name, birth_date, custom_fields, gdpr_consent_signed, safety_rating, is_active) VALUES ('55555555-5555-5555-0033-00000002', 'a0e0a0e0-a0e0-a0e0-a0e0-a0e0a0e0a0e0', '11111111-1111-1111-1111-000000000033', 'social_contact', 'Anna', 'NovДӮЛҮk', '2005-01-02', '{"avatar_url":"https://images.unsplash.com/photo-1534528741775-53994a69daeb?w=150","relationship_to_child":"BiologickДӮЛҮ dcera"}'::jsonb, true, 'N', true);
INSERT INTO public.persons (id, organization_id, household_id, role, first_name, last_name, birth_number, phone, gdpr_consent_signed, safety_rating, is_active) VALUES ('66666666-6666-6666-6666-000000000033', 'a0e0a0e0-a0e0-a0e0-a0e0-a0e0a0e0a0e0', '11111111-1111-1111-1111-000000000033', 'bio_parent', 'Radim', 'HorДӮЛҮk', '910121/8794', '+420690909147', false, 'B', true);
INSERT INTO public.events (id, organization_id, household_id, author_id, type, title, payload, occurred_at) VALUES ('77777777-7777-7777-0033-00000000', 'a0e0a0e0-a0e0-a0e0-a0e0-a0e0a0e0a0e0', '11111111-1111-1111-1111-000000000033', 'f1520cd2-38d3-49fc-a40b-e6c4524983c8', 'regular_visit', 'PravidelnДӮЛҮ pololetnДӮВӯ nДӮЛҮvД№ЛҮtГ„вҖәva', '{"content":"NДӮЛҮvД№ЛҮtГ„вҖәva v rodinГ„вҖә probГ„вҖәhla v poД№в„ўДӮЛҮdku. PГ„вҖәstoun LukДӮЛҮД№ЛҮ NovДӮЛҮk vzornГ„вҖә spolupracuje, dГ„вҖәti se rozvДӮВӯjejДӮВӯ standardnГ„вҖә podle IPOD.","summary":"PololetnДӮВӯ nДӮЛҮvД№ЛҮtГ„вҖәva bez zjiД№ЛҮtГ„вҖәnДӮЛқch nedostatkД№Е»."}'::jsonb, '2026-03-19 22:27:09+02');
INSERT INTO public.events (id, organization_id, household_id, author_id, type, title, payload, occurred_at) VALUES ('77777777-7777-7777-0033-00000001', 'a0e0a0e0-a0e0-a0e0-a0e0-a0e0a0e0a0e0', '11111111-1111-1111-1111-000000000033', 'f1520cd2-38d3-49fc-a40b-e6c4524983c8', 'phone_call', 'TelefonickДӮЛқ kontakt s pГ„вҖәstounem', '{"content":"TelefonickДӮЛқ hovor s pГ„вҖәstounem. ProbДӮВӯrali jsme chovДӮЛҮnДӮВӯ dГ„вҖәtДӮВӯ ve Д№ЛҮkole a plДӮЛҮnovДӮЛҮnДӮВӯ letnДӮВӯch prДӮЛҮzdninovДӮЛқch aktivit.","summary":"TelefonДӮЛҮt ohlednГ„вҖә prДӮЛҮzdnin."}'::jsonb, '2026-03-31 22:27:09+02');

-- DomДӮЛҮcnost 35: Lucie DvoД№в„ўДӮЛҮkovДӮЛҮ (FF-142-NQE)
INSERT INTO public.households (id, organization_id, branch_id, assigned_ko_id, foster_id, status, notes) VALUES ('11111111-1111-1111-1111-000000000034', 'a0e0a0e0-a0e0-a0e0-a0e0-a0e0a0e0a0e0', 'b0b0b0b0-b0b0-b0b0-b0b0-b0b0b0b0b0b0', 'f1520cd2-38d3-49fc-a40b-e6c4524983c8', 'FF-142-NQE', 'active', 'PГ„вҖәstounskДӮЛҮ rodina: Lucie DvoД№в„ўДӮЛҮkovДӮЛҮ. DoprovДӮЛҮzДӮВӯ Anna MДӮЛҮlkovДӮЛҮ.');
INSERT INTO public.persons (id, organization_id, household_id, role, first_name, last_name, birth_date, custom_fields, is_active) VALUES ('22222222-2222-2222-2222-000000000034', 'a0e0a0e0-a0e0-a0e0-a0e0-a0e0a0e0a0e0', '11111111-1111-1111-1111-000000000034', 'foster_parent', 'Lucie', 'DvoД№в„ўДӮЛҮkovДӮЛҮ', '1969-03-13', '{"profession":"Д№ВҳidiГ„ЕӨ","foster_care_type":"B","avatar_url":"https://images.unsplash.com/photo-1517841905240-472988babdf9?w=150"}'::jsonb, true);
INSERT INTO public.person_addresses (id, person_id, type, street, city, zip, from_date) VALUES ('33333333-3333-3333-3333-000000000034', '22222222-2222-2222-2222-000000000034', 'actual', 'ZahradnДӮВӯ 55', 'KuД№в„ўim', '377 90', '2020-01-01');
INSERT INTO public.persons (id, organization_id, household_id, role, first_name, last_name, birth_date, custom_fields, gdpr_consent_signed, safety_rating, is_active) VALUES ('44444444-4444-4444-0034-00000000', 'a0e0a0e0-a0e0-a0e0-a0e0-a0e0a0e0a0e0', '11111111-1111-1111-1111-000000000034', 'child', 'Michal', 'ProchДӮЛҮzka', '2020-06-04', '{"foster_care_type":"B","avatar_url":"https://images.unsplash.com/photo-1507003211169-0a1dd7228f2d?w=150","hobby":"Keramika","school":"ZД№В  Д№В kolnДӮВӯ Hostomice"}'::jsonb, true, 'B', true);
INSERT INTO public.persons (id, organization_id, household_id, role, first_name, last_name, birth_date, custom_fields, gdpr_consent_signed, safety_rating, is_active) VALUES ('55555555-5555-5555-0034-00000000', 'a0e0a0e0-a0e0-a0e0-a0e0-a0e0a0e0a0e0', '11111111-1111-1111-1111-000000000034', 'social_contact', 'Eva', 'DvoД№в„ўДӮЛҮkovДӮЛҮ', '2019-02-08', '{"avatar_url":"https://images.unsplash.com/photo-1544005313-94ddf0286df2?w=150","relationship_to_child":"BiologickДӮЛҮ dcera"}'::jsonb, true, 'N', true);
INSERT INTO public.persons (id, organization_id, household_id, role, first_name, last_name, birth_date, custom_fields, gdpr_consent_signed, safety_rating, is_active) VALUES ('55555555-5555-5555-0034-00000001', 'a0e0a0e0-a0e0-a0e0-a0e0-a0e0a0e0a0e0', '11111111-1111-1111-1111-000000000034', 'social_contact', 'Petr', 'DvoД№в„ўДӮЛҮkovДӮЛҮ', '2010-01-22', '{"avatar_url":"https://images.unsplash.com/photo-1506794778202-cad84cf45f1d?w=150","relationship_to_child":"BiologickДӮЛқ syn"}'::jsonb, true, 'N', true);
INSERT INTO public.persons (id, organization_id, household_id, role, first_name, last_name, birth_date, custom_fields, gdpr_consent_signed, safety_rating, is_active) VALUES ('55555555-5555-5555-0034-00000002', 'a0e0a0e0-a0e0-a0e0-a0e0-a0e0a0e0a0e0', '11111111-1111-1111-1111-000000000034', 'social_contact', 'JiД№в„ўДӮВӯ', 'DvoД№в„ўДӮЛҮkovДӮЛҮ', '2018-08-11', '{"avatar_url":"https://images.unsplash.com/photo-1500648767791-00dcc994a43e?w=150","relationship_to_child":"BiologickДӮЛқ syn"}'::jsonb, true, 'N', true);
INSERT INTO public.persons (id, organization_id, household_id, role, first_name, last_name, birth_number, phone, gdpr_consent_signed, safety_rating, is_active) VALUES ('66666666-6666-6666-6666-000000000034', 'a0e0a0e0-a0e0-a0e0-a0e0-a0e0a0e0a0e0', '11111111-1111-1111-1111-000000000034', 'bio_parent', 'TomДӮЛҮД№ЛҮ', 'Zeman', '981011/8523', '+420665335255', true, 'B', true);
INSERT INTO public.events (id, organization_id, household_id, author_id, type, title, payload, occurred_at) VALUES ('77777777-7777-7777-0034-00000000', 'a0e0a0e0-a0e0-a0e0-a0e0-a0e0a0e0a0e0', '11111111-1111-1111-1111-000000000034', 'f1520cd2-38d3-49fc-a40b-e6c4524983c8', 'crisis_event', 'Incident / PoruД№ЛҮenДӮВӯ pravidel', '{"content":"HlДӮЛҮД№ЛҮen drobnДӮЛқ incident v rodinГ„вҖә: neshody ve Д№ЛҮkole ohlednГ„вҖә prospГ„вҖәchu. KlДӮВӯГ„ЕӨovДӮЛҮ osoba naplДӮЛҮnovala spoleГ„ЕӨnДӮВ© jednДӮЛҮnДӮВӯ s tД№в„ўДӮВӯdnДӮВӯm uГ„ЕӨitelem.","summary":"Д№ВҳeД№ЛҮenДӮВӯ studijnДӮВӯch problДӮВ©mД№Е»."}'::jsonb, '2026-06-04 22:27:09+02');
INSERT INTO public.events (id, organization_id, household_id, author_id, type, title, payload, occurred_at) VALUES ('77777777-7777-7777-0034-00000001', 'a0e0a0e0-a0e0-a0e0-a0e0-a0e0a0e0a0e0', '11111111-1111-1111-1111-000000000034', 'f1520cd2-38d3-49fc-a40b-e6c4524983c8', 'crisis_event', 'Incident / PoruД№ЛҮenДӮВӯ pravidel', '{"content":"HlДӮЛҮД№ЛҮen drobnДӮЛқ incident v rodinГ„вҖә: neshody ve Д№ЛҮkole ohlednГ„вҖә prospГ„вҖәchu. KlДӮВӯГ„ЕӨovДӮЛҮ osoba naplДӮЛҮnovala spoleГ„ЕӨnДӮВ© jednДӮЛҮnДӮВӯ s tД№в„ўДӮВӯdnДӮВӯm uГ„ЕӨitelem.","summary":"Д№ВҳeД№ЛҮenДӮВӯ studijnДӮВӯch problДӮВ©mД№Е»."}'::jsonb, '2026-03-23 22:27:09+02');

-- DomДӮЛҮcnost 36: Petr Г„ЕҡernДӮЛқ (FF-698-RJC)
INSERT INTO public.households (id, organization_id, branch_id, assigned_ko_id, foster_id, status, notes) VALUES ('11111111-1111-1111-1111-000000000035', 'a0e0a0e0-a0e0-a0e0-a0e0-a0e0a0e0a0e0', 'b0b0b0b0-b0b0-b0b0-b0b0-b0b0b0b0b0b0', 'f1520cd2-38d3-49fc-a40b-e6c4524983c8', 'FF-698-RJC', 'active', 'PГ„вҖәstounskДӮЛҮ rodina: Petr Г„ЕҡernДӮЛқ. DoprovДӮЛҮzДӮВӯ Anna MДӮЛҮlkovДӮЛҮ.');
INSERT INTO public.persons (id, organization_id, household_id, role, first_name, last_name, birth_date, custom_fields, is_active) VALUES ('22222222-2222-2222-2222-000000000035', 'a0e0a0e0-a0e0-a0e0-a0e0-a0e0a0e0a0e0', '11111111-1111-1111-1111-000000000035', 'foster_parent', 'Petr', 'Г„ЕҡernДӮЛқ', '1988-12-09', '{"profession":"ZahradnДӮВӯk","foster_care_type":"C","avatar_url":"https://images.unsplash.com/photo-1501196354995-cbb51c65aaea?w=150","relationship_to_child":"strДӮЛқc"}'::jsonb, true);
INSERT INTO public.person_addresses (id, person_id, type, street, city, zip, from_date) VALUES ('33333333-3333-3333-3333-000000000035', '22222222-2222-2222-2222-000000000035', 'actual', 'DlouhДӮЛҮ 88', 'TiД№ЛҮnov', '145 71', '2020-01-01');
INSERT INTO public.persons (id, organization_id, household_id, role, first_name, last_name, birth_date, custom_fields, gdpr_consent_signed, safety_rating, is_active) VALUES ('44444444-4444-4444-0035-00000000', 'a0e0a0e0-a0e0-a0e0-a0e0-a0e0a0e0a0e0', '11111111-1111-1111-1111-000000000035', 'child', 'Jaroslav', 'ProchДӮЛҮzka', '2014-10-10', '{"relationship_to_foster_parent":"synovec","foster_care_type":"C","avatar_url":"https://images.unsplash.com/photo-1507003211169-0a1dd7228f2d?w=150","hobby":"PlavДӮЛҮnДӮВӯ","school":"ZД№В  Д№В kolnДӮВӯ Hostomice"}'::jsonb, true, 'B', true);
INSERT INTO public.persons (id, organization_id, household_id, role, first_name, last_name, birth_date, custom_fields, gdpr_consent_signed, safety_rating, is_active) VALUES ('44444444-4444-4444-0035-00000001', 'a0e0a0e0-a0e0-a0e0-a0e0-a0e0a0e0a0e0', '11111111-1111-1111-1111-000000000035', 'child', 'Barbora', 'SedlДӮЛҮГ„ЕӨkovДӮЛҮ', '2021-10-10', '{"relationship_to_foster_parent":"neteД№в„ў","foster_care_type":"C","avatar_url":"https://images.unsplash.com/photo-1494790108377-be9c29b29330?w=150","hobby":"Cyklistika","school":"GymnДӮЛҮzium Elgartova Brno"}'::jsonb, true, 'A', true);
INSERT INTO public.persons (id, organization_id, household_id, role, first_name, last_name, birth_date, custom_fields, gdpr_consent_signed, safety_rating, is_active) VALUES ('55555555-5555-5555-0035-00000000', 'a0e0a0e0-a0e0-a0e0-a0e0-a0e0a0e0a0e0', '11111111-1111-1111-1111-000000000035', 'social_contact', 'David', 'Г„ЕҡernДӮЛқ', '2022-12-07', '{"avatar_url":"https://images.unsplash.com/photo-1506794778202-cad84cf45f1d?w=150","relationship_to_child":"BiologickДӮЛқ syn"}'::jsonb, true, 'N', true);
INSERT INTO public.persons (id, organization_id, household_id, role, first_name, last_name, birth_date, custom_fields, gdpr_consent_signed, safety_rating, is_active) VALUES ('55555555-5555-5555-0035-00000001', 'a0e0a0e0-a0e0-a0e0-a0e0-a0e0a0e0a0e0', '11111111-1111-1111-1111-000000000035', 'social_contact', 'JiД№в„ўДӮВӯ', 'Г„ЕҡernДӮЛқ', '2015-08-28', '{"avatar_url":"https://images.unsplash.com/photo-1492562080023-ab3db95bfbce?w=150","relationship_to_child":"BiologickДӮЛқ syn"}'::jsonb, true, 'N', true);
INSERT INTO public.persons (id, organization_id, household_id, role, first_name, last_name, birth_date, custom_fields, gdpr_consent_signed, safety_rating, is_active) VALUES ('55555555-5555-5555-0035-00000002', 'a0e0a0e0-a0e0-a0e0-a0e0-a0e0a0e0a0e0', '11111111-1111-1111-1111-000000000035', 'social_contact', 'Jaroslav', 'Г„ЕҡernДӮЛқ', '2011-04-07', '{"avatar_url":"https://images.unsplash.com/photo-1500648767791-00dcc994a43e?w=150","relationship_to_child":"BiologickДӮЛқ syn"}'::jsonb, true, 'N', true);
INSERT INTO public.persons (id, organization_id, household_id, role, first_name, last_name, birth_number, phone, gdpr_consent_signed, safety_rating, is_active) VALUES ('66666666-6666-6666-6666-000000000035', 'a0e0a0e0-a0e0-a0e0-a0e0-a0e0a0e0a0e0', '11111111-1111-1111-1111-000000000035', 'bio_parent', 'OndД№в„ўej', 'Zeman', '941126/2481', '+420757423865', false, 'C', true);
INSERT INTO public.events (id, organization_id, household_id, author_id, type, title, payload, occurred_at) VALUES ('77777777-7777-7777-0035-00000000', 'a0e0a0e0-a0e0-a0e0-a0e0-a0e0a0e0a0e0', '11111111-1111-1111-1111-000000000035', 'f1520cd2-38d3-49fc-a40b-e6c4524983c8', 'phone_call', 'TelefonickДӮЛқ kontakt s pГ„вҖәstounem', '{"content":"TelefonickДӮЛқ hovor s pГ„вҖәstounem. ProbДӮВӯrali jsme chovДӮЛҮnДӮВӯ dГ„вҖәtДӮВӯ ve Д№ЛҮkole a plДӮЛҮnovДӮЛҮnДӮВӯ letnДӮВӯch prДӮЛҮzdninovДӮЛқch aktivit.","summary":"TelefonДӮЛҮt ohlednГ„вҖә prДӮЛҮzdnin."}'::jsonb, '2026-05-06 22:27:09+02');

-- DomДӮЛҮcnost 37: Jaroslav DvoД№в„ўДӮЛҮk (FF-551-HJH)
INSERT INTO public.households (id, organization_id, branch_id, assigned_ko_id, foster_id, status, notes) VALUES ('11111111-1111-1111-1111-000000000036', 'a0e0a0e0-a0e0-a0e0-a0e0-a0e0a0e0a0e0', 'b0b0b0b0-b0b0-b0b0-b0b0-b0b0b0b0b0b0', 'f1520cd2-38d3-49fc-a40b-e6c4524983c8', 'FF-551-HJH', 'active', 'PГ„вҖәstounskДӮЛҮ rodina: Jaroslav DvoД№в„ўДӮЛҮk. DoprovДӮЛҮzДӮВӯ Anna MДӮЛҮlkovДӮЛҮ.');
INSERT INTO public.persons (id, organization_id, household_id, role, first_name, last_name, birth_date, custom_fields, is_active) VALUES ('22222222-2222-2222-2222-000000000036', 'a0e0a0e0-a0e0-a0e0-a0e0-a0e0a0e0a0e0', '11111111-1111-1111-1111-000000000036', 'foster_parent', 'Jaroslav', 'DvoД№в„ўДӮЛҮk', '1982-10-08', '{"profession":"Podnikatel","foster_care_type":"C","avatar_url":"https://images.unsplash.com/photo-1501196354995-cbb51c65aaea?w=150","relationship_to_child":"strДӮЛқc"}'::jsonb, true);
INSERT INTO public.person_addresses (id, person_id, type, street, city, zip, from_date) VALUES ('33333333-3333-3333-3333-000000000036', '22222222-2222-2222-2222-000000000036', 'actual', 'NДӮЛҮdraД№ДҫnДӮВӯ 141', 'VyД№ЛҮkov', '578 61', '2020-01-01');
INSERT INTO public.persons (id, organization_id, household_id, role, first_name, last_name, birth_date, custom_fields, gdpr_consent_signed, safety_rating, is_active) VALUES ('44444444-4444-4444-0036-00000000', 'a0e0a0e0-a0e0-a0e0-a0e0-a0e0a0e0a0e0', '11111111-1111-1111-1111-000000000036', 'child', 'Barbora', 'ZemanovДӮЛҮ', '2021-05-07', '{"relationship_to_foster_parent":"neteД№в„ў","foster_care_type":"C","avatar_url":"https://images.unsplash.com/photo-1544005313-94ddf0286df2?w=150","hobby":"ModelДӮЛҮД№в„ўstvДӮВӯ","school":"ZД№В  NДӮЛҮdraД№ДҫnДӮВӯ VyД№ЛҮkov"}'::jsonb, true, 'A', true);
INSERT INTO public.persons (id, organization_id, household_id, role, first_name, last_name, birth_date, custom_fields, gdpr_consent_signed, safety_rating, is_active) VALUES ('55555555-5555-5555-0036-00000000', 'a0e0a0e0-a0e0-a0e0-a0e0-a0e0a0e0a0e0', '11111111-1111-1111-1111-000000000036', 'social_contact', 'David', 'DvoД№в„ўДӮЛҮk', '2022-02-01', '{"avatar_url":"https://images.unsplash.com/photo-1519085360753-af0119f7cbe7?w=150","relationship_to_child":"BiologickДӮЛқ syn"}'::jsonb, true, 'N', true);
INSERT INTO public.persons (id, organization_id, household_id, role, first_name, last_name, birth_date, custom_fields, gdpr_consent_signed, safety_rating, is_active) VALUES ('55555555-5555-5555-0036-00000001', 'a0e0a0e0-a0e0-a0e0-a0e0-a0e0a0e0a0e0', '11111111-1111-1111-1111-000000000036', 'social_contact', 'Filip', 'DvoД№в„ўДӮЛҮk', '2008-05-09', '{"avatar_url":"https://images.unsplash.com/photo-1501196354995-cbb51c65aaea?w=150","relationship_to_child":"BiologickДӮЛқ syn"}'::jsonb, true, 'N', true);
INSERT INTO public.persons (id, organization_id, household_id, role, first_name, last_name, birth_number, phone, gdpr_consent_signed, safety_rating, is_active) VALUES ('66666666-6666-6666-6666-000000000036', 'a0e0a0e0-a0e0-a0e0-a0e0-a0e0a0e0a0e0', '11111111-1111-1111-1111-000000000036', 'bio_parent', 'Jana', 'JelДӮВӯnkovДӮЛҮ', '771007/2986', '+420768549740', true, 'Z', true);
INSERT INTO public.events (id, organization_id, household_id, author_id, type, title, payload, occurred_at) VALUES ('77777777-7777-7777-0036-00000000', 'a0e0a0e0-a0e0-a0e0-a0e0-a0e0a0e0a0e0', '11111111-1111-1111-1111-000000000036', 'f1520cd2-38d3-49fc-a40b-e6c4524983c8', 'crisis_event', 'Pokus o kontakt biologickДӮВ©ho otce', '{"content":"BiologickДӮЛқ rodiГ„ЕӨ Jana JelДӮВӯnkovДӮЛҮ se pokusil kontaktovat dДӮВӯtГ„вҖә navzdory soudnДӮВӯД№ЛҮemu zДӮЛҮkazu styku. PГ„вҖәstoun okamД№ДҫitГ„вҖә kontaktoval naД№ЛҮi klДӮВӯГ„ЕӨovou osobu. Incident hlДӮЛҮД№ЛҮen na OSPOD.","summary":"PoruД№ЛҮenДӮВӯ zДӮЛҮkazu styku biologickДӮЛқm rodiГ„ЕӨem."}'::jsonb, '2026-04-04 22:27:09+02');
INSERT INTO public.events (id, organization_id, household_id, author_id, type, title, payload, occurred_at) VALUES ('77777777-7777-7777-0036-00000001', 'a0e0a0e0-a0e0-a0e0-a0e0-a0e0a0e0a0e0', '11111111-1111-1111-1111-000000000036', 'f1520cd2-38d3-49fc-a40b-e6c4524983c8', 'crisis_event', 'Pokus o kontakt biologickДӮВ©ho otce', '{"content":"BiologickДӮЛқ rodiГ„ЕӨ Jana JelДӮВӯnkovДӮЛҮ se pokusil kontaktovat dДӮВӯtГ„вҖә navzdory soudnДӮВӯД№ЛҮemu zДӮЛҮkazu styku. PГ„вҖәstoun okamД№ДҫitГ„вҖә kontaktoval naД№ЛҮi klДӮВӯГ„ЕӨovou osobu. Incident hlДӮЛҮД№ЛҮen na OSPOD.","summary":"PoruД№ЛҮenДӮВӯ zДӮЛҮkazu styku biologickДӮЛқm rodiГ„ЕӨem."}'::jsonb, '2026-04-20 22:27:09+02');

-- DomДӮЛҮcnost 38: OndД№в„ўej KrДӮЛҮl (FF-680-LXV)
INSERT INTO public.households (id, organization_id, branch_id, assigned_ko_id, foster_id, status, notes) VALUES ('11111111-1111-1111-1111-000000000037', 'a0e0a0e0-a0e0-a0e0-a0e0-a0e0a0e0a0e0', 'b0b0b0b0-b0b0-b0b0-b0b0-b0b0b0b0b0b0', 'f1520cd2-38d3-49fc-a40b-e6c4524983c8', 'FF-680-LXV', 'active', 'PГ„вҖәstounskДӮЛҮ rodina: OndД№в„ўej KrДӮЛҮl. DoprovДӮЛҮzДӮВӯ Anna MДӮЛҮlkovДӮЛҮ.');
INSERT INTO public.persons (id, organization_id, household_id, role, first_name, last_name, birth_date, custom_fields, is_active) VALUES ('22222222-2222-2222-2222-000000000037', 'a0e0a0e0-a0e0-a0e0-a0e0-a0e0a0e0a0e0', '11111111-1111-1111-1111-000000000037', 'foster_parent', 'OndД№в„ўej', 'KrДӮЛҮl', '1979-03-21', '{"profession":"StavebnДӮВӯ inД№ДҫenДӮЛқr","foster_care_type":"A","avatar_url":"https://images.unsplash.com/photo-1507003211169-0a1dd7228f2d?w=150"}'::jsonb, true);
INSERT INTO public.person_addresses (id, person_id, type, street, city, zip, from_date) VALUES ('33333333-3333-3333-3333-000000000037', '22222222-2222-2222-2222-000000000037', 'actual', 'Д№В kolnДӮВӯ 103', 'Hostomice', '497 77', '2020-01-01');
INSERT INTO public.persons (id, organization_id, household_id, role, first_name, last_name, birth_date, custom_fields, gdpr_consent_signed, safety_rating, is_active) VALUES ('44444444-4444-4444-0037-00000000', 'a0e0a0e0-a0e0-a0e0-a0e0-a0e0a0e0a0e0', '11111111-1111-1111-1111-000000000037', 'child', 'AleД№ЛҮ', 'Marek', '2015-05-03', '{"foster_care_type":"A","avatar_url":"https://images.unsplash.com/photo-1500648767791-00dcc994a43e?w=150","hobby":"PlavДӮЛҮnДӮВӯ","school":"ZД№В  NДӮЛҮdraД№ДҫnДӮВӯ VyД№ЛҮkov"}'::jsonb, true, 'B', true);
INSERT INTO public.persons (id, organization_id, household_id, role, first_name, last_name, birth_date, custom_fields, gdpr_consent_signed, safety_rating, is_active) VALUES ('44444444-4444-4444-0037-00000001', 'a0e0a0e0-a0e0-a0e0-a0e0-a0e0a0e0a0e0', '11111111-1111-1111-1111-000000000037', 'child', 'VГ„вҖәra', 'NovotnДӮЛҮ', '2019-12-05', '{"foster_care_type":"A","avatar_url":"https://images.unsplash.com/photo-1544005313-94ddf0286df2?w=150","hobby":"Д№В achy","school":"ZД№В  Д№В kolnДӮВӯ Hostomice"}'::jsonb, true, 'C', true);
INSERT INTO public.persons (id, organization_id, household_id, role, first_name, last_name, birth_date, custom_fields, gdpr_consent_signed, safety_rating, is_active) VALUES ('55555555-5555-5555-0037-00000000', 'a0e0a0e0-a0e0-a0e0-a0e0-a0e0a0e0a0e0', '11111111-1111-1111-1111-000000000037', 'social_contact', 'Jan', 'KrДӮЛҮl', '2013-01-03', '{"avatar_url":"https://images.unsplash.com/photo-1519085360753-af0119f7cbe7?w=150","relationship_to_child":"BiologickДӮЛқ syn"}'::jsonb, true, 'N', true);
INSERT INTO public.persons (id, organization_id, household_id, role, first_name, last_name, birth_number, phone, gdpr_consent_signed, safety_rating, is_active) VALUES ('66666666-6666-6666-6666-000000000037', 'a0e0a0e0-a0e0-a0e0-a0e0-a0e0a0e0a0e0', '11111111-1111-1111-1111-000000000037', 'bio_parent', 'EliД№ЛҮka', 'SedlДӮЛҮГ„ЕӨkovДӮЛҮ', '941022/3356', '+420680311539', false, 'Z', true);
INSERT INTO public.events (id, organization_id, household_id, author_id, type, title, payload, occurred_at) VALUES ('77777777-7777-7777-0037-00000000', 'a0e0a0e0-a0e0-a0e0-a0e0-a0e0a0e0a0e0', '11111111-1111-1111-1111-000000000037', 'f1520cd2-38d3-49fc-a40b-e6c4524983c8', 'crisis_event', 'Pokus o kontakt biologickДӮВ©ho otce', '{"content":"BiologickДӮЛқ rodiГ„ЕӨ EliД№ЛҮka SedlДӮЛҮГ„ЕӨkovДӮЛҮ se pokusil kontaktovat dДӮВӯtГ„вҖә navzdory soudnДӮВӯД№ЛҮemu zДӮЛҮkazu styku. PГ„вҖәstoun okamД№ДҫitГ„вҖә kontaktoval naД№ЛҮi klДӮВӯГ„ЕӨovou osobu. Incident hlДӮЛҮД№ЛҮen na OSPOD.","summary":"PoruД№ЛҮenДӮВӯ zДӮЛҮkazu styku biologickДӮЛқm rodiГ„ЕӨem."}'::jsonb, '2026-03-25 22:27:09+02');
INSERT INTO public.events (id, organization_id, household_id, author_id, type, title, payload, occurred_at) VALUES ('77777777-7777-7777-0037-00000001', 'a0e0a0e0-a0e0-a0e0-a0e0-a0e0a0e0a0e0', '11111111-1111-1111-1111-000000000037', 'f1520cd2-38d3-49fc-a40b-e6c4524983c8', 'crisis_event', 'Pokus o kontakt biologickДӮВ©ho otce', '{"content":"BiologickДӮЛқ rodiГ„ЕӨ EliД№ЛҮka SedlДӮЛҮГ„ЕӨkovДӮЛҮ se pokusil kontaktovat dДӮВӯtГ„вҖә navzdory soudnДӮВӯД№ЛҮemu zДӮЛҮkazu styku. PГ„вҖәstoun okamД№ДҫitГ„вҖә kontaktoval naД№ЛҮi klДӮВӯГ„ЕӨovou osobu. Incident hlДӮЛҮД№ЛҮen na OSPOD.","summary":"PoruД№ЛҮenДӮВӯ zДӮЛҮkazu styku biologickДӮЛқm rodiГ„ЕӨem."}'::jsonb, '2026-03-23 22:27:09+02');

-- DomДӮЛҮcnost 39: Jana KuГ„ЕӨerovДӮЛҮ (FF-667-LLS)
INSERT INTO public.households (id, organization_id, branch_id, assigned_ko_id, foster_id, status, notes) VALUES ('11111111-1111-1111-1111-000000000038', 'a0e0a0e0-a0e0-a0e0-a0e0-a0e0a0e0a0e0', 'b0b0b0b0-b0b0-b0b0-b0b0-b0b0b0b0b0b0', 'f1520cd2-38d3-49fc-a40b-e6c4524983c8', 'FF-667-LLS', 'active', 'PГ„вҖәstounskДӮЛҮ rodina: Jana KuГ„ЕӨerovДӮЛҮ. DoprovДӮЛҮzДӮВӯ Anna MДӮЛҮlkovДӮЛҮ.');
INSERT INTO public.persons (id, organization_id, household_id, role, first_name, last_name, birth_date, custom_fields, is_active) VALUES ('22222222-2222-2222-2222-000000000038', 'a0e0a0e0-a0e0-a0e0-a0e0-a0e0a0e0a0e0', '11111111-1111-1111-1111-000000000038', 'foster_parent', 'Jana', 'KuГ„ЕӨerovДӮЛҮ', '1991-03-09', '{"profession":"Д№ВҳidiГ„ЕӨ","foster_care_type":"A","avatar_url":"https://images.unsplash.com/photo-1534528741775-53994a69daeb?w=150"}'::jsonb, true);
INSERT INTO public.person_addresses (id, person_id, type, street, city, zip, from_date) VALUES ('33333333-3333-3333-3333-000000000038', '22222222-2222-2222-2222-000000000038', 'actual', 'KoneГ„ЕӨnДӮВ©ho nДӮЛҮmГ„вҖәstДӮВӯ 67', 'Hostomice', '545 62', '2020-01-01');
INSERT INTO public.persons (id, organization_id, household_id, role, first_name, last_name, birth_date, custom_fields, gdpr_consent_signed, safety_rating, is_active) VALUES ('44444444-4444-4444-0038-00000000', 'a0e0a0e0-a0e0-a0e0-a0e0-a0e0a0e0a0e0', '11111111-1111-1111-1111-000000000038', 'child', 'Alena', 'KolДӮЛҮД№в„ўovДӮЛҮ', '2020-01-04', '{"foster_care_type":"A","avatar_url":"https://images.unsplash.com/photo-1517841905240-472988babdf9?w=150","hobby":"Keramika","school":"ZД№В  KД№в„ўДӮВӯdlovickДӮЛҮ Brno"}'::jsonb, true, 'A', true);
INSERT INTO public.persons (id, organization_id, household_id, role, first_name, last_name, birth_date, custom_fields, gdpr_consent_signed, safety_rating, is_active) VALUES ('44444444-4444-4444-0038-00000001', 'a0e0a0e0-a0e0-a0e0-a0e0-a0e0a0e0a0e0', '11111111-1111-1111-1111-000000000038', 'child', 'Petr', 'Svoboda', '2015-05-18', '{"foster_care_type":"A","avatar_url":"https://images.unsplash.com/photo-1507003211169-0a1dd7228f2d?w=150","hobby":"PlavДӮЛҮnДӮВӯ","school":"ZД№В  NДӮЛҮdraД№ДҫnДӮВӯ VyД№ЛҮkov"}'::jsonb, true, 'A', true);
INSERT INTO public.persons (id, organization_id, household_id, role, first_name, last_name, birth_date, custom_fields, gdpr_consent_signed, safety_rating, is_active) VALUES ('55555555-5555-5555-0038-00000000', 'a0e0a0e0-a0e0-a0e0-a0e0-a0e0a0e0a0e0', '11111111-1111-1111-1111-000000000038', 'social_contact', 'OndД№в„ўej', 'KuГ„ЕӨerovДӮЛҮ', '2019-09-25', '{"avatar_url":"https://images.unsplash.com/photo-1492562080023-ab3db95bfbce?w=150","relationship_to_child":"BiologickДӮЛқ syn"}'::jsonb, true, 'N', true);
INSERT INTO public.persons (id, organization_id, household_id, role, first_name, last_name, birth_date, custom_fields, gdpr_consent_signed, safety_rating, is_active) VALUES ('55555555-5555-5555-0038-00000001', 'a0e0a0e0-a0e0-a0e0-a0e0-a0e0a0e0a0e0', '11111111-1111-1111-1111-000000000038', 'social_contact', 'KateД№в„ўina', 'KuГ„ЕӨerovДӮЛҮ', '2016-12-05', '{"avatar_url":"https://images.unsplash.com/photo-1544005313-94ddf0286df2?w=150","relationship_to_child":"BiologickДӮЛҮ dcera"}'::jsonb, true, 'N', true);
INSERT INTO public.persons (id, organization_id, household_id, role, first_name, last_name, birth_number, phone, gdpr_consent_signed, safety_rating, is_active) VALUES ('66666666-6666-6666-6666-000000000038', 'a0e0a0e0-a0e0-a0e0-a0e0-a0e0a0e0a0e0', '11111111-1111-1111-1111-000000000038', 'bio_parent', 'Josef', 'BeneД№ЛҮ', '850316/8220', '+420727540526', false, 'C', true);
INSERT INTO public.events (id, organization_id, household_id, author_id, type, title, payload, occurred_at) VALUES ('77777777-7777-7777-0038-00000000', 'a0e0a0e0-a0e0-a0e0-a0e0-a0e0a0e0a0e0', '11111111-1111-1111-1111-000000000038', 'f1520cd2-38d3-49fc-a40b-e6c4524983c8', 'regular_visit', 'PravidelnДӮЛҮ pololetnДӮВӯ nДӮЛҮvД№ЛҮtГ„вҖәva', '{"content":"NДӮЛҮvД№ЛҮtГ„вҖәva v rodinГ„вҖә probГ„вҖәhla v poД№в„ўДӮЛҮdku. PГ„вҖәstoun Jana KuГ„ЕӨerovДӮЛҮ vzornГ„вҖә spolupracuje, dГ„вҖәti se rozvДӮВӯjejДӮВӯ standardnГ„вҖә podle IPOD.","summary":"PololetnДӮВӯ nДӮЛҮvД№ЛҮtГ„вҖәva bez zjiД№ЛҮtГ„вҖәnДӮЛқch nedostatkД№Е»."}'::jsonb, '2026-03-27 22:27:09+02');

-- DomДӮЛҮcnost 40: Jana BeneД№ЛҮovДӮЛҮ (FF-427-CUJ)
INSERT INTO public.households (id, organization_id, branch_id, assigned_ko_id, foster_id, status, notes) VALUES ('11111111-1111-1111-1111-000000000039', 'a0e0a0e0-a0e0-a0e0-a0e0-a0e0a0e0a0e0', 'b0b0b0b0-b0b0-b0b0-b0b0-b0b0b0b0b0b0', 'f1520cd2-38d3-49fc-a40b-e6c4524983c8', 'FF-427-CUJ', 'active', 'PГ„вҖәstounskДӮЛҮ rodina: Jana BeneД№ЛҮovДӮЛҮ. DoprovДӮЛҮzДӮВӯ Anna MДӮЛҮlkovДӮЛҮ.');
INSERT INTO public.persons (id, organization_id, household_id, role, first_name, last_name, birth_date, custom_fields, is_active) VALUES ('22222222-2222-2222-2222-000000000039', 'a0e0a0e0-a0e0-a0e0-a0e0-a0e0a0e0a0e0', '11111111-1111-1111-1111-000000000039', 'foster_parent', 'Jana', 'BeneД№ЛҮovДӮЛҮ', '1967-11-01', '{"profession":"DД№Е»chodce","foster_care_type":"A","avatar_url":"https://images.unsplash.com/photo-1438761681033-6461ffad8d80?w=150"}'::jsonb, true);
INSERT INTO public.person_addresses (id, person_id, type, street, city, zip, from_date) VALUES ('33333333-3333-3333-3333-000000000039', '22222222-2222-2222-2222-000000000039', 'actual', 'DlouhДӮЛҮ 46', 'Brno', '312 93', '2020-01-01');
INSERT INTO public.persons (id, organization_id, household_id, role, first_name, last_name, birth_date, custom_fields, gdpr_consent_signed, safety_rating, is_active) VALUES ('44444444-4444-4444-0039-00000000', 'a0e0a0e0-a0e0-a0e0-a0e0-a0e0a0e0a0e0', '11111111-1111-1111-1111-000000000039', 'child', 'Lucie', 'RД№Е»Д№ДҫiГ„ЕӨkovДӮЛҮ', '2015-05-05', '{"foster_care_type":"A","avatar_url":"https://images.unsplash.com/photo-1488426862026-3ee34a7d66df?w=150","hobby":"Д№В achy","school":"ZД№В  NДӮЛҮdraД№ДҫnДӮВӯ VyД№ЛҮkov"}'::jsonb, true, 'A', true);
INSERT INTO public.persons (id, organization_id, household_id, role, first_name, last_name, birth_date, custom_fields, gdpr_consent_signed, safety_rating, is_active) VALUES ('44444444-4444-4444-0039-00000001', 'a0e0a0e0-a0e0-a0e0-a0e0-a0e0a0e0a0e0', '11111111-1111-1111-1111-000000000039', 'child', 'Josef', 'Svoboda', '2016-04-24', '{"foster_care_type":"A","avatar_url":"https://images.unsplash.com/photo-1507003211169-0a1dd7228f2d?w=150","hobby":"PlavДӮЛҮnДӮВӯ","school":"ZД№В  Merhautova Brno"}'::jsonb, true, 'A', true);
INSERT INTO public.persons (id, organization_id, household_id, role, first_name, last_name, birth_date, custom_fields, gdpr_consent_signed, safety_rating, is_active) VALUES ('55555555-5555-5555-0039-00000000', 'a0e0a0e0-a0e0-a0e0-a0e0-a0e0a0e0a0e0', '11111111-1111-1111-1111-000000000039', 'social_contact', 'Jan', 'BeneД№ЛҮovДӮЛҮ', '2011-03-24', '{"avatar_url":"https://images.unsplash.com/photo-1519085360753-af0119f7cbe7?w=150","relationship_to_child":"BiologickДӮЛқ syn"}'::jsonb, true, 'N', true);
INSERT INTO public.persons (id, organization_id, household_id, role, first_name, last_name, birth_number, phone, gdpr_consent_signed, safety_rating, is_active) VALUES ('66666666-6666-6666-6666-000000000039', 'a0e0a0e0-a0e0-a0e0-a0e0-a0e0a0e0a0e0', '11111111-1111-1111-1111-000000000039', 'bio_parent', 'Josef', 'Zeman', '950818/9877', '+420771892350', false, 'Z', true);
INSERT INTO public.events (id, organization_id, household_id, author_id, type, title, payload, occurred_at) VALUES ('77777777-7777-7777-0039-00000000', 'a0e0a0e0-a0e0-a0e0-a0e0-a0e0a0e0a0e0', '11111111-1111-1111-1111-000000000039', 'f1520cd2-38d3-49fc-a40b-e6c4524983c8', 'crisis_event', 'Pokus o kontakt biologickДӮВ©ho otce', '{"content":"BiologickДӮЛқ rodiГ„ЕӨ Josef Zeman se pokusil kontaktovat dДӮВӯtГ„вҖә navzdory soudnДӮВӯД№ЛҮemu zДӮЛҮkazu styku. PГ„вҖәstoun okamД№ДҫitГ„вҖә kontaktoval naД№ЛҮi klДӮВӯГ„ЕӨovou osobu. Incident hlДӮЛҮД№ЛҮen na OSPOD.","summary":"PoruД№ЛҮenДӮВӯ zДӮЛҮkazu styku biologickДӮЛқm rodiГ„ЕӨem."}'::jsonb, '2026-06-08 22:27:09+02');

